date,description,amount,transaction_type,Category,Label,year,month,day,day_of_week,year_month,base_category,cluster_id,is_anomaly,anomaly_score
2025-03-09,Netflix.com,56.09,Debit,Entertainment,Normal,2025,3,9,6,2025-03,Entertainment,4,False,-0.5436663376419157
2025-01-10,UBER TRIP 284922 CA,16.63,Debit,Transport,Normal,2025,1,10,4,2025-01,Transport,0,False,-0.5198026068769606
2025-02-25,CINEMA CITY,38.5,Debit,Entertainment,Normal,2025,2,25,1,2025-02,Other,2,False,-0.4325021394032356
2025-01-01,ACH DEPOSIT SALARY,3500.0,Credit,Income,Recurring,2025,1,1,2,2025-01,Income,3,True,-0.7365577607413828
2025-01-12,STEAM PURCHASE,78.44,Debit,Entertainment,Normal,2025,1,12,6,2025-01,Other,0,False,-0.524963463066548
2025-02-13,H&M STORE 42,84.0,Debit,Shopping,Normal,2025,2,13,3,2025-02,Shopping,0,False,-0.45031646111715995
2025-01-17,ELECTRIC BILL,49.2,Debit,Utilities,Normal,2025,1,17,4,2025-01,Utilities,0,False,-0.5271513126525955
2025-02-27,LOCAL GROCERY MART,89.15,Debit,Groceries,Normal,2025,2,27,3,2025-02,Other,0,False,-0.43435483321444324
2025-03-27,Starbucks Store 0032,21.29,Debit,Food,Normal,2025,3,27,3,2025-03,Food,4,False,-0.5002229180328732
2025-01-19,McDonalds #8492,35.1,Debit,Food,Normal,2025,1,19,6,2025-01,Food,4,False,-0.5739392733314712
2025-03-19,PAYPAL *SPOTIFY,59.1,Debit,Entertainment,Normal,2025,3,19,2,2025-03,Entertainment,4,False,-0.517119634215873
2025-02-18,GAS COMPANY,170.6,Debit,Utilities,Normal,2025,2,18,1,2025-02,Other,2,False,-0.4922815495026191
2025-02-07,LYFT RIDE PGH,26.77,Debit,Transport,Normal,2025,2,7,4,2025-02,Transport,1,False,-0.47962487049420244
2025-02-26,STEAM PURCHASE,45.73,Debit,Entertainment,Normal,2025,2,26,2,2025-02,Other,2,False,-0.42632600261395465
2025-02-13,AMAZON MKTP US*2R9,127.72,Debit,Shopping,Normal,2025,2,13,3,2025-02,Shopping,0,False,-0.44642770183603253
2025-03-09,WM SUPERCENTER #382,118.21,Debit,Groceries,Normal,2025,3,9,6,2025-03,Other,1,False,-0.5133265923929257
2025-03-29,CINEMA CITY,51.93,Debit,Entertainment,Normal,2025,3,29,5,2025-03,Other,1,False,-0.44676681880801167
2025-03-13,ZARA MALL 09,193.64,Debit,Shopping,Normal,2025,3,13,3,2025-03,Shopping,2,False,-0.5079338812169518
2025-02-03,ELECTRIC BILL,142.16,Debit,Utilities,Normal,2025,2,3,0,2025-02,Utilities,2,False,-0.5426068022304344
2025-03-11,Netflix.com,50.52,Debit,Entertainment,Normal,2025,3,11,1,2025-03,Entertainment,4,False,-0.5058452965488701
2025-01-25,Local Diner,9.18,Debit,Food,Normal,2025,1,25,5,2025-01,Food,4,False,-0.5578239519153958
2025-01-24,APPLE STORE #R1234,120.25,Debit,Shopping,Normal,2025,1,24,4,2025-01,Shopping,0,False,-0.4897021560169065
2025-02-12,PAYPAL *SPOTIFY,17.91,Debit,Entertainment,Normal,2025,2,12,2,2025-02,Entertainment,4,False,-0.5104361246056489
2025-03-03,GAS COMPANY,100.98,Debit,Utilities,Normal,2025,3,3,0,2025-03,Other,2,False,-0.5036965736775838
2025-02-24,McDonalds #8492,11.16,Debit,Food,Normal,2025,2,24,0,2025-02,Food,4,False,-0.5327691582321669
2025-02-10,PAYPAL *SPOTIFY,39.66,Debit,Entertainment,Normal,2025,2,10,0,2025-02,Entertainment,4,False,-0.5097208103969617
2025-01-16,INTERNET CHARGES,148.5,Debit,Utilities,Normal,2025,1,16,3,2025-01,Utilities,0,False,-0.5449669255513596
2025-03-19,SHELL STATION #221,58.11,Debit,Transport,Normal,2025,3,19,2,2025-03,Other,2,False,-0.43109474550733085
2025-03-31,LOCAL GROCERY MART,106.15,Debit,Groceries,Normal,2025,3,31,0,2025-03,Other,2,False,-0.504574297041264
2025-01-11,CINEMA CITY,69.37,Debit,Entertainment,Normal,2025,1,11,5,2025-01,Other,0,False,-0.48230165434552263
2025-02-12,LOCAL GROCERY MART,133.04,Debit,Groceries,Normal,2025,2,12,2,2025-02,Other,2,False,-0.4524296271666403
2025-03-22,LYFT RIDE PGH,21.76,Debit,Transport,Normal,2025,3,22,5,2025-03,Transport,1,False,-0.508557761621001
2025-01-13,ELECTRIC BILL,115.27,Debit,Utilities,Normal,2025,1,13,0,2025-01,Utilities,0,False,-0.5651049613979515
2025-03-07,WATER BILL,166.83,Debit,Utilities,Normal,2025,3,7,4,2025-03,Utilities,1,False,-0.5523038797701613
2025-02-11,GAS COMPANY,113.57,Debit,Utilities,Normal,2025,2,11,1,2025-02,Other,2,False,-0.4527159505659831
2025-02-25,UBER TRIP 284922 CA,57.21,Debit,Transport,Normal,2025,2,25,1,2025-02,Transport,2,False,-0.47993154893889
2025-02-26,ELECTRIC BILL,135.24,Debit,Utilities,Normal,2025,2,26,2,2025-02,Utilities,2,False,-0.49896318726922756
2025-01-07,PAYPAL *SPOTIFY,18.74,Debit,Entertainment,Normal,2025,1,7,1,2025-01,Entertainment,4,False,-0.570174395954626
2025-01-06,TARGET T-2812,110.91,Debit,Shopping,Normal,2025,1,6,0,2025-01,Shopping,0,False,-0.541238607159179
2025-02-24,Netflix.com,35.7,Debit,Entertainment,Normal,2025,2,24,0,2025-02,Entertainment,4,False,-0.5111237299519216
2025-02-07,UBER TRIP 284922 CA,8.48,Debit,Transport,Normal,2025,2,7,4,2025-02,Transport,1,False,-0.5086517622623756
2025-02-09,APPLE STORE #R1234,111.59,Debit,Shopping,Normal,2025,2,9,6,2025-02,Shopping,1,False,-0.5146408382417598
2025-03-25,UBER TRIP 284922 CA,17.21,Debit,Transport,Normal,2025,3,25,1,2025-03,Transport,2,False,-0.5091710556127133
2025-01-20,McDonalds #8492,31.41,Debit,Food,Normal,2025,1,20,0,2025-01,Food,4,False,-0.5560381113564231
2025-01-29,COSTCO WHOLESALE,127.07,Debit,Groceries,Normal,2025,1,29,2,2025-01,Other,0,False,-0.4841028932382618
2025-03-18,PAYPAL *SPOTIFY,9.99,Debit,Entertainment,Recurring,2025,3,18,1,2025-03,Entertainment,4,False,-0.5385947474074168
2025-03-18,INTERNET CHARGES,177.27,Debit,Utilities,Normal,2025,3,18,1,2025-03,Utilities,2,False,-0.5565362420627998
2025-02-19,LYFT RIDE PGH,55.94,Debit,Transport,Normal,2025,2,19,2,2025-02,Transport,2,False,-0.47007793672874576
2025-01-11,WATER BILL,49.59,Debit,Utilities,Normal,2025,1,11,5,2025-01,Utilities,0,False,-0.5325633336067147
2025-03-01,GAS COMPANY,47.59,Debit,Utilities,Normal,2025,3,1,5,2025-03,Other,1,False,-0.4431960077708702
2025-02-21,TARGET T-2812,194.95,Debit,Shopping,Normal,2025,2,21,4,2025-02,Shopping,1,False,-0.49726115244272495
2025-01-18,SPAR HYPERMARKET,47.72,Debit,Groceries,Normal,2025,1,18,5,2025-01,Other,0,False,-0.4646648250286441
2025-03-10,COSTCO WHOLESALE,86.03,Debit,Groceries,Normal,2025,3,10,0,2025-03,Other,2,False,-0.496060411145288
2025-02-08,ELECTRIC BILL,171.45,Debit,Utilities,Normal,2025,2,8,5,2025-02,Utilities,1,False,-0.5387237182913487
2025-02-05,WATER BILL,127.5,Debit,Utilities,Normal,2025,2,5,2,2025-02,Utilities,2,False,-0.4987330987709536
2025-03-12,WM SUPERCENTER #382,81.85,Debit,Groceries,Normal,2025,3,12,2,2025-03,Other,2,False,-0.44237703368827896
2025-03-15,Netflix.com Subscription,15.99,Debit,Entertainment,Recurring,2025,3,15,5,2025-03,Entertainment,4,False,-0.5439270257874205
2025-02-01,SHELL STATION #221,29.43,Debit,Transport,Normal,2025,2,1,5,2025-02,Other,1,False,-0.4415243081416489
2025-01-15,McDonalds #8492,26.96,Debit,Food,Normal,2025,1,15,2,2025-01,Food,4,False,-0.510077211323057
2025-02-06,KFC Outlet 22,25.91,Debit,Food,Normal,2025,2,6,3,2025-02,Other,0,False,-0.4245709247621174
2025-01-21,McDonalds #8492,11.08,Debit,Food,Normal,2025,1,21,1,2025-01,Food,4,False,-0.539559782128655
2025-03-24,SPAR HYPERMARKET,42.86,Debit,Groceries,Normal,2025,3,24,0,2025-03,Other,2,False,-0.4752664296655987
2025-03-16,Starbucks Store 0032,37.51,Debit,Food,Normal,2025,3,16,6,2025-03,Food,1,False,-0.5406362589533851
2025-03-09,GAS COMPANY,164.5,Debit,Utilities,Normal,2025,3,9,6,2025-03,Other,1,False,-0.5552049471938758
2025-02-21,CINEMA CITY,40.66,Debit,Entertainment,Normal,2025,2,21,4,2025-02,Other,1,False,-0.43085283511284195
2025-02-04,YELLOW CAB CO,24.62,Debit,Transport,Normal,2025,2,4,1,2025-02,Transport,2,False,-0.48444160090836597
2025-03-30,LOCAL GROCERY MART,82.1,Debit,Groceries,Normal,2025,3,30,6,2025-03,Other,1,False,-0.48766662128639604
2025-01-11,LYFT RIDE PGH,45.44,Debit,Transport,Normal,2025,1,11,5,2025-01,Transport,0,False,-0.5101412752501678
2025-02-16,GAS COMPANY,127.56,Debit,Utilities,Normal,2025,2,16,6,2025-02,Other,1,False,-0.5166538819700995
2025-01-25,COSTCO WHOLESALE,150.0,Debit,Groceries,Normal,2025,1,25,5,2025-01,Other,0,False,-0.5178262838063951
2025-01-02,KFC Outlet 22,26.74,Debit,Food,Normal,2025,1,2,3,2025-01,Other,0,False,-0.4555848411932555
2025-02-04,INTERNET CHARGES,59.22,Debit,Utilities,Normal,2025,2,4,1,2025-02,Utilities,2,False,-0.5105261752040586
2025-02-21,UBER TRIP 284922 CA,16.56,Debit,Transport,Normal,2025,2,21,4,2025-02,Transport,1,False,-0.4876673562814695
2025-03-17,ZARA MALL 09,166.96,Debit,Shopping,Normal,2025,3,17,0,2025-03,Shopping,2,False,-0.537029922941372
2025-02-01,ELECTRIC BILL,126.71,Debit,Utilities,Normal,2025,2,1,5,2025-02,Utilities,1,False,-0.5346160791071566
2025-01-25,CINEMA CITY,33.7,Debit,Entertainment,Normal,2025,1,25,5,2025-01,Other,0,False,-0.47010194854416343
2025-02-03,WATER BILL,170.66,Debit,Utilities,Normal,2025,2,3,0,2025-02,Utilities,2,False,-0.5598461034638036
2025-02-12,McDonalds #8492,30.59,Debit,Food,Normal,2025,2,12,2,2025-02,Food,4,False,-0.48000890373682364
2025-01-21,ZARA MALL 09,91.68,Debit,Shopping,Normal,2025,1,21,1,2025-01,Shopping,0,False,-0.5016067648646206
2025-03-05,STEAM PURCHASE,62.32,Debit,Entertainment,Normal,2025,3,5,2,2025-03,Other,2,False,-0.4310770875464241
2025-02-25,Starbucks Store 0032,21.09,Debit,Food,Normal,2025,2,25,1,2025-02,Food,4,False,-0.49221167129448096
2025-02-01,YELLOW CAB CO,37.02,Debit,Transport,Normal,2025,2,1,5,2025-02,Transport,1,False,-0.48840432581305543
2025-01-03,ELECTRIC BILL,150.15,Debit,Utilities,Normal,2025,1,3,4,2025-01,Utilities,0,False,-0.5462133503151315
2025-02-05,ELECTRIC BILL,146.23,Debit,Utilities,Normal,2025,2,5,2,2025-02,Utilities,2,False,-0.5052811944208552
2025-03-25,Dominos Pizza,30.23,Debit,Food,Normal,2025,3,25,1,2025-03,Other,2,False,-0.4471736517674144
2025-02-10,Dominos Pizza,20.02,Debit,Food,Normal,2025,2,10,0,2025-02,Other,2,False,-0.47333904208351474
2025-01-31,METRO TICKET,9.37,Debit,Transport,Normal,2025,1,31,4,2025-01,Other,0,False,-0.47204352787233145
2025-02-13,PAYPAL *SPOTIFY,31.98,Debit,Entertainment,Normal,2025,2,13,3,2025-02,Entertainment,4,False,-0.5094403449514453
2025-02-12,PAYPAL *SPOTIFY,56.25,Debit,Entertainment,Normal,2025,2,12,2,2025-02,Entertainment,4,False,-0.4960982488051354
2025-02-03,STEAM PURCHASE,26.08,Debit,Entertainment,Normal,2025,2,3,0,2025-02,Other,2,False,-0.4637281508786511
2025-01-15,GAS COMPANY,165.93,Debit,Utilities,Normal,2025,1,15,2,2025-01,Other,0,False,-0.5078859294620498
2025-04-01,Netflix.com,39.94,Debit,Entertainment,Normal,2025,4,1,1,2025-04,Entertainment,4,True,-0.6394871531775106
2025-03-15,INTERNET CHARGES,105.44,Debit,Utilities,Normal,2025,3,15,5,2025-03,Utilities,1,False,-0.5480300226828873
2025-01-10,H&M STORE 42,218.21,Debit,Shopping,Normal,2025,1,10,4,2025-01,Shopping,0,False,-0.5293198265372131
2025-01-24,H&M STORE 42,68.79,Debit,Shopping,Normal,2025,1,24,4,2025-01,Shopping,0,False,-0.4872196963268602
2025-02-19,WM SUPERCENTER #382,132.09,Debit,Groceries,Normal,2025,2,19,2,2025-02,Other,2,False,-0.4524296271666403
2025-02-23,ELECTRIC BILL,109.73,Debit,Utilities,Normal,2025,2,23,6,2025-02,Utilities,1,False,-0.5555204322776526
2025-01-29,ELECTRIC BILL,177.92,Debit,Utilities,Normal,2025,1,29,2,2025-01,Utilities,0,False,-0.545488731374745
2025-03-26,LOCAL GROCERY MART,141.84,Debit,Groceries,Normal,2025,3,26,2,2025-03,Other,2,False,-0.4697226610400523
2025-02-11,GAS COMPANY,42.73,Debit,Utilities,Normal,2025,2,11,1,2025-02,Other,2,False,-0.4307366913277638
2025-03-02,AMAZON MKTP US*2R9,104.72,Debit,Shopping,Normal,2025,3,2,6,2025-03,Shopping,1,False,-0.5164098042765893
2025-03-11,ELECTRIC BILL,94.66,Debit,Utilities,Normal,2025,3,11,1,2025-03,Utilities,2,False,-0.5245575990950221
2025-03-13,STEAM PURCHASE,19.15,Debit,Entertainment,Normal,2025,3,13,3,2025-03,Other,2,False,-0.43573118337111255
2025-03-05,UNKNOWN TRANSACTION 999,1.0,Debit,Uncategorized,Anomaly,2025,3,5,2,2025-03,Other,2,False,-0.46936099126707687
2025-03-20,SPAR HYPERMARKET,128.82,Debit,Groceries,Normal,2025,3,20,3,2025-03,Other,2,False,-0.4502882629144079
2025-03-04,PAYPAL *SPOTIFY,40.15,Debit,Entertainment,Normal,2025,3,4,1,2025-03,Entertainment,4,False,-0.5054533750411923
2025-03-09,PAYPAL *SPOTIFY,53.93,Debit,Entertainment,Normal,2025,3,9,6,2025-03,Entertainment,4,False,-0.5415181362263944
2025-02-26,Dominos Pizza,8.43,Debit,Food,Normal,2025,2,26,2,2025-02,Other,2,False,-0.4580129624287455
2025-02-10,H&M STORE 42,159.43,Debit,Shopping,Normal,2025,2,10,0,2025-02,Shopping,2,False,-0.5061474228238116
2025-01-07,SPAR HYPERMARKET,87.75,Debit,Groceries,Normal,2025,1,7,1,2025-01,Other,0,False,-0.4745398167162273
2025-02-07,Local Diner,31.16,Debit,Food,Normal,2025,2,7,4,2025-02,Food,4,False,-0.48928194261987823
2025-04-01,STEAM PURCHASE,30.83,Debit,Entertainment,Normal,2025,4,1,1,2025-04,Other,2,True,-0.6137854303815445
2025-01-16,GAS COMPANY,51.03,Debit,Utilities,Normal,2025,1,16,3,2025-01,Other,0,False,-0.4452233170914029
2025-02-27,INTERNET CHARGES,160.99,Debit,Utilities,Normal,2025,2,27,3,2025-02,Utilities,0,False,-0.5051529109464908
2025-02-03,UBER TRIP 284922 CA,54.27,Debit,Transport,Normal,2025,2,3,0,2025-02,Transport,2,False,-0.5079201883389252
2025-04-01,GAS COMPANY,118.53,Debit,Utilities,Normal,2025,4,1,1,2025-04,Other,2,True,-0.6280153227510539
2025-01-30,APPLE STORE #R1234,204.44,Debit,Shopping,Normal,2025,1,30,3,2025-01,Shopping,0,False,-0.5205333618573644
2025-02-23,TARGET T-2812,114.98,Debit,Shopping,Normal,2025,2,23,6,2025-02,Shopping,1,False,-0.5166164207037542
2025-02-10,WATER BILL,95.01,Debit,Utilities,Normal,2025,2,10,0,2025-02,Utilities,2,False,-0.5414400705974706
2025-03-07,WATER BILL,85.92,Debit,Utilities,Normal,2025,3,7,4,2025-03,Utilities,1,False,-0.5353942764402724
2025-02-18,PAYPAL *SPOTIFY,52.32,Debit,Entertainment,Normal,2025,2,18,1,2025-02,Entertainment,4,False,-0.504276098892882
2025-02-01,Local Diner,14.97,Debit,Food,Normal,2025,2,1,5,2025-02,Food,4,False,-0.511283060073841
2025-02-10,WATER BILL,131.76,Debit,Utilities,Normal,2025,2,10,0,2025-02,Utilities,2,False,-0.5333730896224465
2025-01-21,GAS COMPANY,131.4,Debit,Utilities,Normal,2025,1,21,1,2025-01,Other,0,False,-0.4948478117033599
2025-01-26,LYFT RIDE PGH,48.9,Debit,Transport,Normal,2025,1,26,6,2025-01,Transport,0,False,-0.5440616268013324
2025-02-27,Dominos Pizza,12.75,Debit,Food,Normal,2025,2,27,3,2025-02,Other,0,False,-0.44191407352072876
2025-03-08,STEAM PURCHASE,11.62,Debit,Entertainment,Normal,2025,3,8,5,2025-03,Other,1,False,-0.46620024380116937
2025-04-01,COSTCO WHOLESALE,79.44,Debit,Groceries,Normal,2025,4,1,1,2025-04,Other,2,True,-0.6129471786133245
2025-02-17,PAYPAL *SPOTIFY,48.06,Debit,Entertainment,Normal,2025,2,17,0,2025-02,Entertainment,4,False,-0.5117156342626266
2025-03-17,CINEMA CITY,31.21,Debit,Entertainment,Normal,2025,3,17,0,2025-03,Other,2,False,-0.4759246892682973
2025-01-29,AMAZON MKTP US*2R9,199.68,Debit,Shopping,Normal,2025,1,29,2,2025-01,Shopping,0,False,-0.5289851910284092
2025-02-27,LOCAL GROCERY MART,118.97,Debit,Groceries,Normal,2025,2,27,3,2025-02,Other,0,False,-0.4370241252020579
2025-02-19,H&M STORE 42,198.13,Debit,Shopping,Normal,2025,2,19,2,2025-02,Shopping,2,False,-0.49541106724915646
2025-01-13,LOCAL GROCERY MART,130.94,Debit,Groceries,Normal,2025,1,13,0,2025-01,Other,0,False,-0.5343762505180799
2025-03-06,METRO TICKET,22.19,Debit,Transport,Normal,2025,3,6,3,2025-03,Other,2,False,-0.4340725379030132
2025-01-23,SHELL STATION #221,52.52,Debit,Transport,Normal,2025,1,23,3,2025-01,Other,0,False,-0.44949429580266254
2025-01-20,STEAM PURCHASE,55.15,Debit,Entertainment,Normal,2025,1,20,0,2025-01,Other,0,False,-0.5053689033568298
2025-02-02,WM SUPERCENTER #382,118.23,Debit,Groceries,Normal,2025,2,2,6,2025-02,Other,1,False,-0.5073288606690504
2025-02-08,APPLE STORE #R1234,153.38,Debit,Shopping,Normal,2025,2,8,5,2025-02,Shopping,1,False,-0.4879561686132278
2025-03-12,PAYPAL *SPOTIFY,27.61,Debit,Entertainment,Normal,2025,3,12,2,2025-03,Entertainment,4,False,-0.5080070237690295
2025-02-09,SHELL STATION #221,27.19,Debit,Transport,Normal,2025,2,9,6,2025-02,Other,1,False,-0.4768492761738148
2025-03-23,METRO TICKET,13.33,Debit,Transport,Normal,2025,3,23,6,2025-03,Other,1,False,-0.49108934858650477
2025-01-08,ELECTRIC BILL,172.66,Debit,Utilities,Normal,2025,1,8,2,2025-01,Utilities,0,False,-0.5396033257638606
2025-01-18,PAYPAL *SPOTIFY,9.99,Debit,Entertainment,Recurring,2025,1,18,5,2025-01,Entertainment,4,True,-0.5956790842191574
2025-01-10,STEAM PURCHASE,41.54,Debit,Entertainment,Normal,2025,1,10,4,2025-01,Other,0,False,-0.4373182985936728
2025-02-13,ZARA MALL 09,222.47,Debit,Shopping,Normal,2025,2,13,3,2025-02,Shopping,0,False,-0.5095568820821412
2025-01-17,LOCAL GROCERY MART,82.15,Debit,Groceries,Normal,2025,1,17,4,2025-01,Other,0,False,-0.4673975517324101
2025-03-16,APPLE STORE #R1234,54.06,Debit,Shopping,Normal,2025,3,16,6,2025-03,Shopping,1,False,-0.5019383026115464
2025-01-18,GAS COMPANY,103.51,Debit,Utilities,Normal,2025,1,18,5,2025-01,Other,0,False,-0.4936926962570087
2025-01-08,INTERNET CHARGES,48.0,Debit,Utilities,Normal,2025,1,8,2,2025-01,Utilities,0,False,-0.5163897683428291
2025-01-30,Starbucks Store 0032,18.3,Debit,Food,Normal,2025,1,30,3,2025-01,Food,4,False,-0.5314260284356208
2025-03-19,ELECTRIC BILL,169.98,Debit,Utilities,Normal,2025,3,19,2,2025-03,Utilities,2,False,-0.5406376497110861
2025-02-17,GAS COMPANY,138.27,Debit,Utilities,Normal,2025,2,17,0,2025-02,Other,2,False,-0.5037829277597399
2025-01-01,Local Diner,31.99,Debit,Food,Normal,2025,1,1,2,2025-01,Food,4,False,-0.509816798935183
2025-02-11,SHELL STATION #221,45.5,Debit,Transport,Normal,2025,2,11,1,2025-02,Other,2,False,-0.4310919771261224
2025-03-12,TARGET T-2812,64.12,Debit,Shopping,Normal,2025,3,12,2,2025-03,Shopping,2,False,-0.46782564383977576
2025-03-06,McDonalds #8492,6.37,Debit,Food,Normal,2025,3,6,3,2025-03,Food,4,False,-0.5224009551421384
2025-03-02,TARGET T-2812,104.6,Debit,Shopping,Normal,2025,3,2,6,2025-03,Shopping,1,False,-0.5164098042765893
2025-02-04,INTERNET CHARGES,55.62,Debit,Utilities,Normal,2025,2,4,1,2025-02,Utilities,2,False,-0.5092110230552581
2025-01-15,Netflix.com,61.39,Debit,Entertainment,Normal,2025,1,15,2,2025-01,Entertainment,4,False,-0.5448717265557511
2025-02-15,Netflix.com Subscription,15.99,Debit,Entertainment,Recurring,2025,2,15,5,2025-02,Entertainment,4,False,-0.5381167517861346
2025-01-05,WATER BILL,135.07,Debit,Utilities,Normal,2025,1,5,6,2025-01,Utilities,0,True,-0.5902354154560397
2025-03-14,APPLE STORE #R1234,39.54,Debit,Shopping,Normal,2025,3,14,4,2025-03,Shopping,1,False,-0.48769372874037137
2025-02-15,SPAR HYPERMARKET,133.51,Debit,Groceries,Normal,2025,2,15,5,2025-02,Other,1,False,-0.47780653534705125
2025-02-14,LOCAL GROCERY MART,93.99,Debit,Groceries,Normal,2025,2,14,4,2025-02,Other,1,False,-0.4569434766578584
2025-01-02,COSTCO WHOLESALE,76.25,Debit,Groceries,Normal,2025,1,2,3,2025-01,Other,0,False,-0.46190325706602947
2025-02-04,WM SUPERCENTER #382,51.37,Debit,Groceries,Normal,2025,2,4,1,2025-02,Other,2,False,-0.4290389251426071
2025-02-09,Netflix.com,53.99,Debit,Entertainment,Normal,2025,2,9,6,2025-02,Entertainment,4,False,-0.5591390237825575
2025-02-22,CINEMA CITY,36.97,Debit,Entertainment,Normal,2025,2,22,5,2025-02,Other,1,False,-0.43993148704859075
2025-02-03,PAYPAL *SPOTIFY,61.37,Debit,Entertainment,Normal,2025,2,3,0,2025-02,Entertainment,4,False,-0.5308569374288179
2025-03-19,LYFT RIDE PGH,53.4,Debit,Transport,Normal,2025,3,19,2,2025-03,Transport,2,False,-0.4946945396002094
2025-02-17,Netflix.com,56.59,Debit,Entertainment,Normal,2025,2,17,0,2025-02,Entertainment,4,False,-0.5244171176103589
2025-03-24,Netflix.com,51.86,Debit,Entertainment,Normal,2025,3,24,0,2025-03,Entertainment,4,False,-0.5431531214378527
2025-01-21,Starbucks Store 0032,19.3,Debit,Food,Normal,2025,1,21,1,2025-01,Food,4,False,-0.5325947079458254
2025-03-16,CINEMA CITY,35.43,Debit,Entertainment,Normal,2025,3,16,6,2025-03,Other,1,False,-0.473440948740692
2025-02-23,WM SUPERCENTER #382,50.85,Debit,Groceries,Normal,2025,2,23,6,2025-02,Other,1,False,-0.47448037521795644
2025-01-12,COSTCO WHOLESALE,105.21,Debit,Groceries,Normal,2025,1,12,6,2025-01,Other,0,False,-0.5374860506654311
2025-01-07,STEAM PURCHASE,67.96,Debit,Entertainment,Normal,2025,1,7,1,2025-01,Other,0,False,-0.46178698153543446
2025-03-13,ZARA MALL 09,86.19,Debit,Shopping,Normal,2025,3,13,3,2025-03,Shopping,2,False,-0.467232663878371
2025-04-01,SPAR HYPERMARKET,61.19,Debit,Groceries,Normal,2025,4,1,1,2025-04,Other,2,True,-0.6069455164927281
2025-02-13,APPLE STORE #R1234,179.32,Debit,Shopping,Normal,2025,2,13,3,2025-02,Shopping,0,False,-0.46854639112690044
2025-03-05,AMAZON MKTP US*2R9,42.35,Debit,Shopping,Normal,2025,3,5,2,2025-03,Shopping,2,False,-0.47173998618820545
2025-01-12,SPAR HYPERMARKET,68.5,Debit,Groceries,Normal,2025,1,12,6,2025-01,Other,0,False,-0.5252137504523143
2025-01-17,GAS COMPANY,61.6,Debit,Utilities,Normal,2025,1,17,4,2025-01,Other,0,False,-0.45052377470606875
2025-01-26,Netflix.com,50.63,Debit,Entertainment,Normal,2025,1,26,6,2025-01,Entertainment,4,True,-0.6029773909712819
2025-02-22,COSTCO WHOLESALE,36.79,Debit,Groceries,Normal,2025,2,22,5,2025-02,Other,1,False,-0.43993148704859075
2025-01-13,PAYPAL *SPOTIFY,78.68,Debit,Entertainment,Normal,2025,1,13,0,2025-01,Entertainment,4,True,-0.6075546349584453
2025-03-27,LOCAL GROCERY MART,79.76,Debit,Groceries,Normal,2025,3,27,3,2025-03,Other,2,False,-0.43181240188008513
2025-01-06,YELLOW CAB CO,26.96,Debit,Transport,Normal,2025,1,6,0,2025-01,Transport,0,False,-0.5385848373390119
2025-01-23,H&M STORE 42,229.79,Debit,Shopping,Normal,2025,1,23,3,2025-01,Shopping,0,False,-0.5409226466072269
2025-01-05,AMAZON MKTP US*2R9,157.21,Debit,Shopping,Normal,2025,1,5,6,2025-01,Shopping,0,True,-0.5777933184162997
2025-02-07,INTERNET CHARGES,43.07,Debit,Utilities,Normal,2025,2,7,4,2025-02,Utilities,1,False,-0.5232015998820325
2025-02-20,Starbucks Store 0032,400.0,Debit,Food,Anomaly,2025,2,20,3,2025-02,Food,4,True,-0.6080784833618601
2025-02-02,McDonalds #8492,27.23,Debit,Food,Normal,2025,2,2,6,2025-02,Food,4,False,-0.539928597332861
2025-01-06,LYFT RIDE PGH,54.06,Debit,Transport,Normal,2025,1,6,0,2025-01,Transport,0,False,-0.5353256508199603
2025-01-18,INTERNET CHARGES,95.72,Debit,Utilities,Normal,2025,1,18,5,2025-01,Utilities,0,False,-0.5498693546667013
2025-02-05,ELECTRIC BILL,58.01,Debit,Utilities,Normal,2025,2,5,2,2025-02,Utilities,2,False,-0.49894413832042683
2025-03-24,UBER TRIP 284922 CA,41.04,Debit,Transport,Normal,2025,3,24,0,2025-03,Transport,2,False,-0.5158435222326929
2025-01-06,Starbucks Store 0032,9.8,Debit,Food,Normal,2025,1,6,0,2025-01,Food,4,False,-0.5722658560017957
2025-01-19,WATER BILL,104.56,Debit,Utilities,Normal,2025,1,19,6,2025-01,Utilities,0,True,-0.5803428833688836
2025-01-01,TARGET T-2812,220.07,Debit,Shopping,Normal,2025,1,1,2,2025-01,Shopping,0,False,-0.5409856811401975
2025-01-10,WATER BILL,176.13,Debit,Utilities,Normal,2025,1,10,4,2025-01,Utilities,0,False,-0.5637883387905364
2025-03-03,WATER BILL,47.96,Debit,Utilities,Normal,2025,3,3,0,2025-03,Utilities,2,False,-0.5511314547590602
2025-02-24,LOCAL GROCERY MART,35.84,Debit,Groceries,Normal,2025,2,24,0,2025-02,Other,2,False,-0.4643015151305301
2025-01-31,STEAM PURCHASE,51.96,Debit,Entertainment,Normal,2025,1,31,4,2025-01,Other,0,False,-0.4430284926768137
2025-03-24,Netflix.com,30.24,Debit,Entertainment,Normal,2025,3,24,0,2025-03,Entertainment,4,False,-0.554216070164988
2025-03-21,STEAM PURCHASE,18.64,Debit,Entertainment,Normal,2025,3,21,4,2025-03,Other,1,False,-0.43949678503366246
2025-02-08,SPAR HYPERMARKET,63.17,Debit,Groceries,Normal,2025,2,8,5,2025-02,Other,1,False,-0.45298026075595643
2025-02-18,INTERNET CHARGES,127.75,Debit,Utilities,Normal,2025,2,18,1,2025-02,Utilities,2,False,-0.5145436569809086
2025-02-25,H&M STORE 42,26.68,Debit,Shopping,Normal,2025,2,25,1,2025-02,Shopping,2,False,-0.4673401439700351
2025-03-23,CINEMA CITY,14.72,Debit,Entertainment,Normal,2025,3,23,6,2025-03,Other,1,False,-0.48892613251998035
2025-03-25,Local Diner,14.56,Debit,Food,Normal,2025,3,25,1,2025-03,Food,4,False,-0.5121942921155943
2025-04-01,LYFT RIDE PGH,49.27,Debit,Transport,Normal,2025,4,1,1,2025-04,Transport,2,True,-0.6338189331215267
2025-03-13,COSTCO WHOLESALE,111.33,Debit,Groceries,Normal,2025,3,13,3,2025-03,Other,2,False,-0.444434576544936
2025-01-11,GAS COMPANY,161.87,Debit,Utilities,Normal,2025,1,11,5,2025-01,Other,0,False,-0.5327650250611029
2025-03-28,STEAM PURCHASE,45.94,Debit,Entertainment,Normal,2025,3,28,4,2025-03,Other,1,False,-0.4388819852651462
2025-03-10,COSTCO WHOLESALE,120.23,Debit,Groceries,Normal,2025,3,10,0,2025-03,Other,2,False,-0.5113175720127658
2025-03-11,ZARA MALL 09,175.45,Debit,Shopping,Normal,2025,3,11,1,2025-03,Shopping,2,False,-0.508026000590124
2025-01-21,INTERNET CHARGES,92.2,Debit,Utilities,Normal,2025,1,21,1,2025-01,Utilities,0,False,-0.5329168913252779
2025-03-01,INTERNET CHARGES,175.95,Debit,Utilities,Normal,2025,3,1,5,2025-03,Utilities,1,False,-0.5578901431883139
2025-02-24,Netflix.com,39.0,Debit,Entertainment,Normal,2025,2,24,0,2025-02,Entertainment,4,False,-0.5097208103969617
2025-03-07,PAYPAL *SPOTIFY,59.74,Debit,Entertainment,Normal,2025,3,7,4,2025-03,Entertainment,4,False,-0.5474105884062324
2025-02-11,COSTCO WHOLESALE,25.85,Debit,Groceries,Normal,2025,2,11,1,2025-02,Other,2,False,-0.43574332899606005
2025-02-17,H&M STORE 42,195.51,Debit,Shopping,Normal,2025,2,17,0,2025-02,Shopping,2,False,-0.5397475579351689
2025-01-15,Netflix.com Subscription,15.99,Debit,Entertainment,Recurring,2025,1,15,2,2025-01,Entertainment,4,False,-0.551534489303983
2025-03-27,Local Diner,26.81,Debit,Food,Normal,2025,3,27,3,2025-03,Food,4,False,-0.4956774733735101
2025-03-04,WM SUPERCENTER #382,97.13,Debit,Groceries,Normal,2025,3,4,1,2025-03,Other,2,False,-0.46160701389849307
2025-01-11,WATER BILL,61.12,Debit,Utilities,Normal,2025,1,11,5,2025-01,Utilities,0,False,-0.5416305414165615
2025-01-06,SPAR HYPERMARKET,147.63,Debit,Groceries,Normal,2025,1,6,0,2025-01,Other,0,False,-0.5371319161817729
2025-03-31,METRO TICKET,25.69,Debit,Transport,Normal,2025,3,31,0,2025-03,Other,2,False,-0.4768601687558902
2025-02-08,INTERNET CHARGES,111.02,Debit,Utilities,Normal,2025,2,8,5,2025-02,Utilities,1,False,-0.5320599420833616
2025-03-10,LYFT RIDE PGH,16.5,Debit,Transport,Normal,2025,3,10,0,2025-03,Transport,2,False,-0.5345993044823221
2025-01-02,H&M STORE 42,209.14,Debit,Shopping,Normal,2025,1,2,3,2025-01,Shopping,0,False,-0.523302266040002
2025-03-19,METRO TICKET,9.81,Debit,Transport,Normal,2025,3,19,2,2025-03,Other,2,False,-0.455089044785022
2025-01-07,WM SUPERCENTER #382,32.58,Debit,Groceries,Normal,2025,1,7,1,2025-01,Other,0,False,-0.4598974374346523
2025-02-27,WM SUPERCENTER #382,138.23,Debit,Groceries,Normal,2025,2,27,3,2025-02,Other,0,False,-0.44700528333635553
2025-02-14,Dominos Pizza,17.86,Debit,Food,Normal,2025,2,14,4,2025-02,Other,1,False,-0.43477391782835484
2025-03-28,PAYPAL *SPOTIFY,76.6,Debit,Entertainment,Normal,2025,3,28,4,2025-03,Entertainment,4,False,-0.5574506123399671
2025-01-31,AMAZON MKTP US*2R9,197.45,Debit,Shopping,Normal,2025,1,31,4,2025-01,Shopping,0,False,-0.51807563367701
2025-01-31,APPLE STORE #R1234,94.47,Debit,Shopping,Normal,2025,1,31,4,2025-01,Shopping,0,False,-0.4892609121070026
2025-03-17,LYFT RIDE PGH,8.37,Debit,Transport,Normal,2025,3,17,0,2025-03,Transport,2,False,-0.5522238215935761
2025-02-28,ZARA MALL 09,173.37,Debit,Shopping,Normal,2025,2,28,4,2025-02,Shopping,1,False,-0.48090058607390784
2025-02-01,SHELL STATION #221,36.03,Debit,Transport,Normal,2025,2,1,5,2025-02,Other,1,False,-0.44029917465335744
2025-02-17,LOCAL GROCERY MART,125.14,Debit,Groceries,Normal,2025,2,17,0,2025-02,Other,2,False,-0.4973061658432193
2025-01-16,SPAR HYPERMARKET,111.08,Debit,Groceries,Normal,2025,1,16,3,2025-01,Other,0,False,-0.475596872219992
2025-03-28,Starbucks Store 0032,14.52,Debit,Food,Normal,2025,3,28,4,2025-03,Food,4,False,-0.5088954318892139
2025-02-23,GAS COMPANY,118.95,Debit,Utilities,Normal,2025,2,23,6,2025-02,Other,1,False,-0.5073288606690504
2025-01-18,ELECTRIC BILL,78.67,Debit,Utilities,Normal,2025,1,18,5,2025-01,Utilities,0,False,-0.5407153254327685
2025-03-10,McDonalds #8492,9.49,Debit,Food,Normal,2025,3,10,0,2025-03,Food,4,False,-0.5590422918002114
2025-02-10,Starbucks Store 0032,34.37,Debit,Food,Normal,2025,2,10,0,2025-02,Food,4,False,-0.5097404411954363
2025-01-05,INTERNET CHARGES,162.69,Debit,Utilities,Normal,2025,1,5,6,2025-01,Utilities,0,True,-0.6048575881715018
2025-01-10,YELLOW CAB CO,51.91,Debit,Transport,Normal,2025,1,10,4,2025-01,Transport,0,False,-0.5078817411555222
2025-02-02,METRO TICKET,58.3,Debit,Transport,Normal,2025,2,2,6,2025-02,Other,1,False,-0.47841459679121356
2025-03-28,GAS COMPANY,165.41,Debit,Utilities,Normal,2025,3,28,4,2025-03,Other,1,False,-0.5069020907049965
2025-02-14,WATER BILL,162.91,Debit,Utilities,Normal,2025,2,14,4,2025-02,Utilities,1,False,-0.5259237288923955
2025-02-04,METRO TICKET,55.08,Debit,Transport,Normal,2025,2,4,1,2025-02,Other,2,False,-0.4298790307249041
2025-02-18,ZARA MALL 09,68.68,Debit,Shopping,Normal,2025,2,18,1,2025-02,Shopping,2,False,-0.45928395014545287
2025-01-19,UBER TRIP 284922 CA,10.4,Debit,Transport,Normal,2025,1,19,6,2025-01,Transport,0,True,-0.5782671564320824
2025-01-28,GAS COMPANY,98.78,Debit,Utilities,Normal,2025,1,28,1,2025-01,Other,0,False,-0.4804285134226618
2025-03-27,PAYPAL *SPOTIFY,34.22,Debit,Entertainment,Normal,2025,3,27,3,2025-03,Entertainment,4,False,-0.5240691107511759
2025-02-25,Local Diner,27.25,Debit,Food,Normal,2025,2,25,1,2025-02,Food,4,False,-0.48852029207711223
2025-02-13,Netflix.com,25.9,Debit,Entertainment,Normal,2025,2,13,3,2025-02,Entertainment,4,False,-0.5133515985788751
2025-03-09,INTERNET CHARGES,103.52,Debit,Utilities,Normal,2025,3,9,6,2025-03,Utilities,1,False,-0.5674725484779602
2025-02-26,WM SUPERCENTER #382,99.75,Debit,Groceries,Normal,2025,2,26,2,2025-02,Other,2,False,-0.44551698695470776
2025-01-27,ZARA MALL 09,181.42,Debit,Shopping,Normal,2025,1,27,0,2025-01,Shopping,0,False,-0.569379798734484
2025-03-20,SPAR HYPERMARKET,142.38,Debit,Groceries,Normal,2025,3,20,3,2025-03,Other,2,False,-0.4601326399960017
2025-01-17,Dominos Pizza,38.79,Debit,Food,Normal,2025,1,17,4,2025-01,Other,0,False,-0.4369956261939104
2025-01-17,SHELL STATION #221,18.67,Debit,Transport,Normal,2025,1,17,4,2025-01,Other,0,False,-0.45319494688335893
2025-02-17,APPLE STORE #R1234,70.8,Debit,Shopping,Normal,2025,2,17,0,2025-02,Shopping,2,False,-0.4911339304416778
2025-03-12,CINEMA CITY,33.33,Debit,Entertainment,Normal,2025,3,12,2,2025-03,Other,2,False,-0.4328101143174854
2025-03-20,H&M STORE 42,83.15,Debit,Shopping,Normal,2025,3,20,3,2025-03,Shopping,2,False,-0.4696084402694575
2025-01-07,STEAM PURCHASE,20.28,Debit,Entertainment,Normal,2025,1,7,1,2025-01,Other,0,False,-0.4646017010722012
2025-01-31,KFC Outlet 22,25.02,Debit,Food,Normal,2025,1,31,4,2025-01,Other,0,False,-0.4435438600524035
2025-02-15,McDonalds #8492,28.87,Debit,Food,Normal,2025,2,15,5,2025-02,Food,4,False,-0.5046349570716187
2025-02-13,WM SUPERCENTER #382,86.79,Debit,Groceries,Normal,2025,2,13,3,2025-02,Other,0,False,-0.43201940204185646
2025-03-01,STEAM PURCHASE,53.48,Debit,Entertainment,Normal,2025,3,1,5,2025-03,Other,1,False,-0.4461626750243468
2025-03-02,Netflix.com,14.57,Debit,Entertainment,Normal,2025,3,2,6,2025-03,Entertainment,4,False,-0.5605638266655282
2025-02-03,UBER TRIP 284922 CA,14.59,Debit,Transport,Normal,2025,2,3,0,2025-02,Transport,2,False,-0.5231353020234696
2025-03-25,STEAM PURCHASE,23.87,Debit,Entertainment,Normal,2025,3,25,1,2025-03,Other,2,False,-0.4462359264398727
2025-03-30,PAYPAL *SPOTIFY,59.33,Debit,Entertainment,Normal,2025,3,30,6,2025-03,Entertainment,4,False,-0.5488612969899528
2025-01-18,Starbucks Store 0032,38.12,Debit,Food,Normal,2025,1,18,5,2025-01,Food,4,False,-0.5460775614626951
2025-03-28,GAS COMPANY,79.78,Debit,Utilities,Normal,2025,3,28,4,2025-03,Other,1,False,-0.4446695202229677
2025-03-25,WATER BILL,85.01,Debit,Utilities,Normal,2025,3,25,1,2025-03,Utilities,2,False,-0.5247096334489268
2025-03-23,LOCAL GROCERY MART,45.33,Debit,Groceries,Normal,2025,3,23,6,2025-03,Other,1,False,-0.4738076399280176
2025-02-13,Starbucks Store 0032,25.59,Debit,Food,Normal,2025,2,13,3,2025-02,Food,4,False,-0.4806512496056114
2025-01-15,ELECTRIC BILL,156.03,Debit,Utilities,Normal,2025,1,15,2,2025-01,Utilities,0,False,-0.5302922640615775
2025-03-11,CINEMA CITY,54.22,Debit,Entertainment,Normal,2025,3,11,1,2025-03,Other,2,False,-0.4406847469262269
2025-01-04,Starbucks Store 0032,12.65,Debit,Food,Normal,2025,1,4,5,2025-01,Food,4,False,-0.5543171112941184
2025-01-13,CINEMA CITY,38.73,Debit,Entertainment,Normal,2025,1,13,0,2025-01,Other,0,False,-0.500556322607143
2025-03-02,INTERNET CHARGES,45.13,Debit,Utilities,Normal,2025,3,2,6,2025-03,Utilities,1,False,-0.5687063962451526
2025-01-10,ELECTRIC BILL,99.32,Debit,Utilities,Normal,2025,1,10,4,2025-01,Utilities,0,False,-0.5419363544450069
2025-02-13,WATER BILL,156.25,Debit,Utilities,Normal,2025,2,13,3,2025-02,Utilities,0,False,-0.5031072782693586
2025-01-17,SHELL STATION #221,21.03,Debit,Transport,Normal,2025,1,17,4,2025-01,Other,0,False,-0.44834532670051547
2025-03-28,Local Diner,25.17,Debit,Food,Normal,2025,3,28,4,2025-03,Food,4,False,-0.49882466964623007
2025-03-16,STEAM PURCHASE,72.64,Debit,Entertainment,Normal,2025,3,16,6,2025-03,Other,1,False,-0.48030466356373663
2025-03-05,Dominos Pizza,23.76,Debit,Food,Normal,2025,3,5,2,2025-03,Other,2,False,-0.43537843817737304
2025-03-22,YELLOW CAB CO,59.87,Debit,Transport,Normal,2025,3,22,5,2025-03,Transport,1,False,-0.5150805514016582
2025-03-22,Netflix.com,24.48,Debit,Entertainment,Normal,2025,3,22,5,2025-03,Entertainment,4,False,-0.5325559166131114
2025-02-11,AMAZON MKTP US*2R9,217.28,Debit,Shopping,Normal,2025,2,11,1,2025-02,Shopping,2,False,-0.5262505468690717
2025-03-19,WATER BILL,61.4,Debit,Utilities,Normal,2025,3,19,2,2025-03,Utilities,2,False,-0.5163458070694766
2025-03-11,Netflix.com,79.99,Debit,Entertainment,Normal,2025,3,11,1,2025-03,Entertainment,4,False,-0.5378334801892732
2025-02-26,H&M STORE 42,47.93,Debit,Shopping,Normal,2025,2,26,2,2025-02,Shopping,2,False,-0.4549278746299178
2025-03-03,LYFT RIDE PGH,31.66,Debit,Transport,Normal,2025,3,3,0,2025-03,Transport,2,False,-0.5224737879402136
2025-03-08,CINEMA CITY,52.35,Debit,Entertainment,Normal,2025,3,8,5,2025-03,Other,1,False,-0.4464646447273291
2025-01-21,METRO TICKET,59.79,Debit,Transport,Normal,2025,1,21,1,2025-01,Other,0,False,-0.46036845840495777
2025-02-24,STEAM PURCHASE,51.71,Debit,Entertainment,Normal,2025,2,24,0,2025-02,Other,2,False,-0.4667460588488439
2025-03-03,CINEMA CITY,60.17,Debit,Entertainment,Normal,2025,3,3,0,2025-03,Other,2,False,-0.4770395013236033
2025-02-20,Dominos Pizza,21.0,Debit,Food,Normal,2025,2,20,3,2025-02,Other,0,False,-0.42921046773347177
2025-02-13,SPAR HYPERMARKET,74.84,Debit,Groceries,Normal,2025,2,13,3,2025-02,Other,0,False,-0.42850951542488885
2025-04-01,INTERNET CHARGES,50.93,Debit,Utilities,Normal,2025,4,1,1,2025-04,Utilities,2,True,-0.6546679764864859
2025-01-07,COSTCO WHOLESALE,70.32,Debit,Groceries,Normal,2025,1,7,1,2025-01,Other,0,False,-0.46241228201413725
2025-01-28,AMAZON MKTP US*2R9,153.21,Debit,Shopping,Normal,2025,1,28,1,2025-01,Shopping,0,False,-0.516095947487312
2025-01-09,LYFT RIDE PGH,22.3,Debit,Transport,Normal,2025,1,9,3,2025-01,Transport,0,False,-0.5157962698074321
2025-02-01,Netflix.com,58.2,Debit,Entertainment,Normal,2025,2,1,5,2025-02,Entertainment,4,False,-0.5475832053046633
2025-02-25,METRO TICKET,54.18,Debit,Transport,Normal,2025,2,25,1,2025-02,Other,2,False,-0.4298790307249041
2025-03-01,YELLOW CAB CO,47.88,Debit,Transport,Normal,2025,3,1,5,2025-03,Transport,1,False,-0.5091663138035507
2025-01-25,AMAZON MKTP US*2R9,238.27,Debit,Shopping,Normal,2025,1,25,5,2025-01,Shopping,0,False,-0.5743082588324311
2025-03-30,WATER BILL,66.82,Debit,Utilities,Normal,2025,3,30,6,2025-03,Utilities,1,False,-0.5666514555915751
2025-03-14,ELECTRIC BILL,51.75,Debit,Utilities,Normal,2025,3,14,4,2025-03,Utilities,1,False,-0.5380331035426744
2025-02-02,CINEMA CITY,76.66,Debit,Entertainment,Normal,2025,2,2,6,2025-02,Other,1,False,-0.48703059814413036
2025-03-21,ELECTRIC BILL,125.26,Debit,Utilities,Normal,2025,3,21,4,2025-03,Utilities,1,False,-0.5383797901691755
2025-03-15,CINEMA CITY,54.88,Debit,Entertainment,Normal,2025,3,15,5,2025-03,Other,1,False,-0.447885657995226
2025-01-07,CINEMA CITY,51.23,Debit,Entertainment,Normal,2025,1,7,1,2025-01,Other,0,False,-0.45571800858556905
2025-01-29,UBER TRIP 284922 CA,42.32,Debit,Transport,Normal,2025,1,29,2,2025-01,Transport,0,False,-0.4961471784619936
2025-03-25,H&M STORE 42,49.66,Debit,Shopping,Normal,2025,3,25,1,2025-03,Shopping,2,False,-0.4747205472794502
2025-03-27,YELLOW CAB CO,20.41,Debit,Transport,Normal,2025,3,27,3,2025-03,Transport,2,False,-0.5031186825985797
2025-01-31,ZARA MALL 09,48.03,Debit,Shopping,Normal,2025,1,31,4,2025-01,Shopping,0,False,-0.47835138952352724
2025-03-18,Netflix.com,45.84,Debit,Entertainment,Normal,2025,3,18,1,2025-03,Entertainment,4,False,-0.5046538421552933
2025-02-21,APPLE STORE #R1234,211.76,Debit,Shopping,Normal,2025,2,21,4,2025-02,Shopping,1,False,-0.5162254688205096
2025-02-12,Netflix.com,31.74,Debit,Entertainment,Normal,2025,2,12,2,2025-02,Entertainment,4,False,-0.49510718677654625
2025-03-24,KFC Outlet 22,35.59,Debit,Food,Normal,2025,3,24,0,2025-03,Other,2,False,-0.47567829272572654
2025-03-10,ELECTRIC BILL,110.36,Debit,Utilities,Normal,2025,3,10,0,2025-03,Utilities,2,False,-0.5690596804775194
2025-01-29,GAS COMPANY,103.07,Debit,Utilities,Normal,2025,1,29,2,2025-01,Other,0,False,-0.4731515360598591
2025-01-16,Dominos Pizza,10.36,Debit,Food,Normal,2025,1,16,3,2025-01,Other,0,False,-0.47882483924735136
2025-01-08,ELECTRIC BILL,68.62,Debit,Utilities,Normal,2025,1,8,2,2025-01,Utilities,0,False,-0.514448427616876
2025-03-26,GAS COMPANY,49.74,Debit,Utilities,Normal,2025,3,26,2,2025-03,Other,2,False,-0.42532885049480207
2025-02-27,PAYPAL *SPOTIFY,46.45,Debit,Entertainment,Normal,2025,2,27,3,2025-02,Entertainment,4,False,-0.508342107722377
2025-01-28,YELLOW CAB CO,13.31,Debit,Transport,Normal,2025,1,28,1,2025-01,Transport,0,False,-0.5246247346689659
2025-03-20,Dominos Pizza,22.75,Debit,Food,Normal,2025,3,20,3,2025-03,Other,2,False,-0.4340725379030132
2025-03-22,Local Diner,34.46,Debit,Food,Normal,2025,3,22,5,2025-03,Food,4,False,-0.5151318191167589
2025-02-26,AMAZON MKTP US*2R9,184.12,Debit,Shopping,Normal,2025,2,26,2,2025-02,Shopping,2,False,-0.480535996668383
2025-04-01,SPAR HYPERMARKET,73.26,Debit,Groceries,Normal,2025,4,1,1,2025-04,Other,2,True,-0.6113763562010777
2025-03-31,STEAM PURCHASE,50.29,Debit,Entertainment,Normal,2025,3,31,0,2025-03,Other,2,False,-0.47395948120001574
2025-02-08,YELLOW CAB CO,44.65,Debit,Transport,Normal,2025,2,8,5,2025-02,Transport,1,False,-0.49110971045072993
2025-02-05,METRO TICKET,20.99,Debit,Transport,Normal,2025,2,5,2,2025-02,Other,2,False,-0.4377338394172465
2025-02-02,UBER TRIP 284922 CA,44.86,Debit,Transport,Normal,2025,2,2,6,2025-02,Transport,1,False,-0.5267751847967398
2025-01-18,YELLOW CAB CO,23.05,Debit,Transport,Normal,2025,1,18,5,2025-01,Transport,0,False,-0.5258637850651806
2025-03-06,SPAR HYPERMARKET,145.78,Debit,Groceries,Normal,2025,3,6,3,2025-03,Other,2,False,-0.4634495683877063
2025-01-01,KFC Outlet 22,31.15,Debit,Food,Normal,2025,1,1,2,2025-01,Other,0,False,-0.4531193855999409
2025-03-11,WM SUPERCENTER #382,102.18,Debit,Groceries,Normal,2025,3,11,1,2025-03,Other,2,False,-0.46072989276043913
2025-02-10,YELLOW CAB CO,46.18,Debit,Transport,Normal,2025,2,10,0,2025-02,Transport,2,False,-0.5079930628518301
2025-01-04,LOCAL GROCERY MART,139.41,Debit,Groceries,Normal,2025,1,4,5,2025-01,Other,0,False,-0.5083422370711259
2025-03-27,H&M STORE 42,186.56,Debit,Shopping,Normal,2025,3,27,3,2025-03,Shopping,2,False,-0.49960610418346263
2025-02-08,Netflix.com,11.31,Debit,Entertainment,Normal,2025,2,8,5,2025-02,Entertainment,4,False,-0.5492944328516084
2025-03-02,APPLE STORE #R1234,125.11,Debit,Shopping,Normal,2025,3,2,6,2025-03,Shopping,1,False,-0.5244148483839011
2025-01-15,PAYPAL *SPOTIFY,9.36,Debit,Entertainment,Normal,2025,1,15,2,2025-01,Entertainment,4,False,-0.5601453639214135
2025-03-11,SHELL STATION #221,55.76,Debit,Transport,Normal,2025,3,11,1,2025-03,Other,2,False,-0.4430906926834662
2025-01-03,ZARA MALL 09,201.36,Debit,Shopping,Normal,2025,1,3,4,2025-01,Shopping,0,False,-0.518991258715558
2025-01-31,LOCAL GROCERY MART,37.42,Debit,Groceries,Normal,2025,1,31,4,2025-01,Other,0,False,-0.438074437769462
2025-01-07,Dominos Pizza,15.22,Debit,Food,Normal,2025,1,7,1,2025-01,Other,0,False,-0.47885270484173914
2025-03-11,INTERNET CHARGES,164.79,Debit,Utilities,Normal,2025,3,11,1,2025-03,Utilities,2,False,-0.5484558034056508
2025-01-17,METRO TICKET,35.69,Debit,Transport,Normal,2025,1,17,4,2025-01,Other,0,False,-0.4412480266541422
2025-02-18,GAS COMPANY,40.83,Debit,Utilities,Normal,2025,2,18,1,2025-02,Other,2,False,-0.4308484965865736
2025-02-02,PAYPAL *SPOTIFY,9.01,Debit,Entertainment,Normal,2025,2,2,6,2025-02,Entertainment,4,True,-0.5755034277447832
2025-02-22,SHELL STATION #221,48.3,Debit,Transport,Normal,2025,2,22,5,2025-02,Other,1,False,-0.440453570649898
2025-02-08,H&M STORE 42,216.29,Debit,Shopping,Normal,2025,2,8,5,2025-02,Shopping,1,False,-0.5279561470403465
2025-02-02,McDonalds #8492,34.22,Debit,Food,Normal,2025,2,2,6,2025-02,Food,4,False,-0.5385790138634454
2025-03-31,ZARA MALL 09,231.95,Debit,Shopping,Normal,2025,3,31,0,2025-03,Shopping,2,True,-0.5806878972159581
2025-03-29,WM SUPERCENTER #382,86.28,Debit,Groceries,Normal,2025,3,29,5,2025-03,Other,1,False,-0.4687016135784111
2025-01-11,CINEMA CITY,48.24,Debit,Entertainment,Normal,2025,1,11,5,2025-01,Other,0,False,-0.4646648250286441
2025-01-22,Netflix.com,28.43,Debit,Entertainment,Normal,2025,1,22,2,2025-01,Entertainment,4,False,-0.5384297827547461
2025-03-05,LOCAL GROCERY MART,87.17,Debit,Groceries,Normal,2025,3,5,2,2025-03,Other,2,False,-0.4448423734871354
2025-03-21,COSTCO WHOLESALE,140.72,Debit,Groceries,Normal,2025,3,21,4,2025-03,Other,1,False,-0.4862859047662002
2025-02-23,KFC Outlet 22,16.58,Debit,Food,Normal,2025,2,23,6,2025-02,Other,1,False,-0.4878319881920606
2025-03-12,AMAZON MKTP US*2R9,147.02,Debit,Shopping,Normal,2025,3,12,2,2025-03,Shopping,2,False,-0.4944683313606533
2025-02-27,PAYPAL *SPOTIFY,79.74,Debit,Entertainment,Normal,2025,2,27,3,2025-02,Entertainment,4,False,-0.529164631533514
2025-01-21,LYFT RIDE PGH,53.83,Debit,Transport,Normal,2025,1,21,1,2025-01,Transport,0,False,-0.5056737738533698
2025-01-03,LOCAL GROCERY MART,46.48,Debit,Groceries,Normal,2025,1,3,4,2025-01,Other,0,False,-0.43986453662708663
2025-01-08,KFC Outlet 22,34.66,Debit,Food,Normal,2025,1,8,2,2025-01,Other,0,False,-0.45323454685509285
2025-02-20,CINEMA CITY,8.58,Debit,Entertainment,Normal,2025,2,20,3,2025-02,Other,0,False,-0.44718254897643317
2025-02-16,ELECTRIC BILL,150.7,Debit,Utilities,Normal,2025,2,16,6,2025-02,Utilities,1,False,-0.5667821006146491
2025-03-16,STEAM PURCHASE,14.55,Debit,Entertainment,Normal,2025,3,16,6,2025-03,Other,1,False,-0.48976208807827765
2025-03-28,COSTCO WHOLESALE,88.9,Debit,Groceries,Normal,2025,3,28,4,2025-03,Other,1,False,-0.4573984901997071
2025-02-05,Netflix.com,45.2,Debit,Entertainment,Normal,2025,2,5,2,2025-02,Entertainment,4,False,-0.49035401313681887
2025-03-03,AMAZON MKTP US*2R9,209.09,Debit,Shopping,Normal,2025,3,3,0,2025-03,Shopping,2,False,-0.5720281552783413
2025-01-06,INTERNET CHARGES,104.13,Debit,Utilities,Normal,2025,1,6,0,2025-01,Utilities,0,False,-0.5644069768325102
2025-02-13,LOCAL GROCERY MART,127.57,Debit,Groceries,Normal,2025,2,13,3,2025-02,Other,0,False,-0.44077217976515043
2025-03-21,CINEMA CITY,68.66,Debit,Entertainment,Normal,2025,3,21,4,2025-03,Other,1,False,-0.44211523211325005
2025-01-10,H&M STORE 42,135.98,Debit,Shopping,Normal,2025,1,10,4,2025-01,Shopping,0,False,-0.48746362677516364
2025-03-30,Netflix.com,50.98,Debit,Entertainment,Normal,2025,3,30,6,2025-03,Entertainment,4,False,-0.5408403519259213
2025-01-14,ELECTRIC BILL,79.91,Debit,Utilities,Normal,2025,1,14,1,2025-01,Utilities,0,False,-0.5231263724003021
2025-02-01,Netflix.com,49.23,Debit,Entertainment,Normal,2025,2,1,5,2025-02,Entertainment,4,False,-0.5383083030137096
2025-03-26,PAYPAL *SPOTIFY,32.0,Debit,Entertainment,Normal,2025,3,26,2,2025-03,Entertainment,4,False,-0.5066429828054239
2025-03-28,YELLOW CAB CO,19.68,Debit,Transport,Normal,2025,3,28,4,2025-03,Transport,1,False,-0.5113322312673544
2025-02-24,AMAZON MKTP US*2R9,161.41,Debit,Shopping,Normal,2025,2,24,0,2025-02,Shopping,2,False,-0.5064899911189452
2025-02-27,YELLOW CAB CO,56.38,Debit,Transport,Normal,2025,2,27,3,2025-02,Transport,0,False,-0.4730258300753768
2025-02-11,LOCAL GROCERY MART,28.23,Debit,Groceries,Normal,2025,2,11,1,2025-02,Other,2,False,-0.4341128382251064
2025-01-14,APPLE STORE #R1234,136.7,Debit,Shopping,Normal,2025,1,14,1,2025-01,Shopping,0,False,-0.510944990578484
2025-03-15,SHELL STATION #221,32.58,Debit,Transport,Normal,2025,3,15,5,2025-03,Other,1,False,-0.4460468336736588
2025-03-18,APPLE STORE #R1234,231.87,Debit,Shopping,Normal,2025,3,18,1,2025-03,Shopping,2,False,-0.5602752735253121
2025-03-05,SPAR HYPERMARKET,55.5,Debit,Groceries,Normal,2025,3,5,2,2025-03,Other,2,False,-0.4275852944459808
2025-02-14,COSTCO WHOLESALE,61.31,Debit,Groceries,Normal,2025,2,14,4,2025-02,Other,1,False,-0.4362720771825333
2025-03-29,Netflix.com,54.51,Debit,Entertainment,Normal,2025,3,29,5,2025-03,Entertainment,4,False,-0.5362129496551206
2025-03-17,SHELL STATION #221,16.02,Debit,Transport,Normal,2025,3,17,0,2025-03,Other,2,False,-0.48898330840973564
2025-02-02,STEAM PURCHASE,23.41,Debit,Entertainment,Normal,2025,2,2,6,2025-02,Other,1,False,-0.47957127351140466
2025-01-24,TARGET T-2812,98.6,Debit,Shopping,Normal,2025,1,24,4,2025-01,Shopping,0,False,-0.4879530292619821
2025-02-20,Local Diner,32.82,Debit,Food,Normal,2025,2,20,3,2025-02,Food,4,False,-0.48164006998079967
2025-02-26,UBER TRIP 284922 CA,29.36,Debit,Transport,Normal,2025,2,26,2,2025-02,Transport,2,False,-0.4726059759406335
2025-03-01,H&M STORE 42,28.65,Debit,Shopping,Normal,2025,3,1,5,2025-03,Shopping,1,False,-0.49176338496677013
2025-01-26,WATER BILL,63.04,Debit,Utilities,Normal,2025,1,26,6,2025-01,Utilities,0,False,-0.5704512208770842
2025-02-03,Dominos Pizza,9.33,Debit,Food,Normal,2025,2,3,0,2025-02,Other,2,False,-0.4887552807087268
2025-02-07,Local Diner,18.12,Debit,Food,Normal,2025,2,7,4,2025-02,Food,4,False,-0.49079700129665144
2025-02-08,APPLE STORE #R1234,186.26,Debit,Shopping,Normal,2025,2,8,5,2025-02,Shopping,1,False,-0.5014383654818747
2025-01-13,KFC Outlet 22,16.56,Debit,Food,Normal,2025,1,13,0,2025-01,Other,0,False,-0.5191490324931624
2025-03-08,Dominos Pizza,29.04,Debit,Food,Normal,2025,3,8,5,2025-03,Other,1,False,-0.44814819565580666
2025-03-01,SHELL STATION #221,39.74,Debit,Transport,Normal,2025,3,1,5,2025-03,Other,1,False,-0.4443590365130051
2025-03-19,GAS COMPANY,55.57,Debit,Utilities,Normal,2025,3,19,2,2025-03,Other,2,False,-0.4275852944459808
2025-03-20,SPAR HYPERMARKET,56.03,Debit,Groceries,Normal,2025,3,20,3,2025-03,Other,2,False,-0.42713031477603514
2025-01-10,KFC Outlet 22,17.72,Debit,Food,Normal,2025,1,10,4,2025-01,Other,0,False,-0.4520598203590663
2025-02-01,KFC Outlet 22,25.61,Debit,Food,Normal,2025,2,1,5,2025-02,Other,1,False,-0.44600442683503333
2025-02-12,LYFT RIDE PGH,49.01,Debit,Transport,Normal,2025,2,12,2,2025-02,Transport,2,False,-0.46983164775320496
2025-01-17,WM SUPERCENTER #382,138.37,Debit,Groceries,Normal,2025,1,17,4,2025-01,Other,0,False,-0.4892862891614871
2025-03-01,COSTCO WHOLESALE,67.52,Debit,Groceries,Normal,2025,3,1,5,2025-03,Other,1,False,-0.4539732564757918
2025-03-07,WM SUPERCENTER #382,107.21,Debit,Groceries,Normal,2025,3,7,4,2025-03,Other,1,False,-0.4614284955937902
2025-01-05,ZARA MALL 09,69.97,Debit,Shopping,Normal,2025,1,5,6,2025-01,Shopping,0,False,-0.5478109385682955
2025-03-15,METRO TICKET,17.74,Debit,Transport,Normal,2025,3,15,5,2025-03,Other,1,False,-0.4595047471880705
2025-01-15,PAYPAL *SPOTIFY,77.46,Debit,Entertainment,Normal,2025,1,15,2,2025-01,Entertainment,4,False,-0.5571905191917054
2025-01-15,UBER TRIP 284922 CA,14.85,Debit,Transport,Normal,2025,1,15,2,2025-01,Transport,0,False,-0.5151866570932645
2025-02-27,WATER BILL,144.11,Debit,Utilities,Normal,2025,2,27,3,2025-02,Utilities,0,False,-0.5037975300433956
2025-03-06,Dominos Pizza,34.23,Debit,Food,Normal,2025,3,6,3,2025-03,Other,2,False,-0.4284407792265836
2025-01-02,APPLE STORE #R1234,49.11,Debit,Shopping,Normal,2025,1,2,3,2025-01,Shopping,0,False,-0.4814393449724086
2025-01-14,KFC Outlet 22,9.69,Debit,Food,Normal,2025,1,14,1,2025-01,Other,0,False,-0.4887680685103564
2025-01-20,Netflix.com,41.8,Debit,Entertainment,Normal,2025,1,20,0,2025-01,Entertainment,4,True,-0.5851721702235271
2025-02-02,ZARA MALL 09,46.66,Debit,Shopping,Normal,2025,2,2,6,2025-02,Shopping,1,False,-0.5051770071181431
2025-01-16,CINEMA CITY,44.51,Debit,Entertainment,Normal,2025,1,16,3,2025-01,Other,0,False,-0.44512683521452034
2025-02-06,TARGET T-2812,118.87,Debit,Shopping,Normal,2025,2,6,3,2025-02,Shopping,0,False,-0.4475961277417821
2025-03-23,WATER BILL,147.49,Debit,Utilities,Normal,2025,3,23,6,2025-03,Utilities,1,True,-0.581667873532318
2025-01-10,SHELL STATION #221,40.93,Debit,Transport,Normal,2025,1,10,4,2025-01,Other,0,False,-0.4373182985936728
2025-02-26,LOCAL GROCERY MART,124.54,Debit,Groceries,Normal,2025,2,26,2,2025-02,Other,2,False,-0.44999817378545615
2025-03-28,SHELL STATION #221,38.53,Debit,Transport,Normal,2025,3,28,4,2025-03,Other,1,False,-0.436063197993273
2025-01-31,SPAR HYPERMARKET,119.22,Debit,Groceries,Normal,2025,1,31,4,2025-01,Other,0,False,-0.4831815057625432
2025-02-05,PAYPAL *SPOTIFY,77.16,Debit,Entertainment,Normal,2025,2,5,2,2025-02,Entertainment,4,False,-0.5180703739343675
2025-03-30,CINEMA CITY,10.08,Debit,Entertainment,Normal,2025,3,30,6,2025-03,Other,1,False,-0.5002758031682714
2025-03-20,WM SUPERCENTER #382,81.93,Debit,Groceries,Normal,2025,3,20,3,2025-03,Other,2,False,-0.4334776939282833
2025-03-01,ACH DEPOSIT SALARY,3500.0,Credit,Income,Recurring,2025,3,1,5,2025-03,Income,3,True,-0.7147249925162288
2025-02-12,PAYPAL *SPOTIFY,11.19,Debit,Entertainment,Normal,2025,2,12,2,2025-02,Entertainment,4,False,-0.5219130212180559
2025-01-05,LOCAL GROCERY MART,116.54,Debit,Groceries,Normal,2025,1,5,6,2025-01,Other,0,False,-0.5456709467922043
2025-02-11,ZARA MALL 09,168.56,Debit,Shopping,Normal,2025,2,11,1,2025-02,Shopping,2,False,-0.4794566369037572
2025-03-12,COSTCO WHOLESALE,58.13,Debit,Groceries,Normal,2025,3,12,2,2025-03,Other,2,False,-0.43109474550733085
2025-01-23,APPLE STORE #R1234,241.38,Debit,Shopping,Normal,2025,1,23,3,2025-01,Shopping,0,False,-0.5596381080792213
2025-01-28,SHELL STATION #221,26.35,Debit,Transport,Normal,2025,1,28,1,2025-01,Other,0,False,-0.46057227778695886
2025-02-01,ACH DEPOSIT SALARY,3500.0,Credit,Income,Recurring,2025,2,1,5,2025-02,Income,3,True,-0.7281376418972978
2025-01-16,METRO TICKET,14.93,Debit,Transport,Normal,2025,1,16,3,2025-01,Other,0,False,-0.47072408870505533
2025-01-11,CINEMA CITY,12.87,Debit,Entertainment,Normal,2025,1,11,5,2025-01,Other,0,False,-0.5050280464919544
2025-01-16,LOCAL GROCERY MART,81.2,Debit,Groceries,Normal,2025,1,16,3,2025-01,Other,0,False,-0.4650366322622833
2025-02-24,WATER BILL,170.05,Debit,Utilities,Normal,2025,2,24,0,2025-02,Utilities,2,False,-0.5598461034638036
2025-03-29,APPLE STORE #R1234,205.27,Debit,Shopping,Normal,2025,3,29,5,2025-03,Shopping,1,False,-0.537854113345347
2025-02-06,SPAR HYPERMARKET,112.07,Debit,Groceries,Normal,2025,2,6,3,2025-02,Other,0,False,-0.4346973086041136
2025-03-26,PAYPAL *SPOTIFY,53.23,Debit,Entertainment,Normal,2025,3,26,2,2025-03,Entertainment,4,False,-0.5086692130557261
2025-01-27,INTERNET CHARGES,68.5,Debit,Utilities,Normal,2025,1,27,0,2025-01,Utilities,0,False,-0.5496137887994416
2025-02-07,CINEMA CITY,37.92,Debit,Entertainment,Normal,2025,2,7,4,2025-02,Other,1,False,-0.42894523843085525
2025-03-04,STEAM PURCHASE,65.09,Debit,Entertainment,Normal,2025,3,4,1,2025-03,Other,2,False,-0.4462635401346364
2025-01-10,WM SUPERCENTER #382,65.26,Debit,Groceries,Normal,2025,1,10,4,2025-01,Other,0,False,-0.45842764958307
2025-01-06,Netflix.com,76.37,Debit,Entertainment,Normal,2025,1,6,0,2025-01,Entertainment,4,True,-0.6075546349584453
2025-03-22,APPLE STORE #R1234,223.65,Debit,Shopping,Normal,2025,3,22,5,2025-03,Shopping,1,False,-0.5509287702970697
2025-02-03,PAYPAL *SPOTIFY,44.55,Debit,Entertainment,Normal,2025,2,3,0,2025-02,Entertainment,4,False,-0.5095899074614934
2025-03-07,METRO TICKET,12.73,Debit,Transport,Normal,2025,3,7,4,2025-03,Other,1,False,-0.45232510369990847
2025-01-06,INTERNET CHARGES,114.58,Debit,Utilities,Normal,2025,1,6,0,2025-01,Utilities,0,False,-0.5654874330543667
2025-03-30,COSTCO WHOLESALE,113.3,Debit,Groceries,Normal,2025,3,30,6,2025-03,Other,1,False,-0.5082531328461033
2025-01-27,Local Diner,24.22,Debit,Food,Normal,2025,1,27,0,2025-01,Food,4,False,-0.5532006337875587
2025-03-27,ZARA MALL 09,183.19,Debit,Shopping,Normal,2025,3,27,3,2025-03,Shopping,2,False,-0.4954835183308882
2025-02-03,Local Diner,29.25,Debit,Food,Normal,2025,2,3,0,2025-02,Food,4,False,-0.511332119889118
2025-02-21,CINEMA CITY,44.03,Debit,Entertainment,Normal,2025,2,21,4,2025-02,Other,1,False,-0.43187205444508614
2025-01-11,ZARA MALL 09,232.52,Debit,Shopping,Normal,2025,1,11,5,2025-01,Shopping,0,False,-0.5681726102775505
2025-01-14,CINEMA CITY,64.17,Debit,Entertainment,Normal,2025,1,14,1,2025-01,Other,0,False,-0.4610978213771505
2025-02-12,Starbucks Store 0032,23.0,Debit,Food,Normal,2025,2,12,2,2025-02,Food,4,False,-0.4834073798125387
2025-01-29,Starbucks Store 0032,21.15,Debit,Food,Normal,2025,1,29,2,2025-01,Food,4,False,-0.5115147146375295
2025-03-28,STEAM PURCHASE,28.57,Debit,Entertainment,Normal,2025,3,28,4,2025-03,Other,1,False,-0.4357836008208518
2025-03-23,Netflix.com,14.61,Debit,Entertainment,Normal,2025,3,23,6,2025-03,Entertainment,4,False,-0.5605638266655282
2025-03-19,SHELL STATION #221,28.87,Debit,Transport,Normal,2025,3,19,2,2025-03,Other,2,False,-0.4345407225781456
2025-01-12,YELLOW CAB CO,53.84,Debit,Transport,Normal,2025,1,12,6,2025-01,Transport,0,False,-0.5487307632911352
2025-02-24,WATER BILL,136.57,Debit,Utilities,Normal,2025,2,24,0,2025-02,Utilities,2,False,-0.5390475561825286
2025-03-25,APPLE STORE #R1234,152.86,Debit,Shopping,Normal,2025,3,25,1,2025-03,Shopping,2,False,-0.503776368431234
2025-01-11,ELECTRIC BILL,142.47,Debit,Utilities,Normal,2025,1,11,5,2025-01,Utilities,0,False,-0.55684104697913
2025-01-05,PAYPAL *SPOTIFY,38.09,Debit,Entertainment,Normal,2025,1,5,6,2025-01,Entertainment,4,True,-0.6012459673767682
2025-03-10,GAS COMPANY,139.22,Debit,Utilities,Normal,2025,3,10,0,2025-03,Other,2,False,-0.5186064853819446
2025-03-13,KFC Outlet 22,26.22,Debit,Food,Normal,2025,3,13,3,2025-03,Other,2,False,-0.4328786693192841
2025-01-14,LOCAL GROCERY MART,147.8,Debit,Groceries,Normal,2025,1,14,1,2025-01,Other,0,False,-0.5026432462312306
2025-03-23,LYFT RIDE PGH,40.29,Debit,Transport,Normal,2025,3,23,6,2025-03,Transport,1,False,-0.5291186717143099
2025-02-04,COSTCO WHOLESALE,119.37,Debit,Groceries,Normal,2025,2,4,1,2025-02,Other,2,False,-0.45780033826898675
2025-03-18,Netflix.com,64.82,Debit,Entertainment,Normal,2025,3,18,1,2025-03,Entertainment,4,False,-0.524003849367056
2025-03-25,PAYPAL *SPOTIFY,43.66,Debit,Entertainment,Normal,2025,3,25,1,2025-03,Entertainment,4,False,-0.5049953995722516
2025-01-29,WATER BILL,167.18,Debit,Utilities,Normal,2025,1,29,2,2025-01,Utilities,0,False,-0.5375235863774117
2025-03-19,ELECTRIC BILL,118.57,Debit,Utilities,Normal,2025,3,19,2,2025-03,Utilities,2,False,-0.5183757773232524
2025-01-13,H&M STORE 42,42.93,Debit,Shopping,Normal,2025,1,13,0,2025-01,Shopping,0,False,-0.5294485763360637
2025-02-07,APPLE STORE #R1234,175.11,Debit,Shopping,Normal,2025,2,7,4,2025-02,Shopping,1,False,-0.48090058607390784
2025-01-08,COSTCO WHOLESALE,89.84,Debit,Groceries,Normal,2025,1,8,2,2025-01,Other,0,False,-0.4683283487738923
2025-03-02,TARGET T-2812,194.53,Debit,Shopping,Normal,2025,3,2,6,2025-03,Shopping,1,False,-0.5615225996007327
2025-01-14,STEAM PURCHASE,70.8,Debit,Entertainment,Normal,2025,1,14,1,2025-01,Other,0,False,-0.46321574491339673
2025-03-02,SHELL STATION #221,41.88,Debit,Transport,Normal,2025,3,2,6,2025-03,Other,1,False,-0.4740934377586114
2025-01-09,METRO TICKET,9.92,Debit,Transport,Normal,2025,1,9,3,2025-01,Other,0,False,-0.4777868787398512
2025-03-17,WATER BILL,73.94,Debit,Utilities,Normal,2025,3,17,0,2025-03,Utilities,2,False,-0.5570504106633034
2025-02-21,SHELL STATION #221,56.0,Debit,Transport,Normal,2025,2,21,4,2025-02,Other,1,False,-0.4343564797996119
2025-03-18,STEAM PURCHASE,28.97,Debit,Entertainment,Normal,2025,3,18,1,2025-03,Other,2,False,-0.44677233994752397
2025-02-14,KFC Outlet 22,8.88,Debit,Food,Normal,2025,2,14,4,2025-02,Other,1,False,-0.4515958003231206
2025-02-17,Netflix.com,44.43,Debit,Entertainment,Normal,2025,2,17,0,2025-02,Entertainment,4,False,-0.5095899074614934
2025-01-23,Local Diner,32.38,Debit,Food,Normal,2025,1,23,3,2025-01,Food,4,False,-0.5198891647044175
2025-03-28,STEAM PURCHASE,77.64,Debit,Entertainment,Normal,2025,3,28,4,2025-03,Other,1,False,-0.4447319201080618
2025-01-10,COSTCO WHOLESALE,140.49,Debit,Groceries,Normal,2025,1,10,4,2025-01,Other,0,False,-0.4913991296067637
2025-03-11,Netflix.com,77.77,Debit,Entertainment,Normal,2025,3,11,1,2025-03,Entertainment,4,False,-0.5378334801892732
2025-03-07,LOCAL GROCERY MART,27.28,Debit,Groceries,Normal,2025,3,7,4,2025-03,Other,1,False,-0.4359103423893593
2025-03-03,TARGET T-2812,205.08,Debit,Shopping,Normal,2025,3,3,0,2025-03,Shopping,2,False,-0.5672680236953019
2025-02-27,ELECTRIC BILL,74.71,Debit,Utilities,Normal,2025,2,27,3,2025-02,Utilities,0,False,-0.5099905576848442
2025-03-29,Starbucks Store 0032,28.86,Debit,Food,Normal,2025,3,29,5,2025-03,Food,4,False,-0.5108983596301611
2025-03-15,Local Diner,21.43,Debit,Food,Normal,2025,3,15,5,2025-03,Food,4,False,-0.5154325358987847
2025-03-27,LOCAL GROCERY MART,143.75,Debit,Groceries,Normal,2025,3,27,3,2025-03,Other,2,False,-0.4622598864646932
2025-02-16,COSTCO WHOLESALE,149.67,Debit,Groceries,Normal,2025,2,16,6,2025-02,Other,1,False,-0.5351913785095714
2025-01-15,STEAM PURCHASE,50.03,Debit,Entertainment,Normal,2025,1,15,2,2025-01,Other,0,False,-0.44799555263007035
2025-02-22,H&M STORE 42,86.29,Debit,Shopping,Normal,2025,2,22,5,2025-02,Shopping,1,False,-0.47918951510783137
2025-02-25,SHELL STATION #221,55.36,Debit,Transport,Normal,2025,2,25,1,2025-02,Other,2,False,-0.4298790307249041
2025-02-14,TARGET T-2812,74.34,Debit,Shopping,Normal,2025,2,14,4,2025-02,Shopping,1,False,-0.47011237444497167
2025-03-09,APPLE STORE #R1234,230.1,Debit,Shopping,Normal,2025,3,9,6,2025-03,Shopping,1,True,-0.5953629350602525
2025-02-26,GAS COMPANY,147.72,Debit,Utilities,Normal,2025,2,26,2,2025-02,Other,2,False,-0.46675679017093674
2025-03-06,COSTCO WHOLESALE,144.72,Debit,Groceries,Normal,2025,3,6,3,2025-03,Other,2,False,-0.4634495683877063
2025-01-06,ELECTRIC BILL,51.37,Debit,Utilities,Normal,2025,1,6,0,2025-01,Utilities,0,False,-0.5558185967675654
2025-02-05,STEAM PURCHASE,53.13,Debit,Entertainment,Normal,2025,2,5,2,2025-02,Other,2,False,-0.42483511061711426
2025-01-22,METRO TICKET,33.25,Debit,Transport,Normal,2025,1,22,2,2025-01,Other,0,False,-0.45203618838311305
2025-01-24,KFC Outlet 22,23.12,Debit,Food,Normal,2025,1,24,4,2025-01,Other,0,False,-0.443481626862812
2025-03-15,PAYPAL *SPOTIFY,59.72,Debit,Entertainment,Normal,2025,3,15,5,2025-03,Entertainment,4,False,-0.543972353286979
2025-02-27,ELECTRIC BILL,103.48,Debit,Utilities,Normal,2025,2,27,3,2025-02,Utilities,0,False,-0.504843928683387
2025-02-16,H&M STORE 42,104.17,Debit,Shopping,Normal,2025,2,16,6,2025-02,Shopping,1,False,-0.5149168974034468
2025-02-19,Local Diner,37.43,Debit,Food,Normal,2025,2,19,2,2025-02,Food,4,False,-0.4820144718191831
2025-03-26,McDonalds #8492,32.06,Debit,Food,Normal,2025,3,26,2,2025-03,Food,4,False,-0.4944160233080753
2025-02-02,WM SUPERCENTER #382,83.79,Debit,Groceries,Normal,2025,2,2,6,2025-02,Other,1,False,-0.49535442049439266
2025-02-09,TARGET T-2812,33.32,Debit,Shopping,Normal,2025,2,9,6,2025-02,Shopping,1,False,-0.5075296163713048
2025-02-14,SHELL STATION #221,54.54,Debit,Transport,Normal,2025,2,14,4,2025-02,Other,1,False,-0.430679913852911
2025-02-02,LYFT RIDE PGH,17.02,Debit,Transport,Normal,2025,2,2,6,2025-02,Transport,1,False,-0.5412754142282851
2025-02-07,McDonalds #8492,19.15,Debit,Food,Normal,2025,2,7,4,2025-02,Food,4,False,-0.49212706643079307
2025-03-17,PAYPAL *SPOTIFY,38.61,Debit,Entertainment,Normal,2025,3,17,0,2025-03,Entertainment,4,False,-0.5440965113945664
2025-03-27,H&M STORE 42,69.27,Debit,Shopping,Normal,2025,3,27,3,2025-03,Shopping,2,False,-0.4666997127360632
2025-01-12,KFC Outlet 22,8.38,Debit,Food,Normal,2025,1,12,6,2025-01,Other,0,False,-0.5543461753106648
2025-03-28,ZARA MALL 09,154.45,Debit,Shopping,Normal,2025,3,28,4,2025-03,Shopping,1,False,-0.5041899098894724
2025-03-31,LYFT RIDE PGH,37.73,Debit,Transport,Normal,2025,3,31,0,2025-03,Transport,2,False,-0.51875795990224
2025-02-27,AMAZON MKTP US*2R9,187.17,Debit,Shopping,Normal,2025,2,27,3,2025-02,Shopping,0,False,-0.472184467884868
2025-02-13,COSTCO WHOLESALE,87.03,Debit,Groceries,Normal,2025,2,13,3,2025-02,Other,0,False,-0.43201940204185646
2025-02-10,APPLE STORE #R9999,2500.0,Debit,Shopping,Anomaly,2025,2,10,0,2025-02,Shopping,3,True,-0.6808647462095457
2025-01-24,PAYPAL *SPOTIFY,20.6,Debit,Entertainment,Normal,2025,1,24,4,2025-01,Entertainment,4,True,-0.5779143852103146
2025-02-13,COSTCO WHOLESALE,145.69,Debit,Groceries,Normal,2025,2,13,3,2025-02,Other,0,False,-0.4553062051064849
2025-03-02,UBER TRIP 284922 CA,37.33,Debit,Transport,Normal,2025,3,2,6,2025-03,Transport,1,False,-0.529952388125216
2025-03-26,WATER BILL,168.34,Debit,Utilities,Normal,2025,3,26,2,2025-03,Utilities,2,False,-0.5379422445926445
2025-02-26,Netflix.com,66.36,Debit,Entertainment,Normal,2025,2,26,2,2025-02,Entertainment,4,False,-0.5072457541167947
2025-02-14,APPLE STORE #R1234,111.93,Debit,Shopping,Normal,2025,2,14,4,2025-02,Shopping,1,False,-0.465200151240748
2025-03-16,WM SUPERCENTER #382,81.22,Debit,Groceries,Normal,2025,3,16,6,2025-03,Other,1,False,-0.48533751776809314
2025-01-29,LYFT RIDE PGH,46.3,Debit,Transport,Normal,2025,1,29,2,2025-01,Transport,0,False,-0.49462507510433096
2025-02-06,H&M STORE 42,247.49,Debit,Shopping,Normal,2025,2,6,3,2025-02,Shopping,0,False,-0.5420742394510036
2025-03-11,LOCAL GROCERY MART,101.46,Debit,Groceries,Normal,2025,3,11,1,2025-03,Other,2,False,-0.4600995005409909
2025-02-08,ELECTRIC BILL,179.15,Debit,Utilities,Normal,2025,2,8,5,2025-02,Utilities,1,False,-0.5461191965026958
2025-01-21,SPAR HYPERMARKET,25.41,Debit,Groceries,Normal,2025,1,21,1,2025-01,Other,0,False,-0.461610201215629
2025-03-13,ELECTRIC BILL,84.68,Debit,Utilities,Normal,2025,3,13,3,2025-03,Utilities,2,False,-0.5234573132145229
2025-02-19,UBER TRIP 284922 CA,27.5,Debit,Transport,Normal,2025,2,19,2,2025-02,Transport,2,False,-0.47293429693080513
2025-02-25,H&M STORE 42,190.96,Debit,Shopping,Normal,2025,2,25,1,2025-02,Shopping,2,False,-0.4978142060886676
2025-03-06,SHELL STATION #221,51.33,Debit,Transport,Normal,2025,3,6,3,2025-03,Other,2,False,-0.42310061142160976
2025-01-10,McDonalds #8492,24.1,Debit,Food,Normal,2025,1,10,4,2025-01,Food,4,False,-0.5158471445373592
2025-03-13,INTERNET CHARGES,133.8,Debit,Utilities,Normal,2025,3,13,3,2025-03,Utilities,2,False,-0.524962410995671
2025-03-25,Dominos Pizza,13.13,Debit,Food,Normal,2025,3,25,1,2025-03,Other,2,False,-0.4627258099683907
2025-03-15,TARGET T-2812,205.66,Debit,Shopping,Normal,2025,3,15,5,2025-03,Shopping,1,False,-0.537854113345347
2025-03-24,McDonalds #8492,22.44,Debit,Food,Normal,2025,3,24,0,2025-03,Food,4,False,-0.5441825219676191
2025-03-15,TARGET T-2812,182.05,Debit,Shopping,Normal,2025,3,15,5,2025-03,Shopping,1,False,-0.5191456132412305
2025-01-01,INTERNET CHARGES,160.18,Debit,Utilities,Normal,2025,1,1,2,2025-01,Utilities,0,False,-0.5312660022366319
2025-02-06,AMAZON MKTP US*2R9,168.27,Debit,Shopping,Normal,2025,2,6,3,2025-02,Shopping,0,False,-0.4626599742896555
2025-02-06,COSTCO WHOLESALE,34.23,Debit,Groceries,Normal,2025,2,6,3,2025-02,Other,0,False,-0.4205711563675472
2025-03-28,GAS COMPANY,95.53,Debit,Utilities,Normal,2025,3,28,4,2025-03,Other,1,False,-0.45999353769087836
2025-02-18,PAYPAL *SPOTIFY,9.99,Debit,Entertainment,Recurring,2025,2,18,1,2025-02,Entertainment,4,False,-0.530132347649356
2025-03-03,SPAR HYPERMARKET,121.15,Debit,Groceries,Normal,2025,3,3,0,2025-03,Other,2,False,-0.5116636395437216
2025-03-01,INTERNET CHARGES,141.26,Debit,Utilities,Normal,2025,3,1,5,2025-03,Utilities,1,False,-0.5512673571133495
2025-01-08,PAYPAL *SPOTIFY,39.65,Debit,Entertainment,Normal,2025,1,8,2,2025-01,Entertainment,4,False,-0.5366836389266822
2025-03-02,COSTCO WHOLESALE,82.1,Debit,Groceries,Normal,2025,3,2,6,2025-03,Other,1,False,-0.48766662128639604
2025-01-05,METRO TICKET,48.97,Debit,Transport,Normal,2025,1,5,6,2025-01,Other,0,False,-0.508952748683632
2025-03-03,COSTCO WHOLESALE,119.49,Debit,Groceries,Normal,2025,3,3,0,2025-03,Other,2,False,-0.5127751950815608
2025-03-09,INTERNET CHARGES,99.57,Debit,Utilities,Normal,2025,3,9,6,2025-03,Utilities,1,False,-0.5655501688339345
2025-01-10,METRO TICKET,16.98,Debit,Transport,Normal,2025,1,10,4,2025-01,Other,0,False,-0.45336091988293015
2025-01-13,UBER TRIP 284922 CA,23.09,Debit,Transport,Normal,2025,1,13,0,2025-01,Transport,0,False,-0.5413268628934493
2025-03-10,METRO TICKET,15.29,Debit,Transport,Normal,2025,3,10,0,2025-03,Other,2,False,-0.4909610447182831
2025-03-30,H&M STORE 42,66.04,Debit,Shopping,Normal,2025,3,30,6,2025-03,Shopping,1,False,-0.5016407515513998
2025-01-13,COSTCO WHOLESALE,25.65,Debit,Groceries,Normal,2025,1,13,0,2025-01,Other,0,False,-0.5043950820971043
2025-02-22,UBER TRIP 284922 CA,24.55,Debit,Transport,Normal,2025,2,22,5,2025-02,Transport,1,False,-0.494654628562226
2025-01-30,Starbucks Store 0032,33.18,Debit,Food,Normal,2025,1,30,3,2025-01,Food,4,False,-0.5202357593255008
2025-01-27,WATER BILL,153.83,Debit,Utilities,Normal,2025,1,27,0,2025-01,Utilities,0,True,-0.5778719159412635
2025-02-11,Local Diner,15.73,Debit,Food,Normal,2025,2,11,1,2025-02,Food,4,False,-0.5003064978918891
2025-01-03,SHELL STATION #221,15.92,Debit,Transport,Normal,2025,1,3,4,2025-01,Other,0,False,-0.4552284641981847
2025-01-26,H&M STORE 42,216.27,Debit,Shopping,Normal,2025,1,26,6,2025-01,Shopping,0,True,-0.6027612942801066
2025-02-04,LOCAL GROCERY MART,56.43,Debit,Groceries,Normal,2025,2,4,1,2025-02,Other,2,False,-0.4307524676662267
2025-01-08,INTERNET CHARGES,111.03,Debit,Utilities,Normal,2025,1,8,2,2025-01,Utilities,0,False,-0.5301287132099686
2025-03-30,SHELL STATION #221,50.07,Debit,Transport,Normal,2025,3,30,6,2025-03,Other,1,False,-0.4719564940824859
2025-01-21,YELLOW CAB CO,56.61,Debit,Transport,Normal,2025,1,21,1,2025-01,Transport,0,False,-0.5059155959485733
2025-03-26,METRO TICKET,19.66,Debit,Transport,Normal,2025,3,26,2,2025-03,Other,2,False,-0.43784884344497954
2025-02-17,CINEMA CITY,12.36,Debit,Entertainment,Normal,2025,2,17,0,2025-02,Other,2,False,-0.48732905635262497
2025-03-30,Netflix.com,72.27,Debit,Entertainment,Normal,2025,3,30,6,2025-03,Entertainment,4,False,-0.5673590265390889
2025-03-27,COSTCO WHOLESALE,58.35,Debit,Groceries,Normal,2025,3,27,3,2025-03,Other,2,False,-0.42921327336974036
2025-02-28,INTERNET CHARGES,52.34,Debit,Utilities,Normal,2025,2,28,4,2025-02,Utilities,1,False,-0.5118769529251885
2025-01-12,KFC Outlet 22,34.03,Debit,Food,Normal,2025,1,12,6,2025-01,Other,0,False,-0.5114439980404194
2025-03-11,YELLOW CAB CO,24.7,Debit,Transport,Normal,2025,3,11,1,2025-03,Transport,2,False,-0.5040743048482544
2025-02-25,ELECTRIC BILL,151.03,Debit,Utilities,Normal,2025,2,25,1,2025-02,Utilities,2,False,-0.5207088808761329
2025-02-06,YELLOW CAB CO,44.56,Debit,Transport,Normal,2025,2,6,3,2025-02,Transport,0,False,-0.46753222592708527
2025-01-31,Local Diner,17.68,Debit,Food,Normal,2025,1,31,4,2025-01,Food,4,False,-0.5222061075673967
2025-03-19,INTERNET CHARGES,105.1,Debit,Utilities,Normal,2025,3,19,2,2025-03,Utilities,2,False,-0.516498195520084
2025-02-04,COSTCO WHOLESALE,110.58,Debit,Groceries,Normal,2025,2,4,1,2025-02,Other,2,False,-0.45098741838299056
2025-03-28,McDonalds #8492,19.13,Debit,Food,Normal,2025,3,28,4,2025-03,Food,4,False,-0.5023122111731569
2025-02-12,ELECTRIC BILL,56.15,Debit,Utilities,Normal,2025,2,12,2,2025-02,Utilities,2,False,-0.4968964331749395
2025-02-18,WATER BILL,109.67,Debit,Utilities,Normal,2025,2,18,1,2025-02,Utilities,2,False,-0.5123885885511076
2025-02-23,SHELL STATION #221,31.77,Debit,Transport,Normal,2025,2,23,6,2025-02,Other,1,False,-0.4730200014165735
2025-02-14,LOCAL GROCERY MART,127.57,Debit,Groceries,Normal,2025,2,14,4,2025-02,Other,1,False,-0.4671937310498185
