date,description,amount,transaction_type,year,month,day,day_of_week,year_month,base_category,cluster_id,anomaly_score,is_anomaly
2025-03-09,Netflix.com,56.09,Debit,2025,3,9,6,2025-03,Entertainment,1,0.060477394082324,False
2025-01-10,UBER TRIP 284922 CA,16.63,Debit,2025,1,10,4,2025-01,Transport,3,0.07925780450426612,False
2025-02-25,CINEMA CITY,38.5,Debit,2025,2,25,1,2025-02,Other,4,0.16388246795025324,False
2025-01-01,ACH DEPOSIT SALARY,3500.0,Credit,2025,1,1,2,2025-01,Income,2,-0.1505141470278606,True
2025-01-12,STEAM PURCHASE,78.44,Debit,2025,1,12,6,2025-01,Other,3,0.09303642663067879,False
2025-02-13,H&M STORE 42,84.0,Debit,2025,2,13,3,2025-02,Shopping,3,0.1495963590054778,False
2025-01-17,ELECTRIC BILL,49.2,Debit,2025,1,17,4,2025-01,Utilities,3,0.059139273833226924,False
2025-02-27,LOCAL GROCERY MART,89.15,Debit,2025,2,27,3,2025-02,Other,3,0.16457507812596683,False
2025-03-27,Starbucks Store 0032,21.29,Debit,2025,3,27,3,2025-03,Food,1,0.10733815339875602,False
2025-01-19,McDonalds #8492,35.1,Debit,2025,1,19,6,2025-01,Food,1,0.03453852237936528,False
2025-03-19,PAYPAL *SPOTIFY,59.1,Debit,2025,3,19,2,2025-03,Entertainment,1,0.10117008417239143,False
2025-02-18,GAS COMPANY,170.6,Debit,2025,2,18,1,2025-02,Other,4,0.08000956195168324,False
2025-02-07,LYFT RIDE PGH,26.77,Debit,2025,2,7,4,2025-02,Transport,3,0.10612449999309304,False
2025-02-26,STEAM PURCHASE,45.73,Debit,2025,2,26,2,2025-02,Other,4,0.1754351824985126,False
2025-02-13,AMAZON MKTP US*2R9,127.72,Debit,2025,2,13,3,2025-02,Shopping,3,0.14574846291137755,False
2025-03-09,WM SUPERCENTER #382,118.21,Debit,2025,3,9,6,2025-03,Other,3,0.10641815385174364,False
2025-03-29,CINEMA CITY,51.93,Debit,2025,3,29,5,2025-03,Other,3,0.16468883133559065,False
2025-03-13,ZARA MALL 09,193.64,Debit,2025,3,13,3,2025-03,Shopping,3,0.10577421782340429,False
2025-03-02,ELECTRIC BILL,142.16,Debit,2025,3,2,6,2025-03,Utilities,3,0.04956927104490194,False
2025-03-11,Netflix.com,50.52,Debit,2025,3,11,1,2025-03,Entertainment,1,0.10242503631344191,False
2025-01-25,Local Diner,9.18,Debit,2025,1,25,5,2025-01,Food,1,0.049525663683258614,False
2025-01-24,APPLE STORE #R1234,120.25,Debit,2025,1,24,4,2025-01,Shopping,3,0.11288504628466761,False
2025-02-12,PAYPAL *SPOTIFY,17.91,Debit,2025,2,12,2,2025-02,Entertainment,1,0.08213243441318474,False
2025-03-03,GAS COMPANY,100.98,Debit,2025,3,3,0,2025-03,Other,4,0.11043430546994099,False
2025-02-24,McDonalds #8492,11.16,Debit,2025,2,24,0,2025-02,Food,1,0.061918454933605926,False
2025-10-02,PAYPAL *SPOTIFY,39.66,Debit,2025,10,2,3,2025-10,Entertainment,0,-0.0765898162721248,True
2025-01-16,INTERNET CHARGES,148.5,Debit,2025,1,16,3,2025-01,Utilities,3,0.056416007347903196,False
2025-03-19,SHELL STATION #221,58.11,Debit,2025,3,19,2,2025-03,Other,4,0.17417366155269604,False
2025-03-31,LOCAL GROCERY MART,106.15,Debit,2025,3,31,0,2025-03,Other,4,0.1109799995218097,False
2025-01-11,CINEMA CITY,69.37,Debit,2025,1,11,5,2025-01,Other,3,0.12964901494348247,False
2025-02-12,LOCAL GROCERY MART,133.04,Debit,2025,2,12,2,2025-02,Other,4,0.1511723641164418,False
2025-03-22,LYFT RIDE PGH,21.76,Debit,2025,3,22,5,2025-03,Transport,3,0.10383059487316199,False
2025-01-13,ELECTRIC BILL,115.27,Debit,2025,1,13,0,2025-01,Utilities,4,0.0363315846801997,False
2025-03-07,WATER BILL,166.83,Debit,2025,3,7,4,2025-03,Utilities,3,0.04995860353051551,False
2025-02-11,GAS COMPANY,113.57,Debit,2025,2,11,1,2025-02,Other,4,0.1470276835221926,False
2025-02-25,UBER TRIP 284922 CA,57.21,Debit,2025,2,25,1,2025-02,Transport,4,0.11086136959996268,False
2025-02-26,ELECTRIC BILL,135.24,Debit,2025,2,26,2,2025-02,Utilities,4,0.09594477725450279,False
2025-01-07,PAYPAL *SPOTIFY,18.74,Debit,2025,1,7,1,2025-01,Entertainment,1,0.045643062014083746,False
2025-01-06,TARGET T-2812,110.91,Debit,2025,1,6,0,2025-01,Shopping,4,0.061542385487855844,False
2025-02-24,Netflix.com,35.7,Debit,2025,2,24,0,2025-02,Entertainment,1,0.07230827693672681,False
2025-02-07,UBER TRIP 284922 CA,8.48,Debit,2025,2,7,4,2025-02,Transport,3,0.08139645068720824,False
2025-09-02,APPLE STORE #R1234,111.59,Debit,2025,9,2,1,2025-09,Shopping,0,-0.02933615717571736,True
2025-03-25,UBER TRIP 284922 CA,17.21,Debit,2025,3,25,1,2025-03,Transport,4,0.09254404130449417,False
2025-01-20,McDonalds #8492,31.41,Debit,2025,1,20,0,2025-01,Food,1,0.0424183486718015,False
2025-01-29,COSTCO WHOLESALE,127.07,Debit,2025,1,29,2,2025-01,Other,4,0.1270073311963436,False
2025-03-18,PAYPAL *SPOTIFY,9.99,Debit,2025,3,18,1,2025-03,Entertainment,1,0.0632320994336697,False
2025-03-18,INTERNET CHARGES,177.27,Debit,2025,3,18,1,2025-03,Utilities,4,0.024324719611466206,False
2025-02-19,LYFT RIDE PGH,55.94,Debit,2025,2,19,2,2025-02,Transport,4,0.12069311495817808,False
2025-11-01,WATER BILL,49.59,Debit,2025,11,1,5,2025-11,Utilities,0,-0.08537602318729953,True
2025-03-01,GAS COMPANY,47.59,Debit,2025,3,1,5,2025-03,Other,3,0.16251738538266486,False
2025-02-21,TARGET T-2812,194.95,Debit,2025,2,21,4,2025-02,Shopping,3,0.10241473485483238,False
2025-01-18,SPAR HYPERMARKET,47.72,Debit,2025,1,18,5,2025-01,Other,3,0.13767535996056673,False
2025-03-10,COSTCO WHOLESALE,86.03,Debit,2025,3,10,0,2025-03,Other,4,0.1102418172927963,False
2025-02-08,ELECTRIC BILL,171.45,Debit,2025,2,8,5,2025-02,Utilities,3,0.04753325830350308,False
2025-02-05,WATER BILL,127.5,Debit,2025,2,5,2,2025-02,Utilities,4,0.09686292687735026,False
2025-03-12,WM SUPERCENTER #382,81.85,Debit,2025,3,12,2,2025-03,Other,4,0.1627871946908847,False
2025-03-15,Netflix.com Subscription,15.99,Debit,2025,3,15,5,2025-03,Entertainment,1,0.05656397771553956,False
2025-02-01,SHELL STATION #221,29.43,Debit,2025,2,1,5,2025-02,Other,3,0.154800802707376,False
2025-01-15,McDonalds #8492,26.96,Debit,2025,1,15,2,2025-01,Food,1,0.0909813316087415,False
2025-02-06,KFC Outlet 22,25.91,Debit,2025,2,6,3,2025-02,Other,3,0.17365902145420697,False
2025-01-21,McDonalds #8492,11.08,Debit,2025,1,21,1,2025-01,Food,1,0.07293255136768106,False
2025-03-24,SPAR HYPERMARKET,42.86,Debit,2025,3,24,0,2025-03,Other,4,0.12591102326934545,False
2025-03-16,Starbucks Store 0032,37.51,Debit,2025,3,16,6,2025-03,Food,1,0.07350879155848156,False
2025-03-09,GAS COMPANY,164.5,Debit,2025,3,9,6,2025-03,Other,3,0.06391556859619141,False
2025-02-21,CINEMA CITY,40.66,Debit,2025,2,21,4,2025-02,Other,3,0.16887627482359957,False
2025-02-04,YELLOW CAB CO,24.62,Debit,2025,2,4,1,2025-02,Transport,4,0.10300181635481581,False
2025-03-30,LOCAL GROCERY MART,82.1,Debit,2025,3,30,6,2025-03,Other,3,0.126351318066034,False
2025-11-01,LYFT RIDE PGH,45.44,Debit,2025,11,1,5,2025-11,Transport,0,-0.07728360251792088,True
2025-02-16,GAS COMPANY,127.56,Debit,2025,2,16,6,2025-02,Other,3,0.09832271274211696,False
2025-01-25,COSTCO WHOLESALE,150.0,Debit,2025,1,25,5,2025-01,Other,3,0.08196384479458074,False
2025-01-02,KFC Outlet 22,26.74,Debit,2025,1,2,3,2025-01,Other,3,0.1531177185557106,False
2025-02-04,INTERNET CHARGES,59.22,Debit,2025,2,4,1,2025-02,Utilities,4,0.08530599527094973,False
2025-02-21,UBER TRIP 284922 CA,16.56,Debit,2025,2,21,4,2025-02,Transport,3,0.10220954490745371,False
2025-03-17,ZARA MALL 09,166.96,Debit,2025,3,17,0,2025-03,Shopping,4,0.07218146240567114,False
2025-02-01,ELECTRIC BILL,126.71,Debit,2025,2,1,5,2025-02,Utilities,3,0.07409294768236585,False
2025-01-25,CINEMA CITY,33.7,Debit,2025,1,25,5,2025-01,Other,3,0.13409225844602157,False
2025-02-03,WATER BILL,170.66,Debit,2025,2,3,0,2025-02,Utilities,4,0.03441352753025195,False
2025-12-02,McDonalds #8492,30.59,Debit,2025,12,2,1,2025-12,Food,0,-0.09774101753279107,True
2025-01-21,ZARA MALL 09,91.68,Debit,2025,1,21,1,2025-01,Shopping,4,0.1061945995647442,False
2025-03-05,STEAM PURCHASE,62.32,Debit,2025,3,5,2,2025-03,Other,4,0.1705808051312811,False
2025-02-25,Starbucks Store 0032,21.09,Debit,2025,2,25,1,2025-02,Food,1,0.10459898663779887,False
2025-02-01,YELLOW CAB CO,37.02,Debit,2025,2,1,5,2025-02,Transport,3,0.10997457346591394,False
2025-01-03,ELECTRIC BILL,150.15,Debit,2025,1,3,4,2025-01,Utilities,3,0.053739985155240144,False
2025-02-05,ELECTRIC BILL,146.23,Debit,2025,2,5,2,2025-02,Utilities,4,0.08804325221736103,False
2025-03-25,Dominos Pizza,30.23,Debit,2025,3,25,1,2025-03,Other,4,0.1611856651788306,False
2025-02-10,Dominos Pizza,20.02,Debit,2025,2,10,0,2025-02,Other,4,0.11782888536429575,False
2025-01-31,METRO TICKET,9.37,Debit,2025,1,31,4,2025-01,Other,3,0.136830510585483,False
2025-02-13,PAYPAL *SPOTIFY,31.98,Debit,2025,2,13,3,2025-02,Entertainment,1,0.0879739320625273,False
2025-02-12,PAYPAL *SPOTIFY,56.25,Debit,2025,2,12,2,2025-02,Entertainment,1,0.10073668152118148,False
2025-02-03,STEAM PURCHASE,26.08,Debit,2025,2,3,0,2025-02,Other,4,0.12281311839884734,False
2025-01-15,GAS COMPANY,165.93,Debit,2025,1,15,2,2025-01,Other,4,0.08367707617917602,False
2025-04-01,Netflix.com,39.94,Debit,2025,4,1,1,2025-04,Entertainment,1,0.04232627860132121,False
2025-03-15,INTERNET CHARGES,105.44,Debit,2025,3,15,5,2025-03,Utilities,3,0.07402076944294644,False
2025-01-10,H&M STORE 42,218.21,Debit,2025,1,10,4,2025-01,Shopping,3,0.07438899495211182,False
2025-01-24,H&M STORE 42,68.79,Debit,2025,1,24,4,2025-01,Shopping,3,0.11264279103427771,False
2025-02-19,WM SUPERCENTER #382,132.09,Debit,2025,2,19,2,2025-02,Other,4,0.15276308877327588,False
2025-02-23,ELECTRIC BILL,109.73,Debit,2025,2,23,6,2025-02,Utilities,3,0.04931654074945391,False
2025-01-29,ELECTRIC BILL,177.92,Debit,2025,1,29,2,2025-01,Utilities,4,0.03901503791456418,False
2025-03-26,LOCAL GROCERY MART,141.84,Debit,2025,3,26,2,2025-03,Other,4,0.14035424101972538,False
2025-02-11,GAS COMPANY,42.73,Debit,2025,2,11,1,2025-02,Other,4,0.1674361145682512,False
2025-03-02,AMAZON MKTP US*2R9,104.72,Debit,2025,3,2,6,2025-03,Shopping,3,0.10183012914507072,False
2025-11-03,ELECTRIC BILL,94.66,Debit,2025,11,3,0,2025-11,Utilities,0,-0.11177378353140177,True
2025-03-13,STEAM PURCHASE,19.15,Debit,2025,3,13,3,2025-03,Other,3,0.16776399094556216,False
2025-03-05,UNKNOWN TRANSACTION 999,1.0,Debit,2025,3,5,2,2025-03,Other,4,0.1466042700215333,False
2025-03-20,SPAR HYPERMARKET,128.82,Debit,2025,3,20,3,2025-03,Other,3,0.15113993302265893,False
2025-03-04,PAYPAL *SPOTIFY,40.15,Debit,2025,3,4,1,2025-03,Entertainment,1,0.10197929477326534,False
2025-03-09,PAYPAL *SPOTIFY,53.93,Debit,2025,3,9,6,2025-03,Entertainment,1,0.06014619618095751,False
2025-02-26,Dominos Pizza,8.43,Debit,2025,2,26,2,2025-02,Other,4,0.15324874229602697,False
2025-02-10,H&M STORE 42,159.43,Debit,2025,2,10,0,2025-02,Shopping,4,0.08366639476131438,False
2025-01-07,SPAR HYPERMARKET,87.75,Debit,2025,1,7,1,2025-01,Other,4,0.12568440980835333,False
2025-02-07,Local Diner,31.16,Debit,2025,2,7,4,2025-02,Food,1,0.10355016048447568,False
2025-04-01,STEAM PURCHASE,30.83,Debit,2025,4,1,1,2025-04,Other,4,0.09787949482511693,False
2025-01-16,GAS COMPANY,51.03,Debit,2025,1,16,3,2025-01,Other,3,0.15524859534305374,False
2025-02-27,INTERNET CHARGES,160.99,Debit,2025,2,27,3,2025-02,Utilities,3,0.07766028629645005,False
2025-03-02,UBER TRIP 284922 CA,54.27,Debit,2025,3,2,6,2025-03,Transport,3,0.09517583929895157,False
2025-04-01,GAS COMPANY,118.53,Debit,2025,4,1,1,2025-04,Other,4,0.07795371843704857,False
2025-01-30,APPLE STORE #R1234,204.44,Debit,2025,1,30,3,2025-01,Shopping,3,0.08438355102661443,False
2025-02-23,TARGET T-2812,114.98,Debit,2025,2,23,6,2025-02,Shopping,3,0.09624242162204649,False
2025-02-10,WATER BILL,95.01,Debit,2025,2,10,0,2025-02,Utilities,4,0.045034275093550624,False
2025-03-07,WATER BILL,85.92,Debit,2025,3,7,4,2025-03,Utilities,3,0.0822741762355505,False
2025-02-18,PAYPAL *SPOTIFY,52.32,Debit,2025,2,18,1,2025-02,Entertainment,1,0.09138922107927261,False
2025-02-01,Local Diner,14.97,Debit,2025,2,1,5,2025-02,Food,1,0.08698554650393697,False
2025-02-10,WATER BILL,131.76,Debit,2025,2,10,0,2025-02,Utilities,4,0.051608961140923615,False
2025-01-21,GAS COMPANY,131.4,Debit,2025,1,21,1,2025-01,Other,4,0.10537645229581172,False
2025-01-26,LYFT RIDE PGH,48.9,Debit,2025,1,26,6,2025-01,Transport,3,0.06613878198576884,False
2025-02-27,Dominos Pizza,12.75,Debit,2025,2,27,3,2025-02,Other,3,0.1594882586410833,False
2025-03-08,STEAM PURCHASE,11.62,Debit,2025,3,8,5,2025-03,Other,3,0.1419406494756028,False
2025-04-01,COSTCO WHOLESALE,79.44,Debit,2025,4,1,1,2025-04,Other,4,0.09326338741583323,False
2025-02-17,PAYPAL *SPOTIFY,48.06,Debit,2025,2,17,0,2025-02,Entertainment,1,0.07417880163713375,False
2025-03-17,CINEMA CITY,31.21,Debit,2025,3,17,0,2025-03,Other,4,0.12766747260654338,False
2025-01-29,AMAZON MKTP US*2R9,199.68,Debit,2025,1,29,2,2025-01,Shopping,4,0.07043873407992551,False
2025-02-27,LOCAL GROCERY MART,118.97,Debit,2025,2,27,3,2025-02,Other,3,0.16355966761920482,False
2025-02-19,H&M STORE 42,198.13,Debit,2025,2,19,2,2025-02,Shopping,4,0.10322052991670011,False
2025-01-13,LOCAL GROCERY MART,130.94,Debit,2025,1,13,0,2025-01,Other,4,0.07188250808539531,False
2025-06-03,METRO TICKET,22.19,Debit,2025,6,3,1,2025-06,Other,0,0.03909548611887548,False
2025-01-23,SHELL STATION #221,52.52,Debit,2025,1,23,3,2025-01,Other,3,0.1554149204731753,False
2025-01-20,STEAM PURCHASE,55.15,Debit,2025,1,20,0,2025-01,Other,4,0.0866680624926559,False
2025-02-02,WM SUPERCENTER #382,118.23,Debit,2025,2,2,6,2025-02,Other,3,0.10791387933105889,False
2025-02-08,APPLE STORE #R1234,153.38,Debit,2025,2,8,5,2025-02,Shopping,3,0.10592468869402238,False
2025-03-12,PAYPAL *SPOTIFY,27.61,Debit,2025,3,12,2,2025-03,Entertainment,1,0.09714080626546173,False
2025-09-02,SHELL STATION #221,27.19,Debit,2025,9,2,1,2025-09,Other,0,-0.006321196715872501,True
2025-03-23,METRO TICKET,13.33,Debit,2025,3,23,6,2025-03,Other,3,0.11408139072102386,False
2025-01-08,ELECTRIC BILL,172.66,Debit,2025,1,8,2,2025-01,Utilities,4,0.049618344183759544,False
2025-01-18,PAYPAL *SPOTIFY,9.99,Debit,2025,1,18,5,2025-01,Entertainment,1,0.015775296058013533,False
2025-10-01,STEAM PURCHASE,41.54,Debit,2025,10,1,2,2025-10,Other,0,-0.03196164652925659,True
2025-02-13,ZARA MALL 09,222.47,Debit,2025,2,13,3,2025-02,Shopping,3,0.10261200120212266,False
2025-01-17,LOCAL GROCERY MART,82.15,Debit,2025,1,17,4,2025-01,Other,3,0.14327641597347152,False
2025-03-16,APPLE STORE #R1234,54.06,Debit,2025,3,16,6,2025-03,Shopping,3,0.12010596845812371,False
2025-01-18,GAS COMPANY,103.51,Debit,2025,1,18,5,2025-01,Other,3,0.11432965572400489,False
2025-01-08,INTERNET CHARGES,48.0,Debit,2025,1,8,2,2025-01,Utilities,4,0.07233464102011544,False
2025-01-30,Starbucks Store 0032,18.3,Debit,2025,1,30,3,2025-01,Food,1,0.07824354521420446,False
2025-03-19,ELECTRIC BILL,169.98,Debit,2025,3,19,2,2025-03,Utilities,4,0.05340567383851125,False
2025-02-17,GAS COMPANY,138.27,Debit,2025,2,17,0,2025-02,Other,4,0.09395851464819838,False
2025-01-01,Local Diner,31.99,Debit,2025,1,1,2,2025-01,Food,1,0.08792063264671707,False
2025-02-11,SHELL STATION #221,45.5,Debit,2025,2,11,1,2025-02,Other,4,0.1672576891548075,False
2025-03-12,TARGET T-2812,64.12,Debit,2025,3,12,2,2025-03,Shopping,4,0.13991820473989935,False
2025-03-06,McDonalds #8492,6.37,Debit,2025,3,6,3,2025-03,Food,1,0.08078523207973476,False
2025-03-02,TARGET T-2812,104.6,Debit,2025,3,2,6,2025-03,Shopping,3,0.10183012914507072,False
2025-02-04,INTERNET CHARGES,55.62,Debit,2025,2,4,1,2025-02,Utilities,4,0.08920385176737211,False
2025-01-15,Netflix.com,61.39,Debit,2025,1,15,2,2025-01,Entertainment,1,0.05538971028597728,False
2025-02-15,Netflix.com Subscription,15.99,Debit,2025,2,15,5,2025-02,Entertainment,1,0.04671518633323968,False
2025-01-05,WATER BILL,135.07,Debit,2025,1,5,6,2025-01,Utilities,3,0.02533844065996871,False
2025-03-14,APPLE STORE #R1234,39.54,Debit,2025,3,14,4,2025-03,Shopping,3,0.12902662467917447,False
2025-02-15,SPAR HYPERMARKET,133.51,Debit,2025,2,15,5,2025-02,Other,3,0.12296226344204347,False
2025-02-14,LOCAL GROCERY MART,93.99,Debit,2025,2,14,4,2025-02,Other,3,0.15061710153602642,False
2025-02-01,COSTCO WHOLESALE,76.25,Debit,2025,2,1,5,2025-02,Other,3,0.14388290882589466,False
2025-02-04,WM SUPERCENTER #382,51.37,Debit,2025,2,4,1,2025-02,Other,4,0.16670956470310133,False
2025-02-09,Netflix.com,53.99,Debit,2025,2,9,6,2025-02,Entertainment,1,0.04257951373415014,False
2025-02-22,CINEMA CITY,36.97,Debit,2025,2,22,5,2025-02,Other,3,0.1590954279085099,False
2025-02-03,PAYPAL *SPOTIFY,61.37,Debit,2025,2,3,0,2025-02,Entertainment,1,0.05753132948093598,False
2025-03-19,LYFT RIDE PGH,53.4,Debit,2025,3,19,2,2025-03,Transport,4,0.11015620549486488,False
2025-02-17,Netflix.com,56.59,Debit,2025,2,17,0,2025-02,Entertainment,1,0.06782745076734398,False
2025-03-24,Netflix.com,51.86,Debit,2025,3,24,0,2025-03,Entertainment,1,0.0659808495949401,False
2025-01-21,Starbucks Store 0032,19.3,Debit,2025,1,21,1,2025-01,Food,1,0.0820564396161087,False
2025-03-16,CINEMA CITY,35.43,Debit,2025,3,16,6,2025-03,Other,3,0.1399301241804981,False
2025-02-23,WM SUPERCENTER #382,50.85,Debit,2025,2,23,6,2025-02,Other,3,0.13470132171574356,False
2025-01-12,COSTCO WHOLESALE,105.21,Debit,2025,1,12,6,2025-01,Other,3,0.07919854376061436,False
2025-01-07,STEAM PURCHASE,67.96,Debit,2025,1,7,1,2025-01,Other,4,0.13407116466222413,False
2025-03-13,ZARA MALL 09,86.19,Debit,2025,3,13,3,2025-03,Shopping,3,0.14053662889156798,False
2025-04-01,SPAR HYPERMARKET,61.19,Debit,2025,4,1,1,2025-04,Other,4,0.10023513016143965,False
2025-02-13,APPLE STORE #R1234,179.32,Debit,2025,2,13,3,2025-02,Shopping,3,0.12876886766429435,False
2025-05-03,AMAZON MKTP US*2R9,42.35,Debit,2025,5,3,5,2025-05,Shopping,3,0.025318209228035293,False
2025-01-12,SPAR HYPERMARKET,68.5,Debit,2025,1,12,6,2025-01,Other,3,0.09614232069250345,False
2025-01-17,GAS COMPANY,61.6,Debit,2025,1,17,4,2025-01,Other,3,0.15121156804685315,False
2025-01-26,Netflix.com,50.63,Debit,2025,1,26,6,2025-01,Entertainment,1,-0.00010731617776782443,True
2025-02-22,COSTCO WHOLESALE,36.79,Debit,2025,2,22,5,2025-02,Other,3,0.1590954279085099,False
2025-01-13,PAYPAL *SPOTIFY,78.68,Debit,2025,1,13,0,2025-01,Entertainment,1,-0.003142201048059401,True
2025-03-27,LOCAL GROCERY MART,79.76,Debit,2025,3,27,3,2025-03,Other,3,0.16867189312046516,False
2025-01-06,YELLOW CAB CO,26.96,Debit,2025,1,6,0,2025-01,Transport,4,0.044230745976953534,False
2025-01-23,H&M STORE 42,229.79,Debit,2025,1,23,3,2025-01,Shopping,3,0.06953608239009557,False
2025-01-05,AMAZON MKTP US*2R9,157.21,Debit,2025,1,5,6,2025-01,Shopping,3,0.0515928246547932,False
2025-02-07,INTERNET CHARGES,43.07,Debit,2025,2,7,4,2025-02,Utilities,3,0.07565975695368532,False
2025-02-20,Starbucks Store 0032,400.0,Debit,2025,2,20,3,2025-02,Food,1,0.009529242330099885,False
2025-02-02,McDonalds #8492,27.23,Debit,2025,2,2,6,2025-02,Food,1,0.0694100795929865,False
2025-06-01,LYFT RIDE PGH,54.06,Debit,2025,6,1,6,2025-06,Transport,3,-0.01271040182522254,True
2025-01-18,INTERNET CHARGES,95.72,Debit,2025,1,18,5,2025-01,Utilities,3,0.053857467174533546,False
2025-05-02,ELECTRIC BILL,58.01,Debit,2025,5,2,4,2025-05,Utilities,3,-0.00020266696839521536,True
2025-03-24,UBER TRIP 284922 CA,41.04,Debit,2025,3,24,0,2025-03,Transport,4,0.0800736784685196,False
2025-01-06,Starbucks Store 0032,9.8,Debit,2025,1,6,0,2025-01,Food,1,0.024718831759283355,False
2025-01-19,WATER BILL,104.56,Debit,2025,1,19,6,2025-01,Utilities,3,0.035666586635123676,False
2025-01-01,TARGET T-2812,220.07,Debit,2025,1,1,2,2025-01,Shopping,4,0.06158431534862652,False
2025-01-10,WATER BILL,176.13,Debit,2025,1,10,4,2025-01,Utilities,3,0.03758213970528257,False
2025-03-03,WATER BILL,47.96,Debit,2025,3,3,0,2025-03,Utilities,4,0.03263540339946813,False
2025-02-24,LOCAL GROCERY MART,35.84,Debit,2025,2,24,0,2025-02,Other,4,0.12243495161100787,False
2025-01-31,STEAM PURCHASE,51.96,Debit,2025,1,31,4,2025-01,Other,3,0.15242393919719427,False
2025-03-24,Netflix.com,30.24,Debit,2025,3,24,0,2025-03,Entertainment,1,0.05886614700135284,False
2025-03-21,STEAM PURCHASE,18.64,Debit,2025,3,21,4,2025-03,Other,3,0.16094653484523735,False
2025-02-08,SPAR HYPERMARKET,63.17,Debit,2025,2,8,5,2025-02,Other,3,0.14818846026480975,False
2025-02-18,INTERNET CHARGES,127.75,Debit,2025,2,18,1,2025-02,Utilities,4,0.07675239297788872,False
2025-02-25,H&M STORE 42,26.68,Debit,2025,2,25,1,2025-02,Shopping,4,0.12948851459759553,False
2025-03-23,CINEMA CITY,14.72,Debit,2025,3,23,6,2025-03,Other,3,0.12272724791886641,False
2025-03-25,Local Diner,14.56,Debit,2025,3,25,1,2025-03,Food,1,0.09325759279528895,False
2025-01-04,LYFT RIDE PGH,49.27,Debit,2025,1,4,5,2025-01,Transport,3,0.09201669638722021,False
2025-03-13,COSTCO WHOLESALE,111.33,Debit,2025,3,13,3,2025-03,Other,3,0.15789565673782835,False
2025-11-01,GAS COMPANY,161.87,Debit,2025,11,1,5,2025-11,Other,0,-0.08616500319628029,True
2025-03-28,STEAM PURCHASE,45.94,Debit,2025,3,28,4,2025-03,Other,3,0.16417585527374512,False
2025-03-10,COSTCO WHOLESALE,120.23,Debit,2025,3,10,0,2025-03,Other,4,0.10641038255439744,False
2025-03-11,ZARA MALL 09,175.45,Debit,2025,3,11,1,2025-03,Shopping,4,0.09394960746019798,False
2025-01-21,INTERNET CHARGES,92.2,Debit,2025,1,21,1,2025-01,Utilities,4,0.0669016990417205,False
2025-03-01,INTERNET CHARGES,175.95,Debit,2025,3,1,5,2025-03,Utilities,3,0.03980756349839787,False
2025-02-24,Netflix.com,39.0,Debit,2025,2,24,0,2025-02,Entertainment,1,0.07390484035547784,False
2025-03-07,PAYPAL *SPOTIFY,59.74,Debit,2025,3,7,4,2025-03,Entertainment,1,0.06910425353731398,False
2025-02-11,COSTCO WHOLESALE,25.85,Debit,2025,2,11,1,2025-02,Other,4,0.1598535271643114,False
2025-02-17,H&M STORE 42,195.51,Debit,2025,2,17,0,2025-02,Shopping,4,0.052194036255330034,False
2025-01-15,Netflix.com Subscription,15.99,Debit,2025,1,15,2,2025-01,Entertainment,1,0.05541306737437879,False
2025-03-27,Local Diner,26.81,Debit,2025,3,27,3,2025-03,Food,1,0.11185768756552972,False
2025-03-04,WM SUPERCENTER #382,97.13,Debit,2025,3,4,1,2025-03,Other,4,0.14708203008591353,False
2025-01-11,WATER BILL,61.12,Debit,2025,1,11,5,2025-01,Utilities,3,0.05533148939862376,False
2025-01-06,SPAR HYPERMARKET,147.63,Debit,2025,1,6,0,2025-01,Other,4,0.055483261000082496,False
2025-03-31,METRO TICKET,25.69,Debit,2025,3,31,0,2025-03,Other,4,0.12693099494316668,False
2025-02-08,INTERNET CHARGES,111.02,Debit,2025,2,8,5,2025-02,Utilities,3,0.07883161625211077,False
2025-03-10,LYFT RIDE PGH,16.5,Debit,2025,3,10,0,2025-03,Transport,4,0.06749700663500413,False
2025-01-02,H&M STORE 42,209.14,Debit,2025,1,2,3,2025-01,Shopping,3,0.08264486778907348,False
2025-03-19,METRO TICKET,9.81,Debit,2025,3,19,2,2025-03,Other,4,0.15471649202114635,False
2025-01-07,WM SUPERCENTER #382,32.58,Debit,2025,1,7,1,2025-01,Other,4,0.140839674147118,False
2025-02-27,WM SUPERCENTER #382,138.23,Debit,2025,2,27,3,2025-02,Other,3,0.1507604895560195,False
2025-02-14,Dominos Pizza,17.86,Debit,2025,2,14,4,2025-02,Other,3,0.16254108039063442,False
2025-03-28,PAYPAL *SPOTIFY,76.6,Debit,2025,3,28,4,2025-03,Entertainment,1,0.04628891158770121,False
2025-01-31,AMAZON MKTP US*2R9,197.45,Debit,2025,1,31,4,2025-01,Shopping,3,0.08451199361240569,False
2025-01-31,APPLE STORE #R1234,94.47,Debit,2025,1,31,4,2025-01,Shopping,3,0.11606407257770401,False
2025-03-17,LYFT RIDE PGH,8.37,Debit,2025,3,17,0,2025-03,Transport,4,0.04742726792427798,False
2025-02-28,ZARA MALL 09,173.37,Debit,2025,2,28,4,2025-02,Shopping,3,0.11084631950918444,False
2025-01-02,SHELL STATION #221,36.03,Debit,2025,1,2,3,2025-01,Other,3,0.15472751902488474,False
2025-02-17,LOCAL GROCERY MART,125.14,Debit,2025,2,17,0,2025-02,Other,4,0.10835428194412938,False
2025-01-16,SPAR HYPERMARKET,111.08,Debit,2025,1,16,3,2025-01,Other,3,0.13458814935771413,False
2025-03-28,Starbucks Store 0032,14.52,Debit,2025,3,28,4,2025-03,Food,1,0.08674137011845978,False
2025-02-23,GAS COMPANY,118.95,Debit,2025,2,23,6,2025-02,Other,3,0.1071148588582298,False
2025-01-18,ELECTRIC BILL,78.67,Debit,2025,1,18,5,2025-01,Utilities,3,0.05333795367765326,False
2025-03-10,McDonalds #8492,9.49,Debit,2025,3,10,0,2025-03,Food,1,0.048562525776345344,False
2025-02-10,Starbucks Store 0032,34.37,Debit,2025,2,10,0,2025-02,Food,1,0.0779822152301079,False
2025-01-05,INTERNET CHARGES,162.69,Debit,2025,1,5,6,2025-01,Utilities,3,0.014239517433985549,False
2025-01-10,YELLOW CAB CO,51.91,Debit,2025,1,10,4,2025-01,Transport,3,0.08971450469284642,False
2025-02-02,METRO TICKET,58.3,Debit,2025,2,2,6,2025-02,Other,3,0.13126216659180684,False
2025-03-28,GAS COMPANY,165.41,Debit,2025,3,28,4,2025-03,Other,3,0.10503179184722616,False
2025-02-14,WATER BILL,162.91,Debit,2025,2,14,4,2025-02,Utilities,3,0.06706578075723169,False
2025-04-02,METRO TICKET,55.08,Debit,2025,4,2,2,2025-04,Other,4,0.11406818963834436,False
2025-02-18,ZARA MALL 09,68.68,Debit,2025,2,18,1,2025-02,Shopping,4,0.12761835292116436,False
2025-01-19,UBER TRIP 284922 CA,10.4,Debit,2025,1,19,6,2025-01,Transport,3,0.03494206040439185,False
2025-01-28,GAS COMPANY,98.78,Debit,2025,1,28,1,2025-01,Other,4,0.12367401638023129,False
2025-03-27,PAYPAL *SPOTIFY,34.22,Debit,2025,3,27,3,2025-03,Entertainment,1,0.08975671675457086,False
2025-02-25,Local Diner,27.25,Debit,2025,2,25,1,2025-02,Food,1,0.11125566352138921,False
2025-02-13,Netflix.com,25.9,Debit,2025,2,13,3,2025-02,Entertainment,1,0.08548993663871218,False
2025-03-09,INTERNET CHARGES,103.52,Debit,2025,3,9,6,2025-03,Utilities,3,0.06446766136239535,False
2025-02-26,WM SUPERCENTER #382,99.75,Debit,2025,2,26,2,2025-02,Other,4,0.16050493713300623,False
2025-01-27,ZARA MALL 09,181.42,Debit,2025,1,27,0,2025-01,Shopping,4,0.032646006772560576,False
2025-03-20,SPAR HYPERMARKET,142.38,Debit,2025,3,20,3,2025-03,Other,3,0.1412400343778944,False
2025-01-17,Dominos Pizza,38.79,Debit,2025,1,17,4,2025-01,Other,3,0.15984930239377138,False
2025-01-17,SHELL STATION #221,18.67,Debit,2025,1,17,4,2025-01,Other,3,0.15229738812812071,False
2025-02-17,APPLE STORE #R1234,70.8,Debit,2025,2,17,0,2025-02,Shopping,4,0.0848661828737255,False
2025-03-12,CINEMA CITY,33.33,Debit,2025,3,12,2,2025-03,Other,4,0.1762679982731743,False
2025-03-20,H&M STORE 42,83.15,Debit,2025,3,20,3,2025-03,Shopping,3,0.14145647848600784,False
2025-01-07,STEAM PURCHASE,20.28,Debit,2025,1,7,1,2025-01,Other,4,0.13188130797620207,False
2025-01-31,KFC Outlet 22,25.02,Debit,2025,1,31,4,2025-01,Other,3,0.15560594580602505,False
2025-02-15,McDonalds #8492,28.87,Debit,2025,2,15,5,2025-02,Food,1,0.09418096644348883,False
2025-02-13,WM SUPERCENTER #382,86.79,Debit,2025,2,13,3,2025-02,Other,3,0.16842639223117822,False
2025-03-01,STEAM PURCHASE,53.48,Debit,2025,3,1,5,2025-03,Other,3,0.1652089001389077,False
2025-03-02,Netflix.com,14.57,Debit,2025,3,2,6,2025-03,Entertainment,1,0.0371730088349127,False
2025-03-02,UBER TRIP 284922 CA,14.59,Debit,2025,3,2,6,2025-03,Transport,3,0.07490585142793216,False
2025-03-25,STEAM PURCHASE,23.87,Debit,2025,3,25,1,2025-03,Other,4,0.1577411567328736,False
2025-03-30,PAYPAL *SPOTIFY,59.33,Debit,2025,3,30,6,2025-03,Entertainment,1,0.05348151129413936,False
2025-01-18,Starbucks Store 0032,38.12,Debit,2025,1,18,5,2025-01,Food,1,0.059429537728187376,False
2025-03-28,GAS COMPANY,79.78,Debit,2025,3,28,4,2025-03,Other,3,0.15736098401332765,False
2025-03-25,WATER BILL,85.01,Debit,2025,3,25,1,2025-03,Utilities,4,0.06729571853400429,False
2025-03-23,LOCAL GROCERY MART,45.33,Debit,2025,3,23,6,2025-03,Other,3,0.14037412993470738,False
2025-02-13,Starbucks Store 0032,25.59,Debit,2025,2,13,3,2025-02,Food,1,0.12067641695805281,False
2025-01-15,ELECTRIC BILL,156.03,Debit,2025,1,15,2,2025-01,Utilities,4,0.06467052183195876,False
2025-03-11,CINEMA CITY,54.22,Debit,2025,3,11,1,2025-03,Other,4,0.16715365724585723,False
2025-01-04,Starbucks Store 0032,12.65,Debit,2025,1,4,5,2025-01,Food,1,0.049168658890129224,False
2025-01-13,CINEMA CITY,38.73,Debit,2025,1,13,0,2025-01,Other,4,0.09745969571283436,False
2025-03-02,INTERNET CHARGES,45.13,Debit,2025,3,2,6,2025-03,Utilities,3,0.06539314415131736,False
2025-01-10,ELECTRIC BILL,99.32,Debit,2025,1,10,4,2025-01,Utilities,3,0.06194551973956186,False
2025-02-13,WATER BILL,156.25,Debit,2025,2,13,3,2025-02,Utilities,3,0.081718611144321,False
2025-01-17,SHELL STATION #221,21.03,Debit,2025,1,17,4,2025-01,Other,3,0.15478177091645012,False
2025-03-28,Local Diner,25.17,Debit,2025,3,28,4,2025-03,Food,1,0.09202343150459563,False
2025-03-16,STEAM PURCHASE,72.64,Debit,2025,3,16,6,2025-03,Other,3,0.12923074863911393,False
2025-03-05,Dominos Pizza,23.76,Debit,2025,3,5,2,2025-03,Other,4,0.17137606411622458,False
2025-03-22,YELLOW CAB CO,59.87,Debit,2025,3,22,5,2025-03,Transport,3,0.10542649858350278,False
2025-03-22,Netflix.com,24.48,Debit,2025,3,22,5,2025-03,Entertainment,1,0.057806314394628244,False
2025-02-11,AMAZON MKTP US*2R9,217.28,Debit,2025,2,11,1,2025-02,Shopping,4,0.07036503990127108,False
2025-03-19,WATER BILL,61.4,Debit,2025,3,19,2,2025-03,Utilities,4,0.08246832657263548,False
2025-03-11,Netflix.com,79.99,Debit,2025,3,11,1,2025-03,Entertainment,1,0.06534848893447698,False
2025-02-26,H&M STORE 42,47.93,Debit,2025,2,26,2,2025-02,Shopping,4,0.14713860822066543,False
2025-03-03,LYFT RIDE PGH,31.66,Debit,2025,3,3,0,2025-03,Transport,4,0.07848415689533284,False
2025-03-08,CINEMA CITY,52.35,Debit,2025,3,8,5,2025-03,Other,3,0.16532891060597132,False
2025-01-21,METRO TICKET,59.79,Debit,2025,1,21,1,2025-01,Other,4,0.13592266196019592,False
2025-02-24,STEAM PURCHASE,51.71,Debit,2025,2,24,0,2025-02,Other,4,0.11829560715763171,False
2025-03-03,CINEMA CITY,60.17,Debit,2025,3,3,0,2025-03,Other,4,0.11644987877661017,False
2025-02-20,Dominos Pizza,21.0,Debit,2025,2,20,3,2025-02,Other,3,0.1708580356775286,False
2025-02-13,SPAR HYPERMARKET,74.84,Debit,2025,2,13,3,2025-02,Other,3,0.16856754275674074,False
2025-04-01,INTERNET CHARGES,50.93,Debit,2025,4,1,1,2025-04,Utilities,4,0.028362461133477512,False
2025-01-07,COSTCO WHOLESALE,70.32,Debit,2025,1,7,1,2025-01,Other,4,0.13217100833293,False
2025-01-28,AMAZON MKTP US*2R9,153.21,Debit,2025,1,28,1,2025-01,Shopping,4,0.07726061058714434,False
2025-09-01,LYFT RIDE PGH,22.3,Debit,2025,9,1,0,2025-09,Transport,0,-0.04619362683441852,True
2025-02-01,Netflix.com,58.2,Debit,2025,2,1,5,2025-02,Entertainment,1,0.05388807029995957,False
2025-02-25,METRO TICKET,54.18,Debit,2025,2,25,1,2025-02,Other,4,0.16478573080879516,False
2025-03-01,YELLOW CAB CO,47.88,Debit,2025,3,1,5,2025-03,Transport,3,0.11028585829866816,False
2025-01-25,AMAZON MKTP US*2R9,238.27,Debit,2025,1,25,5,2025-01,Shopping,3,0.044769196023486835,False
2025-03-30,WATER BILL,66.82,Debit,2025,3,30,6,2025-03,Utilities,3,0.06620241621168377,False
2025-03-14,ELECTRIC BILL,51.75,Debit,2025,3,14,4,2025-03,Utilities,3,0.08475516409391459,False
2025-02-02,CINEMA CITY,76.66,Debit,2025,2,2,6,2025-02,Other,3,0.11822733368573957,False
2025-03-21,ELECTRIC BILL,125.26,Debit,2025,3,21,4,2025-03,Utilities,3,0.07288874846767279,False
2025-03-15,CINEMA CITY,54.88,Debit,2025,3,15,5,2025-03,Other,3,0.16459342948883898,False
2025-01-07,CINEMA CITY,51.23,Debit,2025,1,7,1,2025-01,Other,4,0.1422056104871277,False
2025-01-29,UBER TRIP 284922 CA,42.32,Debit,2025,1,29,2,2025-01,Transport,4,0.09958122364162547,False
2025-03-25,H&M STORE 42,49.66,Debit,2025,3,25,1,2025-03,Shopping,4,0.13085426293096852,False
2025-03-27,YELLOW CAB CO,20.41,Debit,2025,3,27,3,2025-03,Transport,3,0.1019783020578206,False
2025-01-31,ZARA MALL 09,48.03,Debit,2025,1,31,4,2025-01,Shopping,3,0.11385882326340546,False
2025-03-18,Netflix.com,45.84,Debit,2025,3,18,1,2025-03,Entertainment,1,0.10530080414304654,False
2025-02-21,APPLE STORE #R1234,211.76,Debit,2025,2,21,4,2025-02,Shopping,3,0.09607208315710097,False
2025-12-02,Netflix.com,31.74,Debit,2025,12,2,1,2025-12,Entertainment,0,-0.10604063195541391,True
2025-03-24,KFC Outlet 22,35.59,Debit,2025,3,24,0,2025-03,Other,4,0.12728753349480182,False
2025-03-10,ELECTRIC BILL,110.36,Debit,2025,3,10,0,2025-03,Utilities,4,0.03904715479343379,False
2025-01-29,GAS COMPANY,103.07,Debit,2025,1,29,2,2025-01,Other,4,0.13050810817855457,False
2025-01-16,Dominos Pizza,10.36,Debit,2025,1,16,3,2025-01,Other,3,0.12728945666803665,False
2025-01-08,ELECTRIC BILL,68.62,Debit,2025,1,8,2,2025-01,Utilities,4,0.07550831399764957,False
2025-03-26,GAS COMPANY,49.74,Debit,2025,3,26,2,2025-03,Other,4,0.17770953981005155,False
2025-02-27,PAYPAL *SPOTIFY,46.45,Debit,2025,2,27,3,2025-02,Entertainment,1,0.09830943608533915,False
2025-01-28,YELLOW CAB CO,13.31,Debit,2025,1,28,1,2025-01,Transport,4,0.0654938541296134,False
2025-03-20,Dominos Pizza,22.75,Debit,2025,3,20,3,2025-03,Other,3,0.1694990443033636,False
2025-03-22,Local Diner,34.46,Debit,2025,3,22,5,2025-03,Food,1,0.08843522889794297,False
2025-02-26,AMAZON MKTP US*2R9,184.12,Debit,2025,2,26,2,2025-02,Shopping,4,0.11492431890143845,False
2025-01-04,SPAR HYPERMARKET,73.26,Debit,2025,1,4,5,2025-01,Other,3,0.12799806465201863,False
2025-03-31,STEAM PURCHASE,50.29,Debit,2025,3,31,0,2025-03,Other,4,0.1256717639160247,False
2025-02-08,YELLOW CAB CO,44.65,Debit,2025,2,8,5,2025-02,Transport,3,0.11194945909959131,False
2025-02-05,METRO TICKET,20.99,Debit,2025,2,5,2,2025-02,Other,4,0.1668649833674402,False
2025-02-02,UBER TRIP 284922 CA,44.86,Debit,2025,2,2,6,2025-02,Transport,3,0.08717261064211007,False
2025-01-18,YELLOW CAB CO,23.05,Debit,2025,1,18,5,2025-01,Transport,3,0.07694649392654052,False
2025-03-06,SPAR HYPERMARKET,145.78,Debit,2025,3,6,3,2025-03,Other,3,0.13615728725890786,False
2025-01-01,KFC Outlet 22,31.15,Debit,2025,1,1,2,2025-01,Other,4,0.14278632001380953,False
2025-03-11,WM SUPERCENTER #382,102.18,Debit,2025,3,11,1,2025-03,Other,4,0.14313592201685332,False
2025-02-10,YELLOW CAB CO,46.18,Debit,2025,2,10,0,2025-02,Transport,4,0.07346299866934847,False
2025-01-04,LOCAL GROCERY MART,139.41,Debit,2025,1,4,5,2025-01,Other,3,0.09711786637603081,False
2025-03-27,H&M STORE 42,186.56,Debit,2025,3,27,3,2025-03,Shopping,3,0.11489775409339531,False
2025-08-02,Netflix.com,11.31,Debit,2025,8,2,5,2025-08,Entertainment,0,-0.07079174642741681,True
2025-03-02,APPLE STORE #R1234,125.11,Debit,2025,3,2,6,2025-03,Shopping,3,0.09232634839735726,False
2025-01-15,PAYPAL *SPOTIFY,9.36,Debit,2025,1,15,2,2025-01,Entertainment,1,0.04218808664777807,False
2025-03-11,SHELL STATION #221,55.76,Debit,2025,3,11,1,2025-03,Other,4,0.16394833718013235,False
2025-01-03,ZARA MALL 09,201.36,Debit,2025,1,3,4,2025-01,Shopping,3,0.08547446100999634,False
2025-01-31,LOCAL GROCERY MART,37.42,Debit,2025,1,31,4,2025-01,Other,3,0.15900172078072167,False
2025-01-07,Dominos Pizza,15.22,Debit,2025,1,7,1,2025-01,Other,4,0.12355315290311908,False
2025-03-11,INTERNET CHARGES,164.79,Debit,2025,3,11,1,2025-03,Utilities,4,0.04164780899931331,False
2025-01-17,METRO TICKET,35.69,Debit,2025,1,17,4,2025-01,Other,3,0.1588215484045118,False
2025-02-18,GAS COMPANY,40.83,Debit,2025,2,18,1,2025-02,Other,4,0.16752095366271696,False
2025-02-02,PAYPAL *SPOTIFY,9.01,Debit,2025,2,2,6,2025-02,Entertainment,1,0.025225657245475985,False
2025-02-22,SHELL STATION #221,48.3,Debit,2025,2,22,5,2025-02,Other,3,0.15967879211903568,False
2025-02-08,H&M STORE 42,216.29,Debit,2025,2,8,5,2025-02,Shopping,3,0.07889146543476944,False
2025-02-02,McDonalds #8492,34.22,Debit,2025,2,2,6,2025-02,Food,1,0.07634753165388453,False
2025-03-31,ZARA MALL 09,231.95,Debit,2025,3,31,0,2025-03,Shopping,4,0.017543874335316678,False
2025-03-29,WM SUPERCENTER #382,86.28,Debit,2025,3,29,5,2025-03,Other,3,0.14210276750495232,False
2025-01-11,CINEMA CITY,48.24,Debit,2025,1,11,5,2025-01,Other,3,0.13767535996056673,False
2025-01-22,Netflix.com,28.43,Debit,2025,1,22,2,2025-01,Entertainment,1,0.06599228323150019,False
2025-03-05,LOCAL GROCERY MART,87.17,Debit,2025,3,5,2,2025-03,Other,4,0.16074004276827014,False
2025-03-21,COSTCO WHOLESALE,140.72,Debit,2025,3,21,4,2025-03,Other,3,0.12581062109898083,False
2025-02-23,KFC Outlet 22,16.58,Debit,2025,2,23,6,2025-02,Other,3,0.12377140478652604,False
2025-03-12,AMAZON MKTP US*2R9,147.02,Debit,2025,3,12,2,2025-03,Shopping,4,0.11892920667035223,False
2025-02-27,PAYPAL *SPOTIFY,79.74,Debit,2025,2,27,3,2025-02,Entertainment,1,0.07121069835453542,False
2025-01-21,LYFT RIDE PGH,53.83,Debit,2025,1,21,1,2025-01,Transport,4,0.08708860323872364,False
2025-01-03,LOCAL GROCERY MART,46.48,Debit,2025,1,3,4,2025-01,Other,3,0.15462605774708477,False
2025-08-01,KFC Outlet 22,34.66,Debit,2025,8,1,4,2025-08,Other,0,0.002536123395082468,False
2025-02-20,CINEMA CITY,8.58,Debit,2025,2,20,3,2025-02,Other,3,0.15507109081212522,False
2025-02-16,ELECTRIC BILL,150.7,Debit,2025,2,16,6,2025-02,Utilities,3,0.03011042870749625,False
2025-03-16,STEAM PURCHASE,14.55,Debit,2025,3,16,6,2025-03,Other,3,0.12303450080992873,False
2025-03-28,COSTCO WHOLESALE,88.9,Debit,2025,3,28,4,2025-03,Other,3,0.14972294298685102,False
2025-05-02,Netflix.com,45.2,Debit,2025,5,2,4,2025-05,Entertainment,1,-0.025728670134974152,True
2025-03-03,AMAZON MKTP US*2R9,209.09,Debit,2025,3,3,0,2025-03,Shopping,4,0.037965510849322315,False
2025-01-06,INTERNET CHARGES,104.13,Debit,2025,1,6,0,2025-01,Utilities,4,0.036636743289298224,False
2025-02-13,LOCAL GROCERY MART,127.57,Debit,2025,2,13,3,2025-02,Other,3,0.1584551322160926,False
2025-03-21,CINEMA CITY,68.66,Debit,2025,3,21,4,2025-03,Other,3,0.1586924572944174,False
2025-01-10,H&M STORE 42,135.98,Debit,2025,1,10,4,2025-01,Shopping,3,0.11140414846622626,False
2025-03-30,Netflix.com,50.98,Debit,2025,3,30,6,2025-03,Entertainment,1,0.058629292276727196,False
2025-01-14,ELECTRIC BILL,79.91,Debit,2025,1,14,1,2025-01,Utilities,4,0.06135928789713996,False
2025-01-02,Netflix.com,49.23,Debit,2025,1,2,3,2025-01,Entertainment,1,0.0584635484607543,False
2025-03-26,PAYPAL *SPOTIFY,32.0,Debit,2025,3,26,2,2025-03,Entertainment,1,0.09813876450507097,False
2025-03-28,YELLOW CAB CO,19.68,Debit,2025,3,28,4,2025-03,Transport,3,0.09872029580365677,False
2025-02-24,AMAZON MKTP US*2R9,161.41,Debit,2025,2,24,0,2025-02,Shopping,4,0.08292905008949236,False
2025-02-27,YELLOW CAB CO,56.38,Debit,2025,2,27,3,2025-02,Transport,3,0.12659585607090407,False
2025-02-11,LOCAL GROCERY MART,28.23,Debit,2025,2,11,1,2025-02,Other,4,0.15918168539788324,False
2025-01-14,APPLE STORE #R1234,136.7,Debit,2025,1,14,1,2025-01,Shopping,4,0.08826073822793457,False
2025-03-15,SHELL STATION #221,32.58,Debit,2025,3,15,5,2025-03,Other,3,0.1597991246394757,False
2025-03-18,APPLE STORE #R1234,231.87,Debit,2025,3,18,1,2025-03,Shopping,4,0.05133473583011172,False
2025-05-03,SPAR HYPERMARKET,55.5,Debit,2025,5,3,5,2025-05,Other,3,0.05637250743710043,False
2025-02-14,COSTCO WHOLESALE,61.31,Debit,2025,2,14,4,2025-02,Other,3,0.1624272366062392,False
2025-03-29,Netflix.com,54.51,Debit,2025,3,29,5,2025-03,Entertainment,1,0.07084292223441924,False
2025-03-17,SHELL STATION #221,16.02,Debit,2025,3,17,0,2025-03,Other,4,0.1181754168484429,False
2025-02-02,STEAM PURCHASE,23.41,Debit,2025,2,2,6,2025-02,Other,3,0.12585953751691314,False
2025-01-24,TARGET T-2812,98.6,Debit,2025,1,24,4,2025-01,Shopping,3,0.1126358736704624,False
2025-02-20,Local Diner,32.82,Debit,2025,2,20,3,2025-02,Food,1,0.11996805430262819,False
2025-02-26,UBER TRIP 284922 CA,29.36,Debit,2025,2,26,2,2025-02,Transport,4,0.11558591637754856,False
2025-03-01,H&M STORE 42,28.65,Debit,2025,3,1,5,2025-03,Shopping,3,0.12335858098147706,False
2025-01-26,WATER BILL,63.04,Debit,2025,1,26,6,2025-01,Utilities,3,0.030213285297368664,False
2025-02-03,Dominos Pizza,9.33,Debit,2025,2,3,0,2025-02,Other,4,0.10373474114358888,False
2025-02-07,Local Diner,18.12,Debit,2025,2,7,4,2025-02,Food,1,0.10061236697102827,False
2025-02-08,APPLE STORE #R1234,186.26,Debit,2025,2,8,5,2025-02,Shopping,3,0.09268631458216164,False
2025-01-13,KFC Outlet 22,16.56,Debit,2025,1,13,0,2025-01,Other,4,0.08099264737387224,False
2025-03-08,Dominos Pizza,29.04,Debit,2025,3,8,5,2025-03,Other,3,0.15825492768659816,False
2025-03-01,SHELL STATION #221,39.74,Debit,2025,3,1,5,2025-03,Other,3,0.16008795529131298,False
2025-03-19,GAS COMPANY,55.57,Debit,2025,3,19,2,2025-03,Other,4,0.17885895684476616,False
2025-03-20,SPAR HYPERMARKET,56.03,Debit,2025,3,20,3,2025-03,Other,3,0.17648242177753903,False
2025-01-10,KFC Outlet 22,17.72,Debit,2025,1,10,4,2025-01,Other,3,0.15197554111881317,False
2025-01-02,KFC Outlet 22,25.61,Debit,2025,1,2,3,2025-01,Other,3,0.1531177185557106,False
2025-02-12,LYFT RIDE PGH,49.01,Debit,2025,2,12,2,2025-02,Transport,4,0.1222625834408102,False
2025-01-17,WM SUPERCENTER #382,138.37,Debit,2025,1,17,4,2025-01,Other,3,0.12000443362661367,False
2025-03-01,COSTCO WHOLESALE,67.52,Debit,2025,3,1,5,2025-03,Other,3,0.14759757524632455,False
2025-07-03,WM SUPERCENTER #382,107.21,Debit,2025,7,3,3,2025-07,Other,0,0.009141874745332679,False
2025-01-05,ZARA MALL 09,69.97,Debit,2025,1,5,6,2025-01,Shopping,3,0.07352932749196761,False
2025-03-15,METRO TICKET,17.74,Debit,2025,3,15,5,2025-03,Other,3,0.15545847222310566,False
2025-01-15,PAYPAL *SPOTIFY,77.46,Debit,2025,1,15,2,2025-01,Entertainment,1,0.04069154948273179,False
2025-01-15,UBER TRIP 284922 CA,14.85,Debit,2025,1,15,2,2025-01,Transport,4,0.0787080183260771,False
2025-02-27,WATER BILL,144.11,Debit,2025,2,27,3,2025-02,Utilities,3,0.09274679671639263,False
2025-03-06,Dominos Pizza,34.23,Debit,2025,3,6,3,2025-03,Other,3,0.17476273205725207,False
2025-01-02,APPLE STORE #R1234,49.11,Debit,2025,1,2,3,2025-01,Shopping,3,0.12326655254271546,False
2025-01-14,KFC Outlet 22,9.69,Debit,2025,1,14,1,2025-01,Other,4,0.11643769462488796,False
2025-01-20,Netflix.com,41.8,Debit,2025,1,20,0,2025-01,Entertainment,1,0.02707907839032997,False
2025-02-02,ZARA MALL 09,46.66,Debit,2025,2,2,6,2025-02,Shopping,3,0.11054263602876552,False
2025-01-16,CINEMA CITY,44.51,Debit,2025,1,16,3,2025-01,Other,3,0.15761296293850735,False
2025-02-06,TARGET T-2812,118.87,Debit,2025,2,6,3,2025-02,Shopping,3,0.14561546452701157,False
2025-03-23,WATER BILL,147.49,Debit,2025,3,23,6,2025-03,Utilities,3,0.044268021719234385,False
2025-01-10,SHELL STATION #221,40.93,Debit,2025,1,10,4,2025-01,Other,3,0.1599508891246978,False
2025-02-26,LOCAL GROCERY MART,124.54,Debit,2025,2,26,2,2025-02,Other,4,0.1575999647005678,False
2025-03-28,SHELL STATION #221,38.53,Debit,2025,3,28,4,2025-03,Other,3,0.1660730512391369,False
2025-01-31,SPAR HYPERMARKET,119.22,Debit,2025,1,31,4,2025-01,Other,3,0.13288440131883533,False
2025-02-05,PAYPAL *SPOTIFY,77.16,Debit,2025,2,5,2,2025-02,Entertainment,1,0.07014219243352804,False
2025-03-30,CINEMA CITY,10.08,Debit,2025,3,30,6,2025-03,Other,3,0.1059121247507811,False
2025-03-20,WM SUPERCENTER #382,81.93,Debit,2025,3,20,3,2025-03,Other,3,0.16938236880220287,False
2025-03-01,ACH DEPOSIT SALARY,3500.0,Credit,2025,3,1,5,2025-03,Income,2,-0.15116921461256505,True
2025-02-12,PAYPAL *SPOTIFY,11.19,Debit,2025,2,12,2,2025-02,Entertainment,1,0.07440515818103954,False
2025-01-05,LOCAL GROCERY MART,116.54,Debit,2025,1,5,6,2025-01,Other,3,0.07701406145033907,False
2025-11-02,ZARA MALL 09,168.56,Debit,2025,11,2,6,2025-11,Shopping,0,-0.10170389110028788,True
2025-03-12,COSTCO WHOLESALE,58.13,Debit,2025,3,12,2,2025-03,Other,4,0.17417366155269604,False
2025-01-23,APPLE STORE #R1234,241.38,Debit,2025,1,23,3,2025-01,Shopping,3,0.06288988381258998,False
2025-01-28,SHELL STATION #221,26.35,Debit,2025,1,28,1,2025-01,Other,4,0.14152714082491463,False
2025-02-01,ACH DEPOSIT SALARY,3500.0,Credit,2025,2,1,5,2025-02,Income,2,-0.15161420772644696,True
2025-01-16,METRO TICKET,14.93,Debit,2025,1,16,3,2025-01,Other,3,0.13748150918015556,False
2025-11-01,CINEMA CITY,12.87,Debit,2025,11,1,5,2025-11,Other,0,-0.06920682780169307,True
2025-01-16,LOCAL GROCERY MART,81.2,Debit,2025,1,16,3,2025-01,Other,3,0.14246744809460465,False
2025-02-24,WATER BILL,170.05,Debit,2025,2,24,0,2025-02,Utilities,4,0.03441352753025195,False
2025-03-29,APPLE STORE #R1234,205.27,Debit,2025,3,29,5,2025-03,Shopping,3,0.07468589546227755,False
2025-06-02,SPAR HYPERMARKET,112.07,Debit,2025,6,2,0,2025-06,Other,4,-0.014706195770997521,True
2025-03-26,PAYPAL *SPOTIFY,53.23,Debit,2025,3,26,2,2025-03,Entertainment,1,0.10768976612563869,False
2025-01-27,INTERNET CHARGES,68.5,Debit,2025,1,27,0,2025-01,Utilities,4,0.030345447034195727,False
2025-02-07,CINEMA CITY,37.92,Debit,2025,2,7,4,2025-02,Other,3,0.16896923024796762,False
2025-03-04,STEAM PURCHASE,65.09,Debit,2025,3,4,1,2025-03,Other,4,0.15216288230737923,False
2025-01-10,WM SUPERCENTER #382,65.26,Debit,2025,1,10,4,2025-01,Other,3,0.1471516575897842,False
2025-01-06,Netflix.com,76.37,Debit,2025,1,6,0,2025-01,Entertainment,1,-0.003142201048059401,True
2025-03-22,APPLE STORE #R1234,223.65,Debit,2025,3,22,5,2025-03,Shopping,3,0.0599441628747327,False
2025-02-03,PAYPAL *SPOTIFY,44.55,Debit,2025,2,3,0,2025-02,Entertainment,1,0.07626518601950416,False
2025-03-07,METRO TICKET,12.73,Debit,2025,3,7,4,2025-03,Other,3,0.1440133402476388,False
2025-01-06,INTERNET CHARGES,114.58,Debit,2025,1,6,0,2025-01,Utilities,4,0.03706271183353638,False
2025-03-30,COSTCO WHOLESALE,113.3,Debit,2025,3,30,6,2025-03,Other,3,0.10578094011049671,False
2025-01-27,Local Diner,24.22,Debit,2025,1,27,0,2025-01,Food,1,0.04404061123437997,False
2025-03-27,ZARA MALL 09,183.19,Debit,2025,3,27,3,2025-03,Shopping,3,0.11650342419295234,False
2025-02-03,Local Diner,29.25,Debit,2025,2,3,0,2025-02,Food,1,0.0774544780913543,False
2025-02-21,CINEMA CITY,44.03,Debit,2025,2,21,4,2025-02,Other,3,0.16745511753778014,False
2025-01-11,ZARA MALL 09,232.52,Debit,2025,1,11,5,2025-01,Shopping,3,0.048082960875225234,False
2025-01-14,CINEMA CITY,64.17,Debit,2025,1,14,1,2025-01,Other,4,0.1329181860496466,False
2025-02-12,Starbucks Store 0032,23.0,Debit,2025,2,12,2,2025-02,Food,1,0.11586807678783473,False
2025-01-29,Starbucks Store 0032,21.15,Debit,2025,1,29,2,2025-01,Food,1,0.08826796213983534,False
2025-03-28,STEAM PURCHASE,28.57,Debit,2025,3,28,4,2025-03,Other,3,0.16450088404860935,False
2025-03-23,Netflix.com,14.61,Debit,2025,3,23,6,2025-03,Entertainment,1,0.0371730088349127,False
2025-03-19,SHELL STATION #221,28.87,Debit,2025,3,19,2,2025-03,Other,4,0.17350524657510424,False
2025-01-12,YELLOW CAB CO,53.84,Debit,2025,1,12,6,2025-01,Transport,3,0.06414101599050592,False
2025-02-24,WATER BILL,136.57,Debit,2025,2,24,0,2025-02,Utilities,4,0.051474226845643956,False
2025-03-25,APPLE STORE #R1234,152.86,Debit,2025,3,25,1,2025-03,Shopping,4,0.102302605917307,False
2025-01-11,ELECTRIC BILL,142.47,Debit,2025,1,11,5,2025-01,Utilities,3,0.047747307818677864,False
2025-01-05,PAYPAL *SPOTIFY,38.09,Debit,2025,1,5,6,2025-01,Entertainment,1,8.78041454464018e-05,False
2025-03-10,GAS COMPANY,139.22,Debit,2025,3,10,0,2025-03,Other,4,0.09537768324256563,False
2025-03-13,KFC Outlet 22,26.22,Debit,2025,3,13,3,2025-03,Other,3,0.1714871374556593,False
2025-01-14,LOCAL GROCERY MART,147.8,Debit,2025,1,14,1,2025-01,Other,4,0.08376237167628592,False
2025-03-23,LYFT RIDE PGH,40.29,Debit,2025,3,23,6,2025-03,Transport,3,0.09348746559029303,False
2025-04-02,COSTCO WHOLESALE,119.37,Debit,2025,4,2,2,2025-04,Other,4,0.08718178195418386,False
2025-03-18,Netflix.com,64.82,Debit,2025,3,18,1,2025-03,Entertainment,1,0.0803126731783193,False
2025-03-25,PAYPAL *SPOTIFY,43.66,Debit,2025,3,25,1,2025-03,Entertainment,1,0.10468938428137764,False
2025-01-29,WATER BILL,167.18,Debit,2025,1,29,2,2025-01,Utilities,4,0.058915966499948236,False
2025-03-19,ELECTRIC BILL,118.57,Debit,2025,3,19,2,2025-03,Utilities,4,0.08134407941548466,False
2025-01-13,H&M STORE 42,42.93,Debit,2025,1,13,0,2025-01,Shopping,4,0.06335963318017734,False
2025-07-02,APPLE STORE #R1234,175.11,Debit,2025,7,2,2,2025-07,Shopping,0,-0.018536915958162092,True
2025-01-08,COSTCO WHOLESALE,89.84,Debit,2025,1,8,2,2025-01,Other,4,0.1317833612788875,False
2025-03-02,TARGET T-2812,194.53,Debit,2025,3,2,6,2025-03,Shopping,3,0.054608969788270234,False
2025-01-14,STEAM PURCHASE,70.8,Debit,2025,1,14,1,2025-01,Other,4,0.13079470309131508,False
2025-03-02,SHELL STATION #221,41.88,Debit,2025,3,2,6,2025-03,Other,3,0.13941380791013824,False
2025-01-09,METRO TICKET,9.92,Debit,2025,1,9,3,2025-01,Other,3,0.1282643121750851,False
2025-03-17,WATER BILL,73.94,Debit,2025,3,17,0,2025-03,Utilities,4,0.029422799515736675,False
2025-02-21,SHELL STATION #221,56.0,Debit,2025,2,21,4,2025-02,Other,3,0.16280466551286205,False
2025-03-18,STEAM PURCHASE,28.97,Debit,2025,3,18,1,2025-03,Other,4,0.16066200125245794,False
2025-02-14,KFC Outlet 22,8.88,Debit,2025,2,14,4,2025-02,Other,3,0.14899053788034317,False
2025-02-17,Netflix.com,44.43,Debit,2025,2,17,0,2025-02,Entertainment,1,0.07626518601950416,False
2025-01-23,Local Diner,32.38,Debit,2025,1,23,3,2025-01,Food,1,0.08550321421854279,False
2025-03-28,STEAM PURCHASE,77.64,Debit,2025,3,28,4,2025-03,Other,3,0.1575706371028801,False
2025-01-10,COSTCO WHOLESALE,140.49,Debit,2025,1,10,4,2025-01,Other,3,0.1179525484377198,False
2025-03-11,Netflix.com,77.77,Debit,2025,3,11,1,2025-03,Entertainment,1,0.06604037776126737,False
2025-03-07,LOCAL GROCERY MART,27.28,Debit,2025,3,7,4,2025-03,Other,3,0.16599872167065355,False
2025-03-03,TARGET T-2812,205.08,Debit,2025,3,3,0,2025-03,Shopping,4,0.04084408837560638,False
2025-02-27,ELECTRIC BILL,74.71,Debit,2025,2,27,3,2025-02,Utilities,3,0.09048900759744388,False
2025-03-29,Starbucks Store 0032,28.86,Debit,2025,3,29,5,2025-03,Food,1,0.08572521516870968,False
2025-03-15,Local Diner,21.43,Debit,2025,3,15,5,2025-03,Food,1,0.08397380197002868,False
2025-03-27,LOCAL GROCERY MART,143.75,Debit,2025,3,27,3,2025-03,Other,3,0.14009499935287661,False
2025-02-16,COSTCO WHOLESALE,149.67,Debit,2025,2,16,6,2025-02,Other,3,0.07091833312486595,False
2025-01-15,STEAM PURCHASE,50.03,Debit,2025,1,15,2,2025-01,Other,4,0.14526235881425226,False
2025-02-22,H&M STORE 42,86.29,Debit,2025,2,22,5,2025-02,Shopping,3,0.12301383910238123,False
2025-02-25,SHELL STATION #221,55.36,Debit,2025,2,25,1,2025-02,Other,4,0.16478573080879516,False
2025-02-14,TARGET T-2812,74.34,Debit,2025,2,14,4,2025-02,Shopping,3,0.1283027989447807,False
2025-03-09,APPLE STORE #R1234,230.1,Debit,2025,3,9,6,2025-03,Shopping,3,0.024914097329847507,False
2025-02-26,GAS COMPANY,147.72,Debit,2025,2,26,2,2025-02,Other,4,0.13368751203039142,False
2025-03-06,COSTCO WHOLESALE,144.72,Debit,2025,3,6,3,2025-03,Other,3,0.13900527422896136,False
2025-01-06,ELECTRIC BILL,51.37,Debit,2025,1,6,0,2025-01,Utilities,4,0.025224368336370318,False
2025-02-05,STEAM PURCHASE,53.13,Debit,2025,2,5,2,2025-02,Other,4,0.17412863327491163,False
2025-01-22,METRO TICKET,33.25,Debit,2025,1,22,2,2025-01,Other,4,0.14399843609729385,False
2025-01-24,KFC Outlet 22,23.12,Debit,2025,1,24,4,2025-01,Other,3,0.15521990095488103,False
2025-03-15,PAYPAL *SPOTIFY,59.72,Debit,2025,3,15,5,2025-03,Entertainment,1,0.06277166285082492,False
2025-02-27,ELECTRIC BILL,103.48,Debit,2025,2,27,3,2025-02,Utilities,3,0.09831477052727178,False
2025-02-16,H&M STORE 42,104.17,Debit,2025,2,16,6,2025-02,Shopping,3,0.10146468533643743,False
2025-02-19,Local Diner,37.43,Debit,2025,2,19,2,2025-02,Food,1,0.12017200187269989,False
2025-03-26,McDonalds #8492,32.06,Debit,2025,3,26,2,2025-03,Food,1,0.1190896344620413,False
2025-02-02,WM SUPERCENTER #382,83.79,Debit,2025,2,2,6,2025-02,Other,3,0.11778552423412403,False
2025-02-09,TARGET T-2812,33.32,Debit,2025,2,9,6,2025-02,Shopping,3,0.10893806264327904,False
2025-02-14,SHELL STATION #221,54.54,Debit,2025,2,14,4,2025-02,Other,3,0.16565466457458333,False
2025-02-02,LYFT RIDE PGH,17.02,Debit,2025,2,2,6,2025-02,Transport,3,0.07128244597870415,False
2025-07-02,McDonalds #8492,19.15,Debit,2025,7,2,2,2025-07,Food,0,-0.01395768221692617,True
2025-03-17,PAYPAL *SPOTIFY,38.61,Debit,2025,3,17,0,2025-03,Entertainment,1,0.06944485964167435,False
2025-03-27,H&M STORE 42,69.27,Debit,2025,3,27,3,2025-03,Shopping,3,0.13925578327739147,False
2025-01-12,KFC Outlet 22,8.38,Debit,2025,1,12,6,2025-01,Other,3,0.07531304320241594,False
2025-03-28,ZARA MALL 09,154.45,Debit,2025,3,28,4,2025-03,Shopping,3,0.10140527640249497,False
2025-03-31,LYFT RIDE PGH,37.73,Debit,2025,3,31,0,2025-03,Transport,4,0.08024150516482298,False
2025-02-27,AMAZON MKTP US*2R9,187.17,Debit,2025,2,27,3,2025-02,Shopping,3,0.1259740084761014,False
2025-02-13,COSTCO WHOLESALE,87.03,Debit,2025,2,13,3,2025-02,Other,3,0.16723560322757353,False
2025-10-02,APPLE STORE #R9999,2500.0,Debit,2025,10,2,3,2025-10,Shopping,2,-0.14471186024185645,True
2025-01-24,PAYPAL *SPOTIFY,20.6,Debit,2025,1,24,4,2025-01,Entertainment,1,0.032468996977707665,False
2025-02-13,COSTCO WHOLESALE,145.69,Debit,2025,2,13,3,2025-02,Other,3,0.143261606133338,False
2025-03-02,UBER TRIP 284922 CA,37.33,Debit,2025,3,2,6,2025-03,Transport,3,0.09388229073454601,False
2025-03-26,WATER BILL,168.34,Debit,2025,3,26,2,2025-03,Utilities,4,0.059619669734938374,False
2025-02-26,Netflix.com,66.36,Debit,2025,2,26,2,2025-02,Entertainment,1,0.079168541156032,False
2025-02-14,APPLE STORE #R1234,111.93,Debit,2025,2,14,4,2025-02,Shopping,3,0.12885475450898876,False
2025-03-16,WM SUPERCENTER #382,81.22,Debit,2025,3,16,6,2025-03,Other,3,0.12732820719945181,False
2025-01-29,LYFT RIDE PGH,46.3,Debit,2025,1,29,2,2025-01,Transport,4,0.09676724114592805,False
2025-02-06,H&M STORE 42,247.49,Debit,2025,2,6,3,2025-02,Shopping,3,0.08928319343889723,False
2025-03-11,LOCAL GROCERY MART,101.46,Debit,2025,3,11,1,2025-03,Other,4,0.14472505752433085,False
2025-08-02,ELECTRIC BILL,179.15,Debit,2025,8,2,5,2025-08,Utilities,0,-0.08825750137317745,True
2025-01-21,SPAR HYPERMARKET,25.41,Debit,2025,1,21,1,2025-01,Other,4,0.14102401080731175,False
2025-03-13,ELECTRIC BILL,84.68,Debit,2025,3,13,3,2025-03,Utilities,3,0.08528668670881095,False
2025-02-19,UBER TRIP 284922 CA,27.5,Debit,2025,2,19,2,2025-02,Transport,4,0.11468837397255571,False
2025-02-25,H&M STORE 42,190.96,Debit,2025,2,25,1,2025-02,Shopping,4,0.08784094064618503,False
2025-03-06,SHELL STATION #221,51.33,Debit,2025,3,6,3,2025-03,Other,3,0.17653299723928362,False
2025-01-10,McDonalds #8492,24.1,Debit,2025,1,10,4,2025-01,Food,1,0.07401342646526277,False
2025-03-13,INTERNET CHARGES,133.8,Debit,2025,3,13,3,2025-03,Utilities,3,0.07592994887992865,False
2025-03-25,Dominos Pizza,13.13,Debit,2025,3,25,1,2025-03,Other,4,0.1457646218018787,False
2025-03-15,TARGET T-2812,205.66,Debit,2025,3,15,5,2025-03,Shopping,3,0.0743459194977405,False
2025-03-24,McDonalds #8492,22.44,Debit,2025,3,24,0,2025-03,Food,1,0.06451523303314144,False
2025-03-15,TARGET T-2812,182.05,Debit,2025,3,15,5,2025-03,Shopping,3,0.0879521760940235,False
2025-01-01,INTERNET CHARGES,160.18,Debit,2025,1,1,2,2025-01,Utilities,4,0.06234046809327398,False
2025-02-06,AMAZON MKTP US*2R9,168.27,Debit,2025,2,6,3,2025-02,Shopping,3,0.13233091536534664,False
2025-02-06,COSTCO WHOLESALE,34.23,Debit,2025,2,6,3,2025-02,Other,3,0.17697409727172292,False
2025-03-28,GAS COMPANY,95.53,Debit,2025,3,28,4,2025-03,Other,3,0.1485595601559347,False
2025-02-18,PAYPAL *SPOTIFY,9.99,Debit,2025,2,18,1,2025-02,Entertainment,1,0.062036689420868374,False
2025-03-03,SPAR HYPERMARKET,121.15,Debit,2025,3,3,0,2025-03,Other,4,0.10599085966711597,False
2025-03-01,INTERNET CHARGES,141.26,Debit,2025,3,1,5,2025-03,Utilities,3,0.06767336681126246,False
2025-01-08,PAYPAL *SPOTIFY,39.65,Debit,2025,1,8,2,2025-01,Entertainment,1,0.07194757861636125,False
2025-03-02,COSTCO WHOLESALE,82.1,Debit,2025,3,2,6,2025-03,Other,3,0.126351318066034,False
2025-01-05,METRO TICKET,48.97,Debit,2025,1,5,6,2025-01,Other,3,0.10930991519696936,False
2025-03-03,COSTCO WHOLESALE,119.49,Debit,2025,3,3,0,2025-03,Other,4,0.10667020910138919,False
2025-03-09,INTERNET CHARGES,99.57,Debit,2025,3,9,6,2025-03,Utilities,3,0.06619235111320998,False
2025-01-10,METRO TICKET,16.98,Debit,2025,1,10,4,2025-01,Other,3,0.14984665428821609,False
2025-01-13,UBER TRIP 284922 CA,23.09,Debit,2025,1,13,0,2025-01,Transport,4,0.03944774733113354,False
2025-03-10,METRO TICKET,15.29,Debit,2025,3,10,0,2025-03,Other,4,0.11615269471661871,False
2025-03-30,H&M STORE 42,66.04,Debit,2025,3,30,6,2025-03,Shopping,3,0.10826917779857032,False
2025-01-13,COSTCO WHOLESALE,25.65,Debit,2025,1,13,0,2025-01,Other,4,0.09601538644878393,False
2025-02-22,UBER TRIP 284922 CA,24.55,Debit,2025,2,22,5,2025-02,Transport,3,0.10436982285185531,False
2025-01-30,Starbucks Store 0032,33.18,Debit,2025,1,30,3,2025-01,Food,1,0.08583564386331466,False
2025-01-27,WATER BILL,153.83,Debit,2025,1,27,0,2025-01,Utilities,4,0.021554710111798547,False
2025-11-02,Local Diner,15.73,Debit,2025,11,2,6,2025-11,Food,0,-0.10442392601792783,True
2025-01-03,SHELL STATION #221,15.92,Debit,2025,1,3,4,2025-01,Other,3,0.15051865307694157,False
2025-01-26,H&M STORE 42,216.27,Debit,2025,1,26,6,2025-01,Shopping,3,0.02546470206423812,False
2025-04-02,LOCAL GROCERY MART,56.43,Debit,2025,4,2,2,2025-04,Other,4,0.11086077729343607,False
2025-01-08,INTERNET CHARGES,111.03,Debit,2025,1,8,2,2025-01,Utilities,4,0.07806744672545746,False
2025-03-30,SHELL STATION #221,50.07,Debit,2025,3,30,6,2025-03,Other,3,0.1418334070660805,False
2025-01-21,YELLOW CAB CO,56.61,Debit,2025,1,21,1,2025-01,Transport,4,0.08596715341592087,False
2025-03-26,METRO TICKET,19.66,Debit,2025,3,26,2,2025-03,Other,4,0.169740514782813,False
2025-02-17,CINEMA CITY,12.36,Debit,2025,2,17,0,2025-02,Other,4,0.10662584249016877,False
2025-03-30,Netflix.com,72.27,Debit,2025,3,30,6,2025-03,Entertainment,1,0.03125381975441033,False
2025-03-27,COSTCO WHOLESALE,58.35,Debit,2025,3,27,3,2025-03,Other,3,0.17447139128773997,False
2025-02-28,INTERNET CHARGES,52.34,Debit,2025,2,28,4,2025-02,Utilities,3,0.08247665975129015,False
2025-01-12,KFC Outlet 22,34.03,Debit,2025,1,12,6,2025-01,Other,3,0.1068985109545958,False
2025-11-03,YELLOW CAB CO,24.7,Debit,2025,11,3,0,2025-11,Transport,0,-0.08703537126874039,True
2025-02-25,ELECTRIC BILL,151.03,Debit,2025,2,25,1,2025-02,Utilities,4,0.06930605667825429,False
2025-02-06,YELLOW CAB CO,44.56,Debit,2025,2,6,3,2025-02,Transport,3,0.1269785348210461,False
2025-01-31,Local Diner,17.68,Debit,2025,1,31,4,2025-01,Food,1,0.07097009168939106,False
2025-03-19,INTERNET CHARGES,105.1,Debit,2025,3,19,2,2025-03,Utilities,4,0.08427557298846872,False
2025-02-04,COSTCO WHOLESALE,110.58,Debit,2025,2,4,1,2025-02,Other,4,0.1493037542126444,False
2025-03-28,McDonalds #8492,19.13,Debit,2025,3,28,4,2025-03,Food,1,0.09423216486989588,False
2025-12-02,ELECTRIC BILL,56.15,Debit,2025,12,2,1,2025-12,Utilities,0,-0.0919424399779688,True
2025-02-18,WATER BILL,109.67,Debit,2025,2,18,1,2025-02,Utilities,4,0.08360972689584062,False
2025-02-23,SHELL STATION #221,31.77,Debit,2025,2,23,6,2025-02,Other,3,0.13151556558433658,False
2025-02-14,LOCAL GROCERY MART,127.57,Debit,2025,2,14,4,2025-02,Other,3,0.14056869523835303,False
