date,description,amount,transaction_type,Category,Label,year,month,day,day_of_week,year_month,base_category,cluster_id,anomaly_score,is_anomaly
2025-03-09,Netflix.com,56.09,Debit,Entertainment,Normal,2025,3,9,6,2025-03,Entertainment,2,0.03117974720107386,False
2025-01-10,UBER TRIP 284922 CA,16.63,Debit,Transport,Normal,2025,1,10,4,2025-01,Transport,4,0.05504347796602904,False
2025-02-25,CINEMA CITY,38.5,Debit,Entertainment,Normal,2025,2,25,1,2025-02,Other,0,0.14234394543975398,False
2025-01-01,ACH DEPOSIT SALARY,3500.0,Credit,Income,Recurring,2025,1,1,2,2025-01,Income,3,-0.1617116758983932,True
2025-01-12,STEAM PURCHASE,78.44,Debit,Entertainment,Normal,2025,1,12,6,2025-01,Other,4,0.04988262177644165,False
2025-02-13,H&M STORE 42,84.0,Debit,Shopping,Normal,2025,2,13,3,2025-02,Shopping,4,0.12452962372582965,False
2025-01-17,ELECTRIC BILL,49.2,Debit,Utilities,Normal,2025,1,17,4,2025-01,Utilities,4,0.047694772190394086,False
2025-02-27,LOCAL GROCERY MART,89.15,Debit,Groceries,Normal,2025,2,27,3,2025-02,Other,4,0.14049125162854637,False
2025-03-27,Starbucks Store 0032,21.29,Debit,Food,Normal,2025,3,27,3,2025-03,Food,2,0.07462316681011638,False
2025-01-19,McDonalds #8492,35.1,Debit,Food,Normal,2025,1,19,6,2025-01,Food,2,0.0009068115115183906,False
2025-03-19,PAYPAL *SPOTIFY,59.1,Debit,Entertainment,Normal,2025,3,19,2,2025-03,Entertainment,2,0.057726450627116566,False
2025-02-18,GAS COMPANY,170.6,Debit,Utilities,Normal,2025,2,18,1,2025-02,Other,0,0.0825645353403705,False
2025-02-07,LYFT RIDE PGH,26.77,Debit,Transport,Normal,2025,2,7,4,2025-02,Transport,1,0.09522121434878716,False
2025-02-26,STEAM PURCHASE,45.73,Debit,Entertainment,Normal,2025,2,26,2,2025-02,Other,0,0.14852008222903496,False
2025-02-13,AMAZON MKTP US*2R9,127.72,Debit,Shopping,Normal,2025,2,13,3,2025-02,Shopping,4,0.12841838300695707,False
2025-03-09,WM SUPERCENTER #382,118.21,Debit,Groceries,Normal,2025,3,9,6,2025-03,Other,1,0.06151949245006394,False
2025-03-29,CINEMA CITY,51.93,Debit,Entertainment,Normal,2025,3,29,5,2025-03,Other,1,0.12807926603497793,False
2025-03-13,ZARA MALL 09,193.64,Debit,Shopping,Normal,2025,3,13,3,2025-03,Shopping,1,0.06691220362603778,False
2025-02-03,ELECTRIC BILL,142.16,Debit,Utilities,Normal,2025,2,3,0,2025-02,Utilities,0,0.032239282612555153,False
2025-03-11,Netflix.com,50.52,Debit,Entertainment,Normal,2025,3,11,1,2025-03,Entertainment,2,0.06900078829411949,False
2025-01-25,Local Diner,9.18,Debit,Food,Normal,2025,1,25,5,2025-01,Food,2,0.017022132927593803,False
2025-01-24,APPLE STORE #R1234,120.25,Debit,Shopping,Normal,2025,1,24,4,2025-01,Shopping,4,0.08514392882608313,False
2025-02-12,PAYPAL *SPOTIFY,17.91,Debit,Entertainment,Normal,2025,2,12,2,2025-02,Entertainment,2,0.06440996023734069,False
2025-03-03,GAS COMPANY,100.98,Debit,Utilities,Normal,2025,3,3,0,2025-03,Other,0,0.0711495111654058,False
2025-02-24,McDonalds #8492,11.16,Debit,Food,Normal,2025,2,24,0,2025-02,Food,2,0.04207692661082274,False
2025-02-10,PAYPAL *SPOTIFY,39.66,Debit,Entertainment,Normal,2025,2,10,0,2025-02,Entertainment,2,0.06512527444602789,False
2025-01-16,INTERNET CHARGES,148.5,Debit,Utilities,Normal,2025,1,16,3,2025-01,Utilities,4,0.029879159291629986,False
2025-03-19,SHELL STATION #221,58.11,Debit,Transport,Normal,2025,3,19,2,2025-03,Other,0,0.14375133933565876,False
2025-03-31,LOCAL GROCERY MART,106.15,Debit,Groceries,Normal,2025,3,31,0,2025-03,Other,0,0.0702717878017256,False
2025-01-11,CINEMA CITY,69.37,Debit,Entertainment,Normal,2025,1,11,5,2025-01,Other,4,0.09254443049746697,False
2025-02-12,LOCAL GROCERY MART,133.04,Debit,Groceries,Normal,2025,2,12,2,2025-02,Other,0,0.12241645767634929,False
2025-03-22,LYFT RIDE PGH,21.76,Debit,Transport,Normal,2025,3,22,5,2025-03,Transport,1,0.06628832322198863,False
2025-01-13,ELECTRIC BILL,115.27,Debit,Utilities,Normal,2025,1,13,0,2025-01,Utilities,4,0.00974112344503808,False
2025-03-07,WATER BILL,166.83,Debit,Utilities,Normal,2025,3,7,4,2025-03,Utilities,1,0.022542205072828336,False
2025-02-11,GAS COMPANY,113.57,Debit,Utilities,Normal,2025,2,11,1,2025-02,Other,0,0.12213013427700647,False
2025-02-25,UBER TRIP 284922 CA,57.21,Debit,Transport,Normal,2025,2,25,1,2025-02,Transport,0,0.0949145359040996,False
2025-02-26,ELECTRIC BILL,135.24,Debit,Utilities,Normal,2025,2,26,2,2025-02,Utilities,0,0.07588289757376204,False
2025-01-07,PAYPAL *SPOTIFY,18.74,Debit,Entertainment,Normal,2025,1,7,1,2025-01,Entertainment,2,0.0046716888883635566,False
2025-01-06,TARGET T-2812,110.91,Debit,Shopping,Normal,2025,1,6,0,2025-01,Shopping,4,0.03360747768381056,False
2025-02-24,Netflix.com,35.7,Debit,Entertainment,Normal,2025,2,24,0,2025-02,Entertainment,2,0.06372235489106803,False
2025-02-07,UBER TRIP 284922 CA,8.48,Debit,Transport,Normal,2025,2,7,4,2025-02,Transport,1,0.06619432258061397,False
2025-02-09,APPLE STORE #R1234,111.59,Debit,Shopping,Normal,2025,2,9,6,2025-02,Shopping,1,0.060205246601229834,False
2025-03-25,UBER TRIP 284922 CA,17.21,Debit,Transport,Normal,2025,3,25,1,2025-03,Transport,0,0.06567502923027635,False
2025-01-20,McDonalds #8492,31.41,Debit,Food,Normal,2025,1,20,0,2025-01,Food,2,0.018807973486566487,False
2025-01-29,COSTCO WHOLESALE,127.07,Debit,Groceries,Normal,2025,1,29,2,2025-01,Other,4,0.09074319160472782,False
2025-03-18,PAYPAL *SPOTIFY,9.99,Debit,Entertainment,Recurring,2025,3,18,1,2025-03,Entertainment,2,0.03625133743557285,False
2025-03-18,INTERNET CHARGES,177.27,Debit,Utilities,Normal,2025,3,18,1,2025-03,Utilities,0,0.018309842780189767,False
2025-02-19,LYFT RIDE PGH,55.94,Debit,Transport,Normal,2025,2,19,2,2025-02,Transport,0,0.10476814811424384,False
2025-01-11,WATER BILL,49.59,Debit,Utilities,Normal,2025,1,11,5,2025-01,Utilities,4,0.042282751236274896,False
2025-03-01,GAS COMPANY,47.59,Debit,Utilities,Normal,2025,3,1,5,2025-03,Other,1,0.1316500770721194,False
2025-02-21,TARGET T-2812,194.95,Debit,Shopping,Normal,2025,2,21,4,2025-02,Shopping,1,0.07758493240026465,False
2025-01-18,SPAR HYPERMARKET,47.72,Debit,Groceries,Normal,2025,1,18,5,2025-01,Other,4,0.11018125981434551,False
2025-03-10,COSTCO WHOLESALE,86.03,Debit,Groceries,Normal,2025,3,10,0,2025-03,Other,0,0.07878567369770162,False
2025-02-08,ELECTRIC BILL,171.45,Debit,Utilities,Normal,2025,2,8,5,2025-02,Utilities,1,0.036122366551640916,False
2025-02-05,WATER BILL,127.5,Debit,Utilities,Normal,2025,2,5,2,2025-02,Utilities,0,0.07611298607203598,False
2025-03-12,WM SUPERCENTER #382,81.85,Debit,Groceries,Normal,2025,3,12,2,2025-03,Other,0,0.13246905115471064,False
2025-03-15,Netflix.com Subscription,15.99,Debit,Entertainment,Recurring,2025,3,15,5,2025-03,Entertainment,2,0.03091905905556913,False
2025-02-01,SHELL STATION #221,29.43,Debit,Transport,Normal,2025,2,1,5,2025-02,Other,1,0.1333217767013407,False
2025-01-15,McDonalds #8492,26.96,Debit,Food,Normal,2025,1,15,2,2025-01,Food,2,0.06476887351993266,False
2025-02-06,KFC Outlet 22,25.91,Debit,Food,Normal,2025,2,6,3,2025-02,Other,4,0.15027516008087222,False
2025-01-21,McDonalds #8492,11.08,Debit,Food,Normal,2025,1,21,1,2025-01,Food,2,0.03528630271433464,False
2025-03-24,SPAR HYPERMARKET,42.86,Debit,Groceries,Normal,2025,3,24,0,2025-03,Other,0,0.09957965517739092,False
2025-03-16,Starbucks Store 0032,37.51,Debit,Food,Normal,2025,3,16,6,2025-03,Food,1,0.03420982588960453,False
2025-03-09,GAS COMPANY,164.5,Debit,Utilities,Normal,2025,3,9,6,2025-03,Other,1,0.019641137649113793,False
2025-02-21,CINEMA CITY,40.66,Debit,Entertainment,Normal,2025,2,21,4,2025-02,Other,1,0.14399324973014765,False
2025-02-04,YELLOW CAB CO,24.62,Debit,Transport,Normal,2025,2,4,1,2025-02,Transport,0,0.09040448393462364,False
2025-03-30,LOCAL GROCERY MART,82.1,Debit,Groceries,Normal,2025,3,30,6,2025-03,Other,1,0.08717946355659356,False
2025-01-11,LYFT RIDE PGH,45.44,Debit,Transport,Normal,2025,1,11,5,2025-01,Transport,4,0.06470480959282177,False
2025-02-16,GAS COMPANY,127.56,Debit,Utilities,Normal,2025,2,16,6,2025-02,Other,1,0.058192202872890064,False
2025-01-25,COSTCO WHOLESALE,150.0,Debit,Groceries,Normal,2025,1,25,5,2025-01,Other,4,0.05701980103659454,False
2025-01-02,KFC Outlet 22,26.74,Debit,Food,Normal,2025,1,2,3,2025-01,Other,4,0.11926124364973412,False
2025-02-04,INTERNET CHARGES,59.22,Debit,Utilities,Normal,2025,2,4,1,2025-02,Utilities,0,0.06431990963893097,False
2025-02-21,UBER TRIP 284922 CA,16.56,Debit,Transport,Normal,2025,2,21,4,2025-02,Transport,1,0.08717872856152009,False
2025-03-17,ZARA MALL 09,166.96,Debit,Shopping,Normal,2025,3,17,0,2025-03,Shopping,0,0.03781616190161763,False
2025-02-01,ELECTRIC BILL,126.71,Debit,Utilities,Normal,2025,2,1,5,2025-02,Utilities,1,0.04023000573583302,False
2025-01-25,CINEMA CITY,33.7,Debit,Entertainment,Normal,2025,1,25,5,2025-01,Other,4,0.10474413629882617,False
2025-02-03,WATER BILL,170.66,Debit,Utilities,Normal,2025,2,3,0,2025-02,Utilities,0,0.014999981379186011,False
2025-02-12,McDonalds #8492,30.59,Debit,Food,Normal,2025,2,12,2,2025-02,Food,2,0.09483718110616596,False
2025-01-21,ZARA MALL 09,91.68,Debit,Shopping,Normal,2025,1,21,1,2025-01,Shopping,4,0.07323931997836897,False
2025-03-05,STEAM PURCHASE,62.32,Debit,Entertainment,Normal,2025,3,5,2,2025-03,Other,0,0.1437689972965655,False
2025-02-25,Starbucks Store 0032,21.09,Debit,Food,Normal,2025,2,25,1,2025-02,Food,2,0.08263441354850865,False
2025-02-01,YELLOW CAB CO,37.02,Debit,Transport,Normal,2025,2,1,5,2025-02,Transport,1,0.08644175902993417,False
2025-01-03,ELECTRIC BILL,150.15,Debit,Utilities,Normal,2025,1,3,4,2025-01,Utilities,4,0.028632734527858084,False
2025-02-05,ELECTRIC BILL,146.23,Debit,Utilities,Normal,2025,2,5,2,2025-02,Utilities,0,0.06956489042213443,False
2025-03-25,Dominos Pizza,30.23,Debit,Food,Normal,2025,3,25,1,2025-03,Other,0,0.1276724330755752,False
2025-02-10,Dominos Pizza,20.02,Debit,Food,Normal,2025,2,10,0,2025-02,Other,0,0.10150704275947486,False
2025-01-31,METRO TICKET,9.37,Debit,Transport,Normal,2025,1,31,4,2025-01,Other,4,0.10280255697065815,False
2025-02-13,PAYPAL *SPOTIFY,31.98,Debit,Entertainment,Normal,2025,2,13,3,2025-02,Entertainment,2,0.0654057398915443,False
2025-02-12,PAYPAL *SPOTIFY,56.25,Debit,Entertainment,Normal,2025,2,12,2,2025-02,Entertainment,2,0.07874783603785418,False
2025-02-03,STEAM PURCHASE,26.08,Debit,Entertainment,Normal,2025,2,3,0,2025-02,Other,0,0.1111179339643385,False
2025-01-15,GAS COMPANY,165.93,Debit,Utilities,Normal,2025,1,15,2,2025-01,Other,4,0.0669601553809398,False
2025-04-01,Netflix.com,39.94,Debit,Entertainment,Normal,2025,4,1,1,2025-04,Entertainment,2,-0.06464106833452099,True
2025-03-15,INTERNET CHARGES,105.44,Debit,Utilities,Normal,2025,3,15,5,2025-03,Utilities,1,0.02681606216010235,False
2025-01-10,H&M STORE 42,218.21,Debit,Shopping,Normal,2025,1,10,4,2025-01,Shopping,4,0.0455262583057765,False
2025-01-24,H&M STORE 42,68.79,Debit,Shopping,Normal,2025,1,24,4,2025-01,Shopping,4,0.08762638851612942,False
2025-02-19,WM SUPERCENTER #382,132.09,Debit,Groceries,Normal,2025,2,19,2,2025-02,Other,0,0.12241645767634929,False
2025-02-23,ELECTRIC BILL,109.73,Debit,Utilities,Normal,2025,2,23,6,2025-02,Utilities,1,0.019325652565337026,False
2025-01-29,ELECTRIC BILL,177.92,Debit,Utilities,Normal,2025,1,29,2,2025-01,Utilities,4,0.02935735346824464,False
2025-03-26,LOCAL GROCERY MART,141.84,Debit,Groceries,Normal,2025,3,26,2,2025-03,Other,0,0.10512342380293732,False
2025-02-11,GAS COMPANY,42.73,Debit,Utilities,Normal,2025,2,11,1,2025-02,Other,0,0.14410939351522578,False
2025-03-02,AMAZON MKTP US*2R9,104.72,Debit,Shopping,Normal,2025,3,2,6,2025-03,Shopping,1,0.05843628056640027,False
2025-03-11,ELECTRIC BILL,94.66,Debit,Utilities,Normal,2025,3,11,1,2025-03,Utilities,0,0.050288485747967515,False
2025-03-13,STEAM PURCHASE,19.15,Debit,Entertainment,Normal,2025,3,13,3,2025-03,Other,1,0.13911490147187705,False
2025-03-05,UNKNOWN TRANSACTION 999,1.0,Debit,Uncategorized,Anomaly,2025,3,5,2,2025-03,Other,0,0.10548509357591274,False
2025-03-20,SPAR HYPERMARKET,128.82,Debit,Groceries,Normal,2025,3,20,3,2025-03,Other,1,0.12455782192858172,False
2025-03-04,PAYPAL *SPOTIFY,40.15,Debit,Entertainment,Normal,2025,3,4,1,2025-03,Entertainment,2,0.06939270980179735,False
2025-03-09,PAYPAL *SPOTIFY,53.93,Debit,Entertainment,Normal,2025,3,9,6,2025-03,Entertainment,2,0.03332794861659516,False
2025-02-26,Dominos Pizza,8.43,Debit,Food,Normal,2025,2,26,2,2025-02,Other,0,0.1168331224142441,False
2025-02-10,H&M STORE 42,159.43,Debit,Shopping,Normal,2025,2,10,0,2025-02,Shopping,0,0.06869866201917796,False
2025-01-07,SPAR HYPERMARKET,87.75,Debit,Groceries,Normal,2025,1,7,1,2025-01,Other,4,0.1003062681267623,False
2025-02-07,Local Diner,31.16,Debit,Food,Normal,2025,2,7,4,2025-02,Food,2,0.08556414222311137,False
2025-04-01,STEAM PURCHASE,30.83,Debit,Entertainment,Normal,2025,4,1,1,2025-04,Other,0,-0.03893934553855494,True
2025-01-16,GAS COMPANY,51.03,Debit,Utilities,Normal,2025,1,16,3,2025-01,Other,4,0.1296227677515867,False
2025-02-27,INTERNET CHARGES,160.99,Debit,Utilities,Normal,2025,2,27,3,2025-02,Utilities,4,0.06969317389649876,False
2025-02-03,UBER TRIP 284922 CA,54.27,Debit,Transport,Normal,2025,2,3,0,2025-02,Transport,0,0.06692589650406444,False
2025-04-01,GAS COMPANY,118.53,Debit,Utilities,Normal,2025,4,1,1,2025-04,Other,0,-0.05316923790806427,True
2025-01-30,APPLE STORE #R1234,204.44,Debit,Shopping,Normal,2025,1,30,3,2025-01,Shopping,4,0.05431272298562517,False
2025-02-23,TARGET T-2812,114.98,Debit,Shopping,Normal,2025,2,23,6,2025-02,Shopping,1,0.05822966413923536,False
2025-02-10,WATER BILL,95.01,Debit,Utilities,Normal,2025,2,10,0,2025-02,Utilities,0,0.03340601424551903,False
2025-03-07,WATER BILL,85.92,Debit,Utilities,Normal,2025,3,7,4,2025-03,Utilities,1,0.039451808402717226,False
2025-02-18,PAYPAL *SPOTIFY,52.32,Debit,Entertainment,Normal,2025,2,18,1,2025-02,Entertainment,2,0.07056998595010755,False
2025-02-01,Local Diner,14.97,Debit,Food,Normal,2025,2,1,5,2025-02,Food,2,0.06356302476914866,False
2025-02-10,WATER BILL,131.76,Debit,Utilities,Normal,2025,2,10,0,2025-02,Utilities,0,0.04147299522054315,False
2025-01-21,GAS COMPANY,131.4,Debit,Utilities,Normal,2025,1,21,1,2025-01,Other,4,0.0799982731396297,False
2025-01-26,LYFT RIDE PGH,48.9,Debit,Transport,Normal,2025,1,26,6,2025-01,Transport,4,0.030784458041657192,False
2025-02-27,Dominos Pizza,12.75,Debit,Food,Normal,2025,2,27,3,2025-02,Other,4,0.13293201132226085,False
2025-03-08,STEAM PURCHASE,11.62,Debit,Entertainment,Normal,2025,3,8,5,2025-03,Other,1,0.10864584104182023,False
2025-04-01,COSTCO WHOLESALE,79.44,Debit,Groceries,Normal,2025,4,1,1,2025-04,Other,0,-0.03810109377033488,True
2025-02-17,PAYPAL *SPOTIFY,48.06,Debit,Entertainment,Normal,2025,2,17,0,2025-02,Entertainment,2,0.06313045058036304,False
2025-03-17,CINEMA CITY,31.21,Debit,Entertainment,Normal,2025,3,17,0,2025-03,Other,0,0.09892139557469232,False
2025-01-29,AMAZON MKTP US*2R9,199.68,Debit,Shopping,Normal,2025,1,29,2,2025-01,Shopping,4,0.04586089381458036,False
2025-02-27,LOCAL GROCERY MART,118.97,Debit,Groceries,Normal,2025,2,27,3,2025-02,Other,4,0.1378219596409317,False
2025-02-19,H&M STORE 42,198.13,Debit,Shopping,Normal,2025,2,19,2,2025-02,Shopping,0,0.07943501759383315,False
2025-01-13,LOCAL GROCERY MART,130.94,Debit,Groceries,Normal,2025,1,13,0,2025-01,Other,4,0.04046983432490969,False
2025-03-06,METRO TICKET,22.19,Debit,Transport,Normal,2025,3,6,3,2025-03,Other,1,0.1407735469399764,False
2025-01-23,SHELL STATION #221,52.52,Debit,Transport,Normal,2025,1,23,3,2025-01,Other,4,0.12535178904032707,False
2025-01-20,STEAM PURCHASE,55.15,Debit,Entertainment,Normal,2025,1,20,0,2025-01,Other,4,0.06947718148615978,False
2025-02-02,WM SUPERCENTER #382,118.23,Debit,Groceries,Normal,2025,2,2,6,2025-02,Other,1,0.06751722417393924,False
2025-02-08,APPLE STORE #R1234,153.38,Debit,Shopping,Normal,2025,2,8,5,2025-02,Shopping,1,0.08688991622976178,False
2025-03-12,PAYPAL *SPOTIFY,27.61,Debit,Entertainment,Normal,2025,3,12,2,2025-03,Entertainment,2,0.0668390610739601,False
2025-02-09,SHELL STATION #221,27.19,Debit,Transport,Normal,2025,2,9,6,2025-02,Other,1,0.09799680866917482,False
2025-03-23,METRO TICKET,13.33,Debit,Transport,Normal,2025,3,23,6,2025-03,Other,1,0.08375673625648483,False
2025-01-08,ELECTRIC BILL,172.66,Debit,Utilities,Normal,2025,1,8,2,2025-01,Utilities,4,0.035242759079128994,False
2025-01-18,PAYPAL *SPOTIFY,9.99,Debit,Entertainment,Recurring,2025,1,18,5,2025-01,Entertainment,2,-0.020832999376167782,True
2025-01-10,STEAM PURCHASE,41.54,Debit,Entertainment,Normal,2025,1,10,4,2025-01,Other,4,0.13752778624931677,False
2025-02-13,ZARA MALL 09,222.47,Debit,Shopping,Normal,2025,2,13,3,2025-02,Shopping,4,0.06528920276084837,False
2025-01-17,LOCAL GROCERY MART,82.15,Debit,Groceries,Normal,2025,1,17,4,2025-01,Other,4,0.1074485331105795,False
2025-03-16,APPLE STORE #R1234,54.06,Debit,Shopping,Normal,2025,3,16,6,2025-03,Shopping,1,0.07290778223144323,False
2025-01-18,GAS COMPANY,103.51,Debit,Utilities,Normal,2025,1,18,5,2025-01,Other,4,0.08115338858598092,False
2025-01-08,INTERNET CHARGES,48.0,Debit,Utilities,Normal,2025,1,8,2,2025-01,Utilities,4,0.05845631650016048,False
2025-01-30,Starbucks Store 0032,18.3,Debit,Food,Normal,2025,1,30,3,2025-01,Food,2,0.04342005640736879,False
2025-03-19,ELECTRIC BILL,169.98,Debit,Utilities,Normal,2025,3,19,2,2025-03,Utilities,0,0.034208435131903525,False
2025-02-17,GAS COMPANY,138.27,Debit,Utilities,Normal,2025,2,17,0,2025-02,Other,0,0.07106315708324973,False
2025-01-01,Local Diner,31.99,Debit,Food,Normal,2025,1,1,2,2025-01,Food,2,0.06502928590780666,False
2025-02-11,SHELL STATION #221,45.5,Debit,Transport,Normal,2025,2,11,1,2025-02,Other,0,0.1437541077168672,False
2025-03-12,TARGET T-2812,64.12,Debit,Shopping,Normal,2025,3,12,2,2025-03,Shopping,0,0.10702044100321384,False
2025-03-06,McDonalds #8492,6.37,Debit,Food,Normal,2025,3,6,3,2025-03,Food,2,0.052445129700851245,False
2025-03-02,TARGET T-2812,104.6,Debit,Shopping,Normal,2025,3,2,6,2025-03,Shopping,1,0.05843628056640027,False
2025-02-04,INTERNET CHARGES,55.62,Debit,Utilities,Normal,2025,2,4,1,2025-02,Utilities,0,0.06563506178773149,False
2025-01-15,Netflix.com,61.39,Debit,Entertainment,Normal,2025,1,15,2,2025-01,Entertainment,2,0.02997435828723849,False
2025-02-15,Netflix.com Subscription,15.99,Debit,Entertainment,Recurring,2025,2,15,5,2025-02,Entertainment,2,0.036729333056854996,False
2025-01-05,WATER BILL,135.07,Debit,Utilities,Normal,2025,1,5,6,2025-01,Utilities,4,-0.015389330613050145,True
2025-03-14,APPLE STORE #R1234,39.54,Debit,Shopping,Normal,2025,3,14,4,2025-03,Shopping,1,0.08715235610261823,False
2025-02-15,SPAR HYPERMARKET,133.51,Debit,Groceries,Normal,2025,2,15,5,2025-02,Other,1,0.09703954949593835,False
2025-02-14,LOCAL GROCERY MART,93.99,Debit,Groceries,Normal,2025,2,14,4,2025-02,Other,1,0.11790260818513121,False
2025-01-02,COSTCO WHOLESALE,76.25,Debit,Groceries,Normal,2025,1,2,3,2025-01,Other,4,0.11294282777696013,False
2025-02-04,WM SUPERCENTER #382,51.37,Debit,Groceries,Normal,2025,2,4,1,2025-02,Other,0,0.1458071597003825,False
2025-02-09,Netflix.com,53.99,Debit,Entertainment,Normal,2025,2,9,6,2025-02,Entertainment,2,0.01570706106043207,False
2025-02-22,CINEMA CITY,36.97,Debit,Entertainment,Normal,2025,2,22,5,2025-02,Other,1,0.13491459779439885,False
2025-02-03,PAYPAL *SPOTIFY,61.37,Debit,Entertainment,Normal,2025,2,3,0,2025-02,Entertainment,2,0.0439891474141717,False
2025-03-19,LYFT RIDE PGH,53.4,Debit,Transport,Normal,2025,3,19,2,2025-03,Transport,0,0.08015154524278018,False
2025-02-17,Netflix.com,56.59,Debit,Entertainment,Normal,2025,2,17,0,2025-02,Entertainment,2,0.050428967232630684,False
2025-03-24,Netflix.com,51.86,Debit,Entertainment,Normal,2025,3,24,0,2025-03,Entertainment,2,0.03169296340513694,False
2025-01-21,Starbucks Store 0032,19.3,Debit,Food,Normal,2025,1,21,1,2025-01,Food,2,0.04225137689716418,False
2025-03-16,CINEMA CITY,35.43,Debit,Entertainment,Normal,2025,3,16,6,2025-03,Other,1,0.10140513610229762,False
2025-02-23,WM SUPERCENTER #382,50.85,Debit,Groceries,Normal,2025,2,23,6,2025-02,Other,1,0.10036570962503316,False
2025-01-12,COSTCO WHOLESALE,105.21,Debit,Groceries,Normal,2025,1,12,6,2025-01,Other,4,0.03736003417755851,False
2025-01-07,STEAM PURCHASE,67.96,Debit,Entertainment,Normal,2025,1,7,1,2025-01,Other,4,0.11305910330755514,False
2025-03-13,ZARA MALL 09,86.19,Debit,Shopping,Normal,2025,3,13,3,2025-03,Shopping,1,0.10761342096461862,False
2025-04-01,SPAR HYPERMARKET,61.19,Debit,Groceries,Normal,2025,4,1,1,2025-04,Other,0,-0.0320994316497385,True
2025-02-13,APPLE STORE #R1234,179.32,Debit,Shopping,Normal,2025,2,13,3,2025-02,Shopping,4,0.10629969371608916,False
2025-03-05,AMAZON MKTP US*2R9,42.35,Debit,Shopping,Normal,2025,3,5,2,2025-03,Shopping,0,0.10310609865478415,False
2025-01-12,SPAR HYPERMARKET,68.5,Debit,Groceries,Normal,2025,1,12,6,2025-01,Other,4,0.04963233439067527,False
2025-01-17,GAS COMPANY,61.6,Debit,Utilities,Normal,2025,1,17,4,2025-01,Other,4,0.12432231013692085,False
2025-01-26,Netflix.com,50.63,Debit,Entertainment,Normal,2025,1,26,6,2025-01,Entertainment,2,-0.02813130612829229,True
2025-02-22,COSTCO WHOLESALE,36.79,Debit,Groceries,Normal,2025,2,22,5,2025-02,Other,1,0.13491459779439885,False
2025-01-13,PAYPAL *SPOTIFY,78.68,Debit,Entertainment,Normal,2025,1,13,0,2025-01,Entertainment,2,-0.0327085501154557,True
2025-03-27,LOCAL GROCERY MART,79.76,Debit,Groceries,Normal,2025,3,27,3,2025-03,Other,1,0.14303368296290447,False
2025-01-06,YELLOW CAB CO,26.96,Debit,Transport,Normal,2025,1,6,0,2025-01,Transport,4,0.036261247503977745,False
2025-01-23,H&M STORE 42,229.79,Debit,Shopping,Normal,2025,1,23,3,2025-01,Shopping,4,0.033923438235762715,False
2025-01-05,AMAZON MKTP US*2R9,157.21,Debit,Shopping,Normal,2025,1,5,6,2025-01,Shopping,4,-0.0029472335733100596,True
2025-02-07,INTERNET CHARGES,43.07,Debit,Utilities,Normal,2025,2,7,4,2025-02,Utilities,1,0.05164448496095708,False
2025-02-20,Starbucks Store 0032,400.0,Debit,Food,Anomaly,2025,2,20,3,2025-02,Food,2,-0.0332323985188705,True
2025-02-02,McDonalds #8492,27.23,Debit,Food,Normal,2025,2,2,6,2025-02,Food,2,0.034917487510128575,False
2025-01-06,LYFT RIDE PGH,54.06,Debit,Transport,Normal,2025,1,6,0,2025-01,Transport,4,0.039520434023029294,False
2025-01-18,INTERNET CHARGES,95.72,Debit,Utilities,Normal,2025,1,18,5,2025-01,Utilities,4,0.02497673017628832,False
2025-02-05,ELECTRIC BILL,58.01,Debit,Utilities,Normal,2025,2,5,2,2025-02,Utilities,0,0.07590194652256277,False
2025-03-24,UBER TRIP 284922 CA,41.04,Debit,Transport,Normal,2025,3,24,0,2025-03,Transport,0,0.05900256261029668,False
2025-01-06,Starbucks Store 0032,9.8,Debit,Food,Normal,2025,1,6,0,2025-01,Food,2,0.00258022884119391,False
2025-01-19,WATER BILL,104.56,Debit,Utilities,Normal,2025,1,19,6,2025-01,Utilities,4,-0.00549679852589402,True
2025-01-01,TARGET T-2812,220.07,Debit,Shopping,Normal,2025,1,1,2,2025-01,Shopping,4,0.033860403702792086,False
2025-01-10,WATER BILL,176.13,Debit,Utilities,Normal,2025,1,10,4,2025-01,Utilities,4,0.011057746052453243,False
2025-03-03,WATER BILL,47.96,Debit,Utilities,Normal,2025,3,3,0,2025-03,Utilities,0,0.023714630083929378,False
2025-02-24,LOCAL GROCERY MART,35.84,Debit,Groceries,Normal,2025,2,24,0,2025-02,Other,0,0.11054456971245952,False
2025-01-31,STEAM PURCHASE,51.96,Debit,Entertainment,Normal,2025,1,31,4,2025-01,Other,4,0.1318175921661759,False
2025-03-24,Netflix.com,30.24,Debit,Entertainment,Normal,2025,3,24,0,2025-03,Entertainment,2,0.02063001467800163,False
2025-03-21,STEAM PURCHASE,18.64,Debit,Entertainment,Normal,2025,3,21,4,2025-03,Other,1,0.13534929980932714,False
2025-02-08,SPAR HYPERMARKET,63.17,Debit,Groceries,Normal,2025,2,8,5,2025-02,Other,1,0.12186582408703317,False
2025-02-18,INTERNET CHARGES,127.75,Debit,Utilities,Normal,2025,2,18,1,2025-02,Utilities,0,0.060302427862080954,False
2025-02-25,H&M STORE 42,26.68,Debit,Shopping,Normal,2025,2,25,1,2025-02,Shopping,0,0.10750594087295451,False
2025-03-23,CINEMA CITY,14.72,Debit,Entertainment,Normal,2025,3,23,6,2025-03,Other,1,0.08591995232300925,False
2025-03-25,Local Diner,14.56,Debit,Food,Normal,2025,3,25,1,2025-03,Food,2,0.0626517927273953,False
2025-04-01,LYFT RIDE PGH,49.27,Debit,Transport,Normal,2025,4,1,1,2025-04,Transport,0,-0.058972848278537104,True
2025-03-13,COSTCO WHOLESALE,111.33,Debit,Groceries,Normal,2025,3,13,3,2025-03,Other,1,0.1304115082980536,False
2025-01-11,GAS COMPANY,161.87,Debit,Utilities,Normal,2025,1,11,5,2025-01,Other,4,0.0420810597818867,False
2025-03-28,STEAM PURCHASE,45.94,Debit,Entertainment,Normal,2025,3,28,4,2025-03,Other,1,0.1359640995778434,False
2025-03-10,COSTCO WHOLESALE,120.23,Debit,Groceries,Normal,2025,3,10,0,2025-03,Other,0,0.06352851283022376,False
2025-03-11,ZARA MALL 09,175.45,Debit,Shopping,Normal,2025,3,11,1,2025-03,Shopping,0,0.06682008425286556,False
2025-01-21,INTERNET CHARGES,92.2,Debit,Utilities,Normal,2025,1,21,1,2025-01,Utilities,4,0.04192919351771174,False
2025-03-01,INTERNET CHARGES,175.95,Debit,Utilities,Normal,2025,3,1,5,2025-03,Utilities,1,0.016955941654675732,False
2025-02-24,Netflix.com,39.0,Debit,Entertainment,Normal,2025,2,24,0,2025-02,Entertainment,2,0.06512527444602789,False
2025-03-07,PAYPAL *SPOTIFY,59.74,Debit,Entertainment,Normal,2025,3,7,4,2025-03,Entertainment,2,0.027435496436757245,False
2025-02-11,COSTCO WHOLESALE,25.85,Debit,Groceries,Normal,2025,2,11,1,2025-02,Other,0,0.13910275584692955,False
2025-02-17,H&M STORE 42,195.51,Debit,Shopping,Normal,2025,2,17,0,2025-02,Shopping,0,0.03509852690782067,False
2025-01-15,Netflix.com Subscription,15.99,Debit,Entertainment,Recurring,2025,1,15,2,2025-01,Entertainment,2,0.023311595539006635,False
2025-03-27,Local Diner,26.81,Debit,Food,Normal,2025,3,27,3,2025-03,Food,2,0.07916861146947951,False
2025-03-04,WM SUPERCENTER #382,97.13,Debit,Groceries,Normal,2025,3,4,1,2025-03,Other,0,0.11323907094449653,False
2025-01-11,WATER BILL,61.12,Debit,Utilities,Normal,2025,1,11,5,2025-01,Utilities,4,0.033215543426428074,False
2025-01-06,SPAR HYPERMARKET,147.63,Debit,Groceries,Normal,2025,1,6,0,2025-01,Other,4,0.037714168661216685,False
2025-03-31,METRO TICKET,25.69,Debit,Transport,Normal,2025,3,31,0,2025-03,Other,0,0.09798591608709939,False
2025-02-08,INTERNET CHARGES,111.02,Debit,Utilities,Normal,2025,2,8,5,2025-02,Utilities,1,0.042786142759628,False
2025-03-10,LYFT RIDE PGH,16.5,Debit,Transport,Normal,2025,3,10,0,2025-03,Transport,0,0.04024678036066753,False
2025-01-02,H&M STORE 42,209.14,Debit,Shopping,Normal,2025,1,2,3,2025-01,Shopping,4,0.05154381880298764,False
2025-03-19,METRO TICKET,9.81,Debit,Transport,Normal,2025,3,19,2,2025-03,Other,0,0.11975704005796761,False
2025-01-07,WM SUPERCENTER #382,32.58,Debit,Groceries,Normal,2025,1,7,1,2025-01,Other,4,0.11494864740833732,False
2025-02-27,WM SUPERCENTER #382,138.23,Debit,Groceries,Normal,2025,2,27,3,2025-02,Other,4,0.12784080150663407,False
2025-02-14,Dominos Pizza,17.86,Debit,Food,Normal,2025,2,14,4,2025-02,Other,1,0.14007216701463476,False
2025-03-28,PAYPAL *SPOTIFY,76.6,Debit,Entertainment,Normal,2025,3,28,4,2025-03,Entertainment,2,0.017395472503022535,False
2025-01-31,AMAZON MKTP US*2R9,197.45,Debit,Shopping,Normal,2025,1,31,4,2025-01,Shopping,4,0.05677045116597956,False
2025-01-31,APPLE STORE #R1234,94.47,Debit,Shopping,Normal,2025,1,31,4,2025-01,Shopping,4,0.08558517273598698,False
2025-03-17,LYFT RIDE PGH,8.37,Debit,Transport,Normal,2025,3,17,0,2025-03,Transport,0,0.02262226324941352,False
2025-02-28,ZARA MALL 09,173.37,Debit,Shopping,Normal,2025,2,28,4,2025-02,Shopping,1,0.09394549876908176,False
2025-02-01,SHELL STATION #221,36.03,Debit,Transport,Normal,2025,2,1,5,2025-02,Other,1,0.13454691018963216,False
2025-02-17,LOCAL GROCERY MART,125.14,Debit,Groceries,Normal,2025,2,17,0,2025-02,Other,0,0.07753991899977031,False
2025-01-16,SPAR HYPERMARKET,111.08,Debit,Groceries,Normal,2025,1,16,3,2025-01,Other,4,0.09924921262299763,False
2025-03-28,Starbucks Store 0032,14.52,Debit,Food,Normal,2025,3,28,4,2025-03,Food,2,0.06595065295377567,False
2025-02-23,GAS COMPANY,118.95,Debit,Utilities,Normal,2025,2,23,6,2025-02,Other,1,0.06751722417393924,False
2025-01-18,ELECTRIC BILL,78.67,Debit,Utilities,Normal,2025,1,18,5,2025-01,Utilities,4,0.034130759410221145,False
2025-03-10,McDonalds #8492,9.49,Debit,Food,Normal,2025,3,10,0,2025-03,Food,2,0.015803793042778236,False
2025-02-10,Starbucks Store 0032,34.37,Debit,Food,Normal,2025,2,10,0,2025-02,Food,2,0.06510564364755334,False
2025-01-05,INTERNET CHARGES,162.69,Debit,Utilities,Normal,2025,1,5,6,2025-01,Utilities,4,-0.030011503328512212,True
2025-01-10,YELLOW CAB CO,51.91,Debit,Transport,Normal,2025,1,10,4,2025-01,Transport,4,0.0669643436874674,False
2025-02-02,METRO TICKET,58.3,Debit,Transport,Normal,2025,2,2,6,2025-02,Other,1,0.09643148805177604,False
2025-03-28,GAS COMPANY,165.41,Debit,Utilities,Normal,2025,3,28,4,2025-03,Other,1,0.06794399413799312,False
2025-02-14,WATER BILL,162.91,Debit,Utilities,Normal,2025,2,14,4,2025-02,Utilities,1,0.04892235595059413,False
2025-02-04,METRO TICKET,55.08,Debit,Transport,Normal,2025,2,4,1,2025-02,Other,0,0.14496705411808553,False
2025-02-18,ZARA MALL 09,68.68,Debit,Shopping,Normal,2025,2,18,1,2025-02,Shopping,0,0.11556213469753673,False
2025-01-19,UBER TRIP 284922 CA,10.4,Debit,Transport,Normal,2025,1,19,6,2025-01,Transport,4,-0.0034210715890927723,True
2025-01-28,GAS COMPANY,98.78,Debit,Utilities,Normal,2025,1,28,1,2025-01,Other,4,0.0944175714203278,False
2025-03-27,PAYPAL *SPOTIFY,34.22,Debit,Entertainment,Normal,2025,3,27,3,2025-03,Entertainment,2,0.0507769740918137,False
2025-02-25,Local Diner,27.25,Debit,Food,Normal,2025,2,25,1,2025-02,Food,2,0.08632579276587737,False
2025-02-13,Netflix.com,25.9,Debit,Entertainment,Normal,2025,2,13,3,2025-02,Entertainment,2,0.06149448626411447,False
2025-03-09,INTERNET CHARGES,103.52,Debit,Utilities,Normal,2025,3,9,6,2025-03,Utilities,1,0.007373536365029354,False
2025-02-26,WM SUPERCENTER #382,99.75,Debit,Groceries,Normal,2025,2,26,2,2025-02,Other,0,0.12932909788828184,False
2025-01-27,ZARA MALL 09,181.42,Debit,Shopping,Normal,2025,1,27,0,2025-01,Shopping,4,0.005466286108505636,False
2025-03-20,SPAR HYPERMARKET,142.38,Debit,Groceries,Normal,2025,3,20,3,2025-03,Other,1,0.11471344484698792,False
2025-01-17,Dominos Pizza,38.79,Debit,Food,Normal,2025,1,17,4,2025-01,Other,4,0.1378504586490792,False
2025-01-17,SHELL STATION #221,18.67,Debit,Transport,Normal,2025,1,17,4,2025-01,Other,4,0.12165113795963067,False
2025-02-17,APPLE STORE #R1234,70.8,Debit,Shopping,Normal,2025,2,17,0,2025-02,Shopping,0,0.0837121544013118,False
2025-03-12,CINEMA CITY,33.33,Debit,Entertainment,Normal,2025,3,12,2,2025-03,Other,0,0.1420359705255042,False
2025-03-20,H&M STORE 42,83.15,Debit,Shopping,Normal,2025,3,20,3,2025-03,Shopping,1,0.10523764457353207,False
2025-01-07,STEAM PURCHASE,20.28,Debit,Entertainment,Normal,2025,1,7,1,2025-01,Other,4,0.11024438377078838,False
2025-01-31,KFC Outlet 22,25.02,Debit,Food,Normal,2025,1,31,4,2025-01,Other,4,0.13130222479058612,False
2025-02-15,McDonalds #8492,28.87,Debit,Food,Normal,2025,2,15,5,2025-02,Food,2,0.07021112777137095,False
2025-02-13,WM SUPERCENTER #382,86.79,Debit,Groceries,Normal,2025,2,13,3,2025-02,Other,4,0.14282668280113314,False
2025-03-01,STEAM PURCHASE,53.48,Debit,Entertainment,Normal,2025,3,1,5,2025-03,Other,1,0.1286834098186428,False
2025-03-02,Netflix.com,14.57,Debit,Entertainment,Normal,2025,3,2,6,2025-03,Entertainment,2,0.014282258177461427,False
2025-02-03,UBER TRIP 284922 CA,14.59,Debit,Transport,Normal,2025,2,3,0,2025-02,Transport,0,0.05171078281952002,False
2025-03-25,STEAM PURCHASE,23.87,Debit,Entertainment,Normal,2025,3,25,1,2025-03,Other,0,0.1286101584031169,False
2025-03-30,PAYPAL *SPOTIFY,59.33,Debit,Entertainment,Normal,2025,3,30,6,2025-03,Entertainment,2,0.025984787853036817,False
2025-01-18,Starbucks Store 0032,38.12,Debit,Food,Normal,2025,1,18,5,2025-01,Food,2,0.028768523380294453,False
2025-03-28,GAS COMPANY,79.78,Debit,Utilities,Normal,2025,3,28,4,2025-03,Other,1,0.13017656462002192,False
2025-03-25,WATER BILL,85.01,Debit,Utilities,Normal,2025,3,25,1,2025-03,Utilities,0,0.05013645139406275,False
2025-03-23,LOCAL GROCERY MART,45.33,Debit,Groceries,Normal,2025,3,23,6,2025-03,Other,1,0.10103844491497199,False
2025-02-13,Starbucks Store 0032,25.59,Debit,Food,Normal,2025,2,13,3,2025-02,Food,2,0.0941948352373782,False
2025-01-15,ELECTRIC BILL,156.03,Debit,Utilities,Normal,2025,1,15,2,2025-01,Utilities,4,0.04455382078141212,False
2025-03-11,CINEMA CITY,54.22,Debit,Entertainment,Normal,2025,3,11,1,2025-03,Other,0,0.1341613379167627,False
2025-01-04,Starbucks Store 0032,12.65,Debit,Food,Normal,2025,1,4,5,2025-01,Food,2,0.020528973548871177,False
2025-01-13,CINEMA CITY,38.73,Debit,Entertainment,Normal,2025,1,13,0,2025-01,Other,4,0.0742897622358466,False
2025-03-02,INTERNET CHARGES,45.13,Debit,Utilities,Normal,2025,3,2,6,2025-03,Utilities,1,0.006139688597836979,False
2025-01-10,ELECTRIC BILL,99.32,Debit,Utilities,Normal,2025,1,10,4,2025-01,Utilities,4,0.03290973039798273,False
2025-02-13,WATER BILL,156.25,Debit,Utilities,Normal,2025,2,13,3,2025-02,Utilities,4,0.07173880657363096,False
2025-01-17,SHELL STATION #221,21.03,Debit,Transport,Normal,2025,1,17,4,2025-01,Other,4,0.12650075814247413,False
2025-03-28,Local Diner,25.17,Debit,Food,Normal,2025,3,28,4,2025-03,Food,2,0.07602141519675953,False
2025-03-16,STEAM PURCHASE,72.64,Debit,Entertainment,Normal,2025,3,16,6,2025-03,Other,1,0.09454142127925297,False
2025-03-05,Dominos Pizza,23.76,Debit,Food,Normal,2025,3,5,2,2025-03,Other,0,0.13946764666561656,False
2025-03-22,YELLOW CAB CO,59.87,Debit,Transport,Normal,2025,3,22,5,2025-03,Transport,1,0.0597655334413314,False
2025-03-22,Netflix.com,24.48,Debit,Entertainment,Normal,2025,3,22,5,2025-03,Entertainment,2,0.04229016822987819,False
2025-02-11,AMAZON MKTP US*2R9,217.28,Debit,Shopping,Normal,2025,2,11,1,2025-02,Shopping,0,0.04859553797391791,False
2025-03-19,WATER BILL,61.4,Debit,Utilities,Normal,2025,3,19,2,2025-03,Utilities,0,0.058500277773512965,False
2025-03-11,Netflix.com,79.99,Debit,Entertainment,Normal,2025,3,11,1,2025-03,Entertainment,2,0.03701260465371636,False
2025-02-26,H&M STORE 42,47.93,Debit,Shopping,Normal,2025,2,26,2,2025-02,Shopping,0,0.11991821021307181,False
2025-03-03,LYFT RIDE PGH,31.66,Debit,Transport,Normal,2025,3,3,0,2025-03,Transport,0,0.052372296902776005,False
2025-03-08,CINEMA CITY,52.35,Debit,Entertainment,Normal,2025,3,8,5,2025-03,Other,1,0.1283814401156605,False
2025-01-21,METRO TICKET,59.79,Debit,Transport,Normal,2025,1,21,1,2025-01,Other,4,0.11447762643803183,False
2025-02-24,STEAM PURCHASE,51.71,Debit,Entertainment,Normal,2025,2,24,0,2025-02,Other,0,0.1081000259941457,False
2025-03-03,CINEMA CITY,60.17,Debit,Entertainment,Normal,2025,3,3,0,2025-03,Other,0,0.09780658351938631,False
2025-02-20,Dominos Pizza,21.0,Debit,Food,Normal,2025,2,20,3,2025-02,Other,4,0.14563561710951783,False
2025-02-13,SPAR HYPERMARKET,74.84,Debit,Groceries,Normal,2025,2,13,3,2025-02,Other,4,0.14633656941810075,False
2025-04-01,INTERNET CHARGES,50.93,Debit,Utilities,Normal,2025,4,1,1,2025-04,Utilities,0,-0.07982189164349629,True
2025-01-07,COSTCO WHOLESALE,70.32,Debit,Groceries,Normal,2025,1,7,1,2025-01,Other,4,0.11243380282885235,False
2025-01-28,AMAZON MKTP US*2R9,153.21,Debit,Shopping,Normal,2025,1,28,1,2025-01,Shopping,4,0.05875013735567758,False
2025-01-09,LYFT RIDE PGH,22.3,Debit,Transport,Normal,2025,1,9,3,2025-01,Transport,4,0.05904981503555751,False
2025-02-01,Netflix.com,58.2,Debit,Entertainment,Normal,2025,2,1,5,2025-02,Entertainment,2,0.02726287953832629,False
2025-02-25,METRO TICKET,54.18,Debit,Transport,Normal,2025,2,25,1,2025-02,Other,0,0.14496705411808553,False
2025-03-01,YELLOW CAB CO,47.88,Debit,Transport,Normal,2025,3,1,5,2025-03,Transport,1,0.0656797710394389,False
2025-01-25,AMAZON MKTP US*2R9,238.27,Debit,Shopping,Normal,2025,1,25,5,2025-01,Shopping,4,0.0005378260105585175,False
2025-03-30,WATER BILL,66.82,Debit,Utilities,Normal,2025,3,30,6,2025-03,Utilities,1,0.008194629251414454,False
2025-03-14,ELECTRIC BILL,51.75,Debit,Utilities,Normal,2025,3,14,4,2025-03,Utilities,1,0.036812981300315184,False
2025-02-02,CINEMA CITY,76.66,Debit,Entertainment,Normal,2025,2,2,6,2025-02,Other,1,0.08781548669885925,False
2025-03-21,ELECTRIC BILL,125.26,Debit,Utilities,Normal,2025,3,21,4,2025-03,Utilities,1,0.036466294673814126,False
2025-03-15,CINEMA CITY,54.88,Debit,Entertainment,Normal,2025,3,15,5,2025-03,Other,1,0.1269604268477636,False
2025-01-07,CINEMA CITY,51.23,Debit,Entertainment,Normal,2025,1,7,1,2025-01,Other,4,0.11912807625742056,False
2025-01-29,UBER TRIP 284922 CA,42.32,Debit,Transport,Normal,2025,1,29,2,2025-01,Transport,4,0.07869890638099603,False
2025-03-25,H&M STORE 42,49.66,Debit,Shopping,Normal,2025,3,25,1,2025-03,Shopping,0,0.10012553756353942,False
2025-03-27,YELLOW CAB CO,20.41,Debit,Transport,Normal,2025,3,27,3,2025-03,Transport,1,0.07172740224440988,False
2025-01-31,ZARA MALL 09,48.03,Debit,Shopping,Normal,2025,1,31,4,2025-01,Shopping,4,0.09649469531946236,False
2025-03-18,Netflix.com,45.84,Debit,Entertainment,Normal,2025,3,18,1,2025-03,Entertainment,2,0.0701922426876963,False
2025-02-21,APPLE STORE #R1234,211.76,Debit,Shopping,Normal,2025,2,21,4,2025-02,Shopping,1,0.05862061602248003,False
2025-02-12,Netflix.com,31.74,Debit,Entertainment,Normal,2025,2,12,2,2025-02,Entertainment,2,0.07973889806644335,False
2025-03-24,KFC Outlet 22,35.59,Debit,Food,Normal,2025,3,24,0,2025-03,Other,0,0.09916779211726306,False
2025-03-10,ELECTRIC BILL,110.36,Debit,Utilities,Normal,2025,3,10,0,2025-03,Utilities,0,0.005786404365470177,False
2025-01-29,GAS COMPANY,103.07,Debit,Utilities,Normal,2025,1,29,2,2025-01,Other,4,0.1016945487831305,False
2025-01-16,Dominos Pizza,10.36,Debit,Food,Normal,2025,1,16,3,2025-01,Other,4,0.09602124559563824,False
2025-01-08,ELECTRIC BILL,68.62,Debit,Utilities,Normal,2025,1,8,2,2025-01,Utilities,4,0.060397657226113566,False
2025-03-26,GAS COMPANY,49.74,Debit,Utilities,Normal,2025,3,26,2,2025-03,Other,0,0.14951723434818753,False
2025-02-27,PAYPAL *SPOTIFY,46.45,Debit,Entertainment,Normal,2025,2,27,3,2025-02,Entertainment,2,0.06650397712061262,False
2025-01-28,YELLOW CAB CO,13.31,Debit,Transport,Normal,2025,1,28,1,2025-01,Transport,4,0.05022135017402374,False
2025-03-20,Dominos Pizza,22.75,Debit,Food,Normal,2025,3,20,3,2025-03,Other,1,0.1407735469399764,False
2025-03-22,Local Diner,34.46,Debit,Food,Normal,2025,3,22,5,2025-03,Food,2,0.05971426572623073,False
2025-02-26,AMAZON MKTP US*2R9,184.12,Debit,Shopping,Normal,2025,2,26,2,2025-02,Shopping,0,0.09431008817460662,False
2025-04-01,SPAR HYPERMARKET,73.26,Debit,Groceries,Normal,2025,4,1,1,2025-04,Other,0,-0.03653027135808806,True
2025-03-31,STEAM PURCHASE,50.29,Debit,Entertainment,Normal,2025,3,31,0,2025-03,Other,0,0.10088660364297386,False
2025-02-08,YELLOW CAB CO,44.65,Debit,Transport,Normal,2025,2,8,5,2025-02,Transport,1,0.08373637439225967,False
2025-02-05,METRO TICKET,20.99,Debit,Transport,Normal,2025,2,5,2,2025-02,Other,0,0.13711224542574313,False
2025-02-02,UBER TRIP 284922 CA,44.86,Debit,Transport,Normal,2025,2,2,6,2025-02,Transport,1,0.04807090004624981,False
2025-01-18,YELLOW CAB CO,23.05,Debit,Transport,Normal,2025,1,18,5,2025-01,Transport,4,0.04898229977780899,False
2025-03-06,SPAR HYPERMARKET,145.78,Debit,Groceries,Normal,2025,3,6,3,2025-03,Other,1,0.11139651645528331,False
2025-01-01,KFC Outlet 22,31.15,Debit,Food,Normal,2025,1,1,2,2025-01,Other,4,0.12172669924304869,False
2025-03-11,WM SUPERCENTER #382,102.18,Debit,Groceries,Normal,2025,3,11,1,2025-03,Other,0,0.11411619208255047,False
2025-02-10,YELLOW CAB CO,46.18,Debit,Transport,Normal,2025,2,10,0,2025-02,Transport,0,0.0668530219911595,False
2025-01-04,LOCAL GROCERY MART,139.41,Debit,Groceries,Normal,2025,1,4,5,2025-01,Other,4,0.06650384777186369,False
2025-03-27,H&M STORE 42,186.56,Debit,Shopping,Normal,2025,3,27,3,2025-03,Shopping,1,0.07523998065952697,False
2025-02-08,Netflix.com,11.31,Debit,Entertainment,Normal,2025,2,8,5,2025-02,Entertainment,2,0.025551651991381208,False
2025-03-02,APPLE STORE #R1234,125.11,Debit,Shopping,Normal,2025,3,2,6,2025-03,Shopping,1,0.050431236459088535,False
2025-01-15,PAYPAL *SPOTIFY,9.36,Debit,Entertainment,Normal,2025,1,15,2,2025-01,Entertainment,2,0.01470072092157615,False
2025-03-11,SHELL STATION #221,55.76,Debit,Transport,Normal,2025,3,11,1,2025-03,Other,0,0.13175539215952342,False
2025-01-03,ZARA MALL 09,201.36,Debit,Shopping,Normal,2025,1,3,4,2025-01,Shopping,4,0.055854826127431645,False
2025-01-31,LOCAL GROCERY MART,37.42,Debit,Groceries,Normal,2025,1,31,4,2025-01,Other,4,0.13677164707352762,False
2025-01-07,Dominos Pizza,15.22,Debit,Food,Normal,2025,1,7,1,2025-01,Other,4,0.09599338000125046,False
2025-03-11,INTERNET CHARGES,164.79,Debit,Utilities,Normal,2025,3,11,1,2025-03,Utilities,0,0.02639028143733879,False
2025-01-17,METRO TICKET,35.69,Debit,Transport,Normal,2025,1,17,4,2025-01,Other,4,0.1335980581888474,False
2025-02-18,GAS COMPANY,40.83,Debit,Utilities,Normal,2025,2,18,1,2025-02,Other,0,0.143997588256416,False
2025-02-02,PAYPAL *SPOTIFY,9.01,Debit,Entertainment,Normal,2025,2,2,6,2025-02,Entertainment,2,-0.000657342901793645,True
2025-02-22,SHELL STATION #221,48.3,Debit,Transport,Normal,2025,2,22,5,2025-02,Other,1,0.13439251419309162,False
2025-02-08,H&M STORE 42,216.29,Debit,Shopping,Normal,2025,2,8,5,2025-02,Shopping,1,0.046889937802643056,False
2025-02-02,McDonalds #8492,34.22,Debit,Food,Normal,2025,2,2,6,2025-02,Food,2,0.03626707097954418,False
2025-03-31,ZARA MALL 09,231.95,Debit,Shopping,Normal,2025,3,31,0,2025-03,Shopping,0,-0.005841812372968547,True
2025-03-29,WM SUPERCENTER #382,86.28,Debit,Groceries,Normal,2025,3,29,5,2025-03,Other,1,0.10614447126457849,False
2025-01-11,CINEMA CITY,48.24,Debit,Entertainment,Normal,2025,1,11,5,2025-01,Other,4,0.11018125981434551,False
2025-01-22,Netflix.com,28.43,Debit,Entertainment,Normal,2025,1,22,2,2025-01,Entertainment,2,0.036416302088243535,False
2025-03-05,LOCAL GROCERY MART,87.17,Debit,Groceries,Normal,2025,3,5,2,2025-03,Other,0,0.1300037113558542,False
2025-03-21,COSTCO WHOLESALE,140.72,Debit,Groceries,Normal,2025,3,21,4,2025-03,Other,1,0.0885601800767894,False
2025-02-23,KFC Outlet 22,16.58,Debit,Food,Normal,2025,2,23,6,2025-02,Other,1,0.08701409665092902,False
2025-03-12,AMAZON MKTP US*2R9,147.02,Debit,Shopping,Normal,2025,3,12,2,2025-03,Shopping,0,0.08037775348233628,False
2025-02-27,PAYPAL *SPOTIFY,79.74,Debit,Entertainment,Normal,2025,2,27,3,2025-02,Entertainment,2,0.045681453309475595,False
2025-01-21,LYFT RIDE PGH,53.83,Debit,Transport,Normal,2025,1,21,1,2025-01,Transport,4,0.06917231098961985,False
2025-01-03,LOCAL GROCERY MART,46.48,Debit,Groceries,Normal,2025,1,3,4,2025-01,Other,4,0.13498154821590297,False
2025-01-08,KFC Outlet 22,34.66,Debit,Food,Normal,2025,1,8,2,2025-01,Other,4,0.12161153798789676,False
2025-02-20,CINEMA CITY,8.58,Debit,Entertainment,Normal,2025,2,20,3,2025-02,Other,4,0.12766353586655643,False
2025-02-16,ELECTRIC BILL,150.7,Debit,Utilities,Normal,2025,2,16,6,2025-02,Utilities,1,0.008063984228340537,False
2025-03-16,STEAM PURCHASE,14.55,Debit,Entertainment,Normal,2025,3,16,6,2025-03,Other,1,0.08508399676471196,False
2025-03-28,COSTCO WHOLESALE,88.9,Debit,Groceries,Normal,2025,3,28,4,2025-03,Other,1,0.11744759464328253,False
2025-02-05,Netflix.com,45.2,Debit,Entertainment,Normal,2025,2,5,2,2025-02,Entertainment,2,0.08449207170617073,False
2025-03-03,AMAZON MKTP US*2R9,209.09,Debit,Shopping,Normal,2025,3,3,0,2025-03,Shopping,0,0.002817929564648325,False
2025-01-06,INTERNET CHARGES,104.13,Debit,Utilities,Normal,2025,1,6,0,2025-01,Utilities,4,0.010439108010479425,False
2025-02-13,LOCAL GROCERY MART,127.57,Debit,Groceries,Normal,2025,2,13,3,2025-02,Other,4,0.13407390507783917,False
2025-03-21,CINEMA CITY,68.66,Debit,Entertainment,Normal,2025,3,21,4,2025-03,Other,1,0.13273085272973956,False
2025-01-10,H&M STORE 42,135.98,Debit,Shopping,Normal,2025,1,10,4,2025-01,Shopping,4,0.08738245806782596,False
2025-03-30,Netflix.com,50.98,Debit,Entertainment,Normal,2025,3,30,6,2025-03,Entertainment,2,0.03400573291706832,False
2025-01-14,ELECTRIC BILL,79.91,Debit,Utilities,Normal,2025,1,14,1,2025-01,Utilities,4,0.05171971244268747,False
2025-02-01,Netflix.com,49.23,Debit,Entertainment,Normal,2025,2,1,5,2025-02,Entertainment,2,0.036537781829280025,False
2025-03-26,PAYPAL *SPOTIFY,32.0,Debit,Entertainment,Normal,2025,3,26,2,2025-03,Entertainment,2,0.06820310203756574,False
2025-03-28,YELLOW CAB CO,19.68,Debit,Transport,Normal,2025,3,28,4,2025-03,Transport,1,0.06351385357563522,False
2025-02-24,AMAZON MKTP US*2R9,161.41,Debit,Shopping,Normal,2025,2,24,0,2025-02,Shopping,0,0.06835609372404439,False
2025-02-27,YELLOW CAB CO,56.38,Debit,Transport,Normal,2025,2,27,3,2025-02,Transport,4,0.1018202547676128,False
2025-02-11,LOCAL GROCERY MART,28.23,Debit,Groceries,Normal,2025,2,11,1,2025-02,Other,0,0.14073324661788322,False
2025-01-14,APPLE STORE #R1234,136.7,Debit,Shopping,Normal,2025,1,14,1,2025-01,Shopping,4,0.06390109426450563,False
2025-03-15,SHELL STATION #221,32.58,Debit,Transport,Normal,2025,3,15,5,2025-03,Other,1,0.12879925116933078,False
2025-03-18,APPLE STORE #R1234,231.87,Debit,Shopping,Normal,2025,3,18,1,2025-03,Shopping,0,0.014570811317677457,False
2025-03-05,SPAR HYPERMARKET,55.5,Debit,Groceries,Normal,2025,3,5,2,2025-03,Other,0,0.1472607903970088,False
2025-02-14,COSTCO WHOLESALE,61.31,Debit,Groceries,Normal,2025,2,14,4,2025-02,Other,1,0.1385740076604563,False
2025-03-29,Netflix.com,54.51,Debit,Entertainment,Normal,2025,3,29,5,2025-03,Entertainment,2,0.03863313518786904,False
2025-03-17,SHELL STATION #221,16.02,Debit,Transport,Normal,2025,3,17,0,2025-03,Other,0,0.08586277643325396,False
2025-02-02,STEAM PURCHASE,23.41,Debit,Entertainment,Normal,2025,2,2,6,2025-02,Other,1,0.09527481133158494,False
2025-01-24,TARGET T-2812,98.6,Debit,Shopping,Normal,2025,1,24,4,2025-01,Shopping,4,0.08689305558100752,False
2025-02-20,Local Diner,32.82,Debit,Food,Normal,2025,2,20,3,2025-02,Food,2,0.09320601486218993,False
2025-02-26,UBER TRIP 284922 CA,29.36,Debit,Transport,Normal,2025,2,26,2,2025-02,Transport,0,0.10224010890235607,False
2025-03-01,H&M STORE 42,28.65,Debit,Shopping,Normal,2025,3,1,5,2025-03,Shopping,1,0.08308269987621947,False
2025-01-26,WATER BILL,63.04,Debit,Utilities,Normal,2025,1,26,6,2025-01,Utilities,4,0.004394863965905382,False
2025-02-03,Dominos Pizza,9.33,Debit,Food,Normal,2025,2,3,0,2025-02,Other,0,0.08609080413426279,False
2025-02-07,Local Diner,18.12,Debit,Food,Normal,2025,2,7,4,2025-02,Food,2,0.08404908354633817,False
2025-02-08,APPLE STORE #R1234,186.26,Debit,Shopping,Normal,2025,2,8,5,2025-02,Shopping,1,0.0734077193611149,False
2025-01-13,KFC Outlet 22,16.56,Debit,Food,Normal,2025,1,13,0,2025-01,Other,4,0.05569705234982725,False
2025-03-08,Dominos Pizza,29.04,Debit,Food,Normal,2025,3,8,5,2025-03,Other,1,0.12669788918718294,False
2025-03-01,SHELL STATION #221,39.74,Debit,Transport,Normal,2025,3,1,5,2025-03,Other,1,0.13048704832998448,False
2025-03-19,GAS COMPANY,55.57,Debit,Utilities,Normal,2025,3,19,2,2025-03,Other,0,0.1472607903970088,False
2025-03-20,SPAR HYPERMARKET,56.03,Debit,Groceries,Normal,2025,3,20,3,2025-03,Other,1,0.14771577006695447,False
2025-01-10,KFC Outlet 22,17.72,Debit,Food,Normal,2025,1,10,4,2025-01,Other,4,0.12278626448392332,False
2025-02-01,KFC Outlet 22,25.61,Debit,Food,Normal,2025,2,1,5,2025-02,Other,1,0.12884165800795627,False
2025-02-12,LYFT RIDE PGH,49.01,Debit,Transport,Normal,2025,2,12,2,2025-02,Transport,0,0.10501443708978464,False
2025-01-17,WM SUPERCENTER #382,138.37,Debit,Groceries,Normal,2025,1,17,4,2025-01,Other,4,0.08555979568150252,False
2025-03-01,COSTCO WHOLESALE,67.52,Debit,Groceries,Normal,2025,3,1,5,2025-03,Other,1,0.12087282836719782,False
2025-03-07,WM SUPERCENTER #382,107.21,Debit,Groceries,Normal,2025,3,7,4,2025-03,Other,1,0.11341758924919942,False
2025-01-05,ZARA MALL 09,69.97,Debit,Shopping,Normal,2025,1,5,6,2025-01,Shopping,4,0.027035146274694055,False
2025-03-15,METRO TICKET,17.74,Debit,Transport,Normal,2025,3,15,5,2025-03,Other,1,0.11534133765491911,False
2025-01-15,PAYPAL *SPOTIFY,77.46,Debit,Entertainment,Normal,2025,1,15,2,2025-01,Entertainment,2,0.017655565651284233,False
2025-01-15,UBER TRIP 284922 CA,14.85,Debit,Transport,Normal,2025,1,15,2,2025-01,Transport,4,0.0596594277497251,False
2025-02-27,WATER BILL,144.11,Debit,Utilities,Normal,2025,2,27,3,2025-02,Utilities,4,0.07104855479959404,False
2025-03-06,Dominos Pizza,34.23,Debit,Food,Normal,2025,3,6,3,2025-03,Other,1,0.14640530561640602,False
2025-01-02,APPLE STORE #R1234,49.11,Debit,Shopping,Normal,2025,1,2,3,2025-01,Shopping,4,0.09340673987058101,False
2025-01-14,KFC Outlet 22,9.69,Debit,Food,Normal,2025,1,14,1,2025-01,Other,4,0.08607801633263318,False
2025-01-20,Netflix.com,41.8,Debit,Entertainment,Normal,2025,1,20,0,2025-01,Entertainment,2,-0.010326085380537475,True
2025-02-02,ZARA MALL 09,46.66,Debit,Shopping,Normal,2025,2,2,6,2025-02,Shopping,1,0.06966907772484654,False
2025-01-16,CINEMA CITY,44.51,Debit,Entertainment,Normal,2025,1,16,3,2025-01,Other,4,0.12971924962846926,False
2025-02-06,TARGET T-2812,118.87,Debit,Shopping,Normal,2025,2,6,3,2025-02,Shopping,4,0.1272499571012075,False
2025-03-23,WATER BILL,147.49,Debit,Utilities,Normal,2025,3,23,6,2025-03,Utilities,1,-0.0068217886893283675,True
2025-01-10,SHELL STATION #221,40.93,Debit,Transport,Normal,2025,1,10,4,2025-01,Other,4,0.13752778624931677,False
2025-02-26,LOCAL GROCERY MART,124.54,Debit,Groceries,Normal,2025,2,26,2,2025-02,Other,0,0.12484791105753346,False
2025-03-28,SHELL STATION #221,38.53,Debit,Transport,Normal,2025,3,28,4,2025-03,Other,1,0.13878288684971662,False
2025-01-31,SPAR HYPERMARKET,119.22,Debit,Groceries,Normal,2025,1,31,4,2025-01,Other,4,0.0916645790804464,False
2025-02-05,PAYPAL *SPOTIFY,77.16,Debit,Entertainment,Normal,2025,2,5,2,2025-02,Entertainment,2,0.0567757109086221,False
2025-03-30,CINEMA CITY,10.08,Debit,Entertainment,Normal,2025,3,30,6,2025-03,Other,1,0.07457028167471824,False
2025-03-20,WM SUPERCENTER #382,81.93,Debit,Groceries,Normal,2025,3,20,3,2025-03,Other,1,0.14136839091470632,False
2025-03-01,ACH DEPOSIT SALARY,3500.0,Credit,Income,Recurring,2025,3,1,5,2025-03,Income,3,-0.13987890767323918,True
2025-02-12,PAYPAL *SPOTIFY,11.19,Debit,Entertainment,Normal,2025,2,12,2,2025-02,Entertainment,2,0.05293306362493366,False
2025-01-05,LOCAL GROCERY MART,116.54,Debit,Groceries,Normal,2025,1,5,6,2025-01,Other,4,0.02917513805078531,False
2025-02-11,ZARA MALL 09,168.56,Debit,Shopping,Normal,2025,2,11,1,2025-02,Shopping,0,0.09538944793923237,False
2025-03-12,COSTCO WHOLESALE,58.13,Debit,Groceries,Normal,2025,3,12,2,2025-03,Other,0,0.14375133933565876,False
2025-01-23,APPLE STORE #R1234,241.38,Debit,Shopping,Normal,2025,1,23,3,2025-01,Shopping,4,0.015207976763768283,False
2025-01-28,SHELL STATION #221,26.35,Debit,Transport,Normal,2025,1,28,1,2025-01,Other,4,0.11427380705603074,False
2025-02-01,ACH DEPOSIT SALARY,3500.0,Credit,Income,Recurring,2025,2,1,5,2025-02,Income,3,-0.1532915570543082,True
2025-01-16,METRO TICKET,14.93,Debit,Transport,Normal,2025,1,16,3,2025-01,Other,4,0.10412199613793427,False
2025-01-11,CINEMA CITY,12.87,Debit,Entertainment,Normal,2025,1,11,5,2025-01,Other,4,0.06981803835103517,False
2025-01-16,LOCAL GROCERY MART,81.2,Debit,Groceries,Normal,2025,1,16,3,2025-01,Other,4,0.10980945258070629,False
2025-02-24,WATER BILL,170.05,Debit,Utilities,Normal,2025,2,24,0,2025-02,Utilities,0,0.014999981379186011,False
2025-03-29,APPLE STORE #R1234,205.27,Debit,Shopping,Normal,2025,3,29,5,2025-03,Shopping,1,0.03699197149764255,False
2025-02-06,SPAR HYPERMARKET,112.07,Debit,Groceries,Normal,2025,2,6,3,2025-02,Other,4,0.140148776238876,False
2025-03-26,PAYPAL *SPOTIFY,53.23,Debit,Entertainment,Normal,2025,3,26,2,2025-03,Entertainment,2,0.0661768717872635,False
2025-01-27,INTERNET CHARGES,68.5,Debit,Utilities,Normal,2025,1,27,0,2025-01,Utilities,4,0.02523229604354804,False
2025-02-07,CINEMA CITY,37.92,Debit,Entertainment,Normal,2025,2,7,4,2025-02,Other,1,0.14590084641213436,False
2025-03-04,STEAM PURCHASE,65.09,Debit,Entertainment,Normal,2025,3,4,1,2025-03,Other,0,0.12858254470835317,False
2025-01-10,WM SUPERCENTER #382,65.26,Debit,Groceries,Normal,2025,1,10,4,2025-01,Other,4,0.11641843525991963,False
2025-01-06,Netflix.com,76.37,Debit,Entertainment,Normal,2025,1,6,0,2025-01,Entertainment,2,-0.0327085501154557,True
2025-03-22,APPLE STORE #R1234,223.65,Debit,Shopping,Normal,2025,3,22,5,2025-03,Shopping,1,0.023917314545919943,False
2025-02-03,PAYPAL *SPOTIFY,44.55,Debit,Entertainment,Normal,2025,2,3,0,2025-02,Entertainment,2,0.06525617738149625,False
2025-03-07,METRO TICKET,12.73,Debit,Transport,Normal,2025,3,7,4,2025-03,Other,1,0.12252098114308113,False
2025-01-06,INTERNET CHARGES,114.58,Debit,Utilities,Normal,2025,1,6,0,2025-01,Utilities,4,0.00935865178862294,False
2025-03-30,COSTCO WHOLESALE,113.3,Debit,Groceries,Normal,2025,3,30,6,2025-03,Other,1,0.06659295199688631,False
2025-01-27,Local Diner,24.22,Debit,Food,Normal,2025,1,27,0,2025-01,Food,2,0.02164545105543092,False
2025-03-27,ZARA MALL 09,183.19,Debit,Shopping,Normal,2025,3,27,3,2025-03,Shopping,1,0.07936256651210138,False
2025-02-03,Local Diner,29.25,Debit,Food,Normal,2025,2,3,0,2025-02,Food,2,0.06351396495387163,False
2025-02-21,CINEMA CITY,44.03,Debit,Entertainment,Normal,2025,2,21,4,2025-02,Other,1,0.14297403039790346,False
2025-01-11,ZARA MALL 09,232.52,Debit,Shopping,Normal,2025,1,11,5,2025-01,Shopping,4,0.006673474565439097,False
2025-01-14,CINEMA CITY,64.17,Debit,Entertainment,Normal,2025,1,14,1,2025-01,Other,4,0.1137482634658391,False
2025-02-12,Starbucks Store 0032,23.0,Debit,Food,Normal,2025,2,12,2,2025-02,Food,2,0.09143870503045093,False
2025-01-29,Starbucks Store 0032,21.15,Debit,Food,Normal,2025,1,29,2,2025-01,Food,2,0.06333137020546009,False
2025-03-28,STEAM PURCHASE,28.57,Debit,Entertainment,Normal,2025,3,28,4,2025-03,Other,1,0.13906248402213778,False
2025-03-23,Netflix.com,14.61,Debit,Entertainment,Normal,2025,3,23,6,2025-03,Entertainment,2,0.014282258177461427,False
2025-03-19,SHELL STATION #221,28.87,Debit,Transport,Normal,2025,3,19,2,2025-03,Other,0,0.14030536226484402,False
2025-01-12,YELLOW CAB CO,53.84,Debit,Transport,Normal,2025,1,12,6,2025-01,Transport,4,0.026115321551854365,False
2025-02-24,WATER BILL,136.57,Debit,Utilities,Normal,2025,2,24,0,2025-02,Utilities,0,0.03579852866046096,False
2025-03-25,APPLE STORE #R1234,152.86,Debit,Shopping,Normal,2025,3,25,1,2025-03,Shopping,0,0.07106971641175563,False
2025-01-11,ELECTRIC BILL,142.47,Debit,Utilities,Normal,2025,1,11,5,2025-01,Utilities,4,0.018005037863859652,False
2025-01-05,PAYPAL *SPOTIFY,38.09,Debit,Entertainment,Normal,2025,1,5,6,2025-01,Entertainment,2,-0.026399882533778563,True
2025-03-10,GAS COMPANY,139.22,Debit,Utilities,Normal,2025,3,10,0,2025-03,Other,0,0.05623959946104495,False
2025-03-13,KFC Outlet 22,26.22,Debit,Food,Normal,2025,3,13,3,2025-03,Other,1,0.1419674155237055,False
2025-01-14,LOCAL GROCERY MART,147.8,Debit,Groceries,Normal,2025,1,14,1,2025-01,Other,4,0.07220283861175902,False
2025-03-23,LYFT RIDE PGH,40.29,Debit,Transport,Normal,2025,3,23,6,2025-03,Transport,1,0.04572741312867967,False
2025-02-04,COSTCO WHOLESALE,119.37,Debit,Groceries,Normal,2025,2,4,1,2025-02,Other,0,0.11704574657400285,False
2025-03-18,Netflix.com,64.82,Debit,Entertainment,Normal,2025,3,18,1,2025-03,Entertainment,2,0.050842235475933584,False
2025-03-25,PAYPAL *SPOTIFY,43.66,Debit,Entertainment,Normal,2025,3,25,1,2025-03,Entertainment,2,0.06985068527073801,False
2025-01-29,WATER BILL,167.18,Debit,Utilities,Normal,2025,1,29,2,2025-01,Utilities,4,0.03732249846557789,False
2025-03-19,ELECTRIC BILL,118.57,Debit,Utilities,Normal,2025,3,19,2,2025-03,Utilities,0,0.05647030751973725,False
2025-01-13,H&M STORE 42,42.93,Debit,Shopping,Normal,2025,1,13,0,2025-01,Shopping,4,0.04539750850692592,False
2025-02-07,APPLE STORE #R1234,175.11,Debit,Shopping,Normal,2025,2,7,4,2025-02,Shopping,1,0.09394549876908176,False
2025-01-08,COSTCO WHOLESALE,89.84,Debit,Groceries,Normal,2025,1,8,2,2025-01,Other,4,0.10651773606909731,False
2025-03-02,TARGET T-2812,194.53,Debit,Shopping,Normal,2025,3,2,6,2025-03,Shopping,1,0.013323485242256905,False
2025-01-14,STEAM PURCHASE,70.8,Debit,Entertainment,Normal,2025,1,14,1,2025-01,Other,4,0.11163033992959287,False
2025-03-02,SHELL STATION #221,41.88,Debit,Transport,Normal,2025,3,2,6,2025-03,Other,1,0.1007526470843782,False
2025-01-09,METRO TICKET,9.92,Debit,Transport,Normal,2025,1,9,3,2025-01,Other,4,0.0970592061031384,False
2025-03-17,WATER BILL,73.94,Debit,Utilities,Normal,2025,3,17,0,2025-03,Utilities,0,0.017795674179686194,False
2025-02-21,SHELL STATION #221,56.0,Debit,Transport,Normal,2025,2,21,4,2025-02,Other,1,0.1404896050433777,False
2025-03-18,STEAM PURCHASE,28.97,Debit,Entertainment,Normal,2025,3,18,1,2025-03,Other,0,0.12807374489546564,False
2025-02-14,KFC Outlet 22,8.88,Debit,Food,Normal,2025,2,14,4,2025-02,Other,1,0.12325028451986902,False
2025-02-17,Netflix.com,44.43,Debit,Entertainment,Normal,2025,2,17,0,2025-02,Entertainment,2,0.06525617738149625,False
2025-01-23,Local Diner,32.38,Debit,Food,Normal,2025,1,23,3,2025-01,Food,2,0.05495692013857212,False
2025-03-28,STEAM PURCHASE,77.64,Debit,Entertainment,Normal,2025,3,28,4,2025-03,Other,1,0.13011416473492782,False
2025-01-10,COSTCO WHOLESALE,140.49,Debit,Groceries,Normal,2025,1,10,4,2025-01,Other,4,0.08344695523622592,False
2025-03-11,Netflix.com,77.77,Debit,Entertainment,Normal,2025,3,11,1,2025-03,Entertainment,2,0.03701260465371636,False
2025-03-07,LOCAL GROCERY MART,27.28,Debit,Groceries,Normal,2025,3,7,4,2025-03,Other,1,0.13893574245363033,False
2025-03-03,TARGET T-2812,205.08,Debit,Shopping,Normal,2025,3,3,0,2025-03,Shopping,0,0.007578061147687665,False
2025-02-27,ELECTRIC BILL,74.71,Debit,Utilities,Normal,2025,2,27,3,2025-02,Utilities,4,0.06485552715814535,False
2025-03-29,Starbucks Store 0032,28.86,Debit,Food,Normal,2025,3,29,5,2025-03,Food,2,0.06394772521282854,False
2025-03-15,Local Diner,21.43,Debit,Food,Normal,2025,3,15,5,2025-03,Food,2,0.05941354894420492,False
2025-03-27,LOCAL GROCERY MART,143.75,Debit,Groceries,Normal,2025,3,27,3,2025-03,Other,1,0.11258619837829642,False
2025-02-16,COSTCO WHOLESALE,149.67,Debit,Groceries,Normal,2025,2,16,6,2025-02,Other,1,0.039654706333418166,False
2025-01-15,STEAM PURCHASE,50.03,Debit,Entertainment,Normal,2025,1,15,2,2025-01,Other,4,0.12685053221291925,False
2025-02-22,H&M STORE 42,86.29,Debit,Shopping,Normal,2025,2,22,5,2025-02,Shopping,1,0.09565656973515824,False
2025-02-25,SHELL STATION #221,55.36,Debit,Transport,Normal,2025,2,25,1,2025-02,Other,0,0.14496705411808553,False
2025-02-14,TARGET T-2812,74.34,Debit,Shopping,Normal,2025,2,14,4,2025-02,Shopping,1,0.10473371039801793,False
2025-03-09,APPLE STORE #R1234,230.1,Debit,Shopping,Normal,2025,3,9,6,2025-03,Shopping,1,-0.020516850217262905,True
2025-02-26,GAS COMPANY,147.72,Debit,Utilities,Normal,2025,2,26,2,2025-02,Other,0,0.10808929467205286,False
2025-03-06,COSTCO WHOLESALE,144.72,Debit,Groceries,Normal,2025,3,6,3,2025-03,Other,1,0.11139651645528331,False
2025-01-06,ELECTRIC BILL,51.37,Debit,Utilities,Normal,2025,1,6,0,2025-01,Utilities,4,0.019027488075424204,False
2025-02-05,STEAM PURCHASE,53.13,Debit,Entertainment,Normal,2025,2,5,2,2025-02,Other,0,0.15001097422587534,False
2025-01-22,METRO TICKET,33.25,Debit,Transport,Normal,2025,1,22,2,2025-01,Other,4,0.12280989645987656,False
2025-01-24,KFC Outlet 22,23.12,Debit,Food,Normal,2025,1,24,4,2025-01,Other,4,0.1313644579801776,False
2025-03-15,PAYPAL *SPOTIFY,59.72,Debit,Entertainment,Normal,2025,3,15,5,2025-03,Entertainment,2,0.030873731556010586,False
2025-02-27,ELECTRIC BILL,103.48,Debit,Utilities,Normal,2025,2,27,3,2025-02,Utilities,4,0.07000215615960259,False
2025-02-16,H&M STORE 42,104.17,Debit,Shopping,Normal,2025,2,16,6,2025-02,Shopping,1,0.059929187439542786,False
2025-02-19,Local Diner,37.43,Debit,Food,Normal,2025,2,19,2,2025-02,Food,2,0.09283161302380649,False
2025-03-26,McDonalds #8492,32.06,Debit,Food,Normal,2025,3,26,2,2025-03,Food,2,0.08043006153491428,False
2025-02-02,WM SUPERCENTER #382,83.79,Debit,Groceries,Normal,2025,2,2,6,2025-02,Other,1,0.07949166434859695,False
2025-02-09,TARGET T-2812,33.32,Debit,Shopping,Normal,2025,2,9,6,2025-02,Shopping,1,0.06731646847168482,False
2025-02-14,SHELL STATION #221,54.54,Debit,Transport,Normal,2025,2,14,4,2025-02,Other,1,0.1441661709900786,False
2025-02-02,LYFT RIDE PGH,17.02,Debit,Transport,Normal,2025,2,2,6,2025-02,Transport,1,0.033570670614704534,False
2025-02-07,McDonalds #8492,19.15,Debit,Food,Normal,2025,2,7,4,2025-02,Food,2,0.08271901841219653,False
2025-03-17,PAYPAL *SPOTIFY,38.61,Debit,Entertainment,Normal,2025,3,17,0,2025-03,Entertainment,2,0.030749573448423217,False
2025-03-27,H&M STORE 42,69.27,Debit,Shopping,Normal,2025,3,27,3,2025-03,Shopping,1,0.1081463721069264,False
2025-01-12,KFC Outlet 22,8.38,Debit,Food,Normal,2025,1,12,6,2025-01,Other,4,0.020499909532324834,False
2025-03-28,ZARA MALL 09,154.45,Debit,Shopping,Normal,2025,3,28,4,2025-03,Shopping,1,0.07065617495351717,False
2025-03-31,LYFT RIDE PGH,37.73,Debit,Transport,Normal,2025,3,31,0,2025-03,Transport,0,0.05608812494074955,False
2025-02-27,AMAZON MKTP US*2R9,187.17,Debit,Shopping,Normal,2025,2,27,3,2025-02,Shopping,4,0.1026616169581216,False
2025-02-13,COSTCO WHOLESALE,87.03,Debit,Groceries,Normal,2025,2,13,3,2025-02,Other,4,0.14282668280113314,False
2025-02-10,APPLE STORE #R9999,2500.0,Debit,Shopping,Anomaly,2025,2,10,0,2025-02,Shopping,3,-0.10601866136655613,True
2025-01-24,PAYPAL *SPOTIFY,20.6,Debit,Entertainment,Normal,2025,1,24,4,2025-01,Entertainment,2,-0.003068300367324972,True
2025-02-13,COSTCO WHOLESALE,145.69,Debit,Groceries,Normal,2025,2,13,3,2025-02,Other,4,0.1195398797365047,False
2025-03-02,UBER TRIP 284922 CA,37.33,Debit,Transport,Normal,2025,3,2,6,2025-03,Transport,1,0.04489369671777366,False
2025-03-26,WATER BILL,168.34,Debit,Utilities,Normal,2025,3,26,2,2025-03,Utilities,0,0.0369038402503451,False
2025-02-26,Netflix.com,66.36,Debit,Entertainment,Normal,2025,2,26,2,2025-02,Entertainment,2,0.06760033072619487,False
2025-02-14,APPLE STORE #R1234,111.93,Debit,Shopping,Normal,2025,2,14,4,2025-02,Shopping,1,0.10964593360224162,False
2025-03-16,WM SUPERCENTER #382,81.22,Debit,Groceries,Normal,2025,3,16,6,2025-03,Other,1,0.08950856707489646,False
2025-01-29,LYFT RIDE PGH,46.3,Debit,Transport,Normal,2025,1,29,2,2025-01,Transport,4,0.08022100973865864,False
2025-02-06,H&M STORE 42,247.49,Debit,Shopping,Normal,2025,2,6,3,2025-02,Shopping,4,0.032771845391985965,False
2025-03-11,LOCAL GROCERY MART,101.46,Debit,Groceries,Normal,2025,3,11,1,2025-03,Other,0,0.11474658430199869,False
2025-02-08,ELECTRIC BILL,179.15,Debit,Utilities,Normal,2025,2,8,5,2025-02,Utilities,1,0.0287268883402938,False
2025-01-21,SPAR HYPERMARKET,25.41,Debit,Groceries,Normal,2025,1,21,1,2025-01,Other,4,0.11323588362736059,False
2025-03-13,ELECTRIC BILL,84.68,Debit,Utilities,Normal,2025,3,13,3,2025-03,Utilities,1,0.05138877162846667,False
2025-02-19,UBER TRIP 284922 CA,27.5,Debit,Transport,Normal,2025,2,19,2,2025-02,Transport,0,0.10191178791218447,False
2025-02-25,H&M STORE 42,190.96,Debit,Shopping,Normal,2025,2,25,1,2025-02,Shopping,0,0.07703187875432199,False
2025-03-06,SHELL STATION #221,51.33,Debit,Transport,Normal,2025,3,6,3,2025-03,Other,1,0.15174547342137984,False
2025-01-10,McDonalds #8492,24.1,Debit,Food,Normal,2025,1,10,4,2025-01,Food,2,0.058998940305630354,False
2025-03-13,INTERNET CHARGES,133.8,Debit,Utilities,Normal,2025,3,13,3,2025-03,Utilities,1,0.04988367384731862,False
2025-03-25,Dominos Pizza,13.13,Debit,Food,Normal,2025,3,25,1,2025-03,Other,0,0.11212027487459891,False
2025-03-15,TARGET T-2812,205.66,Debit,Shopping,Normal,2025,3,15,5,2025-03,Shopping,1,0.03699197149764255,False
2025-03-24,McDonalds #8492,22.44,Debit,Food,Normal,2025,3,24,0,2025-03,Food,2,0.03066356287537053,False
2025-03-15,TARGET T-2812,182.05,Debit,Shopping,Normal,2025,3,15,5,2025-03,Shopping,1,0.05570047160175906,False
2025-01-01,INTERNET CHARGES,160.18,Debit,Utilities,Normal,2025,1,1,2,2025-01,Utilities,4,0.043580082606357706,False
2025-02-06,AMAZON MKTP US*2R9,168.27,Debit,Shopping,Normal,2025,2,6,3,2025-02,Shopping,4,0.1121861105533341,False
2025-02-06,COSTCO WHOLESALE,34.23,Debit,Groceries,Normal,2025,2,6,3,2025-02,Other,4,0.15427492847544239,False
2025-03-28,GAS COMPANY,95.53,Debit,Utilities,Normal,2025,3,28,4,2025-03,Other,1,0.11485254715211124,False
2025-02-18,PAYPAL *SPOTIFY,9.99,Debit,Entertainment,Recurring,2025,2,18,1,2025-02,Entertainment,2,0.044713737193633585,False
2025-03-03,SPAR HYPERMARKET,121.15,Debit,Groceries,Normal,2025,3,3,0,2025-03,Other,0,0.06318244529926798,False
2025-03-01,INTERNET CHARGES,141.26,Debit,Utilities,Normal,2025,3,1,5,2025-03,Utilities,1,0.023578727729640092,False
2025-01-08,PAYPAL *SPOTIFY,39.65,Debit,Entertainment,Normal,2025,1,8,2,2025-01,Entertainment,2,0.03816244591630735,False
2025-03-02,COSTCO WHOLESALE,82.1,Debit,Groceries,Normal,2025,3,2,6,2025-03,Other,1,0.08717946355659356,False
2025-01-05,METRO TICKET,48.97,Debit,Transport,Normal,2025,1,5,6,2025-01,Other,4,0.06589333615935755,False
2025-03-03,COSTCO WHOLESALE,119.49,Debit,Groceries,Normal,2025,3,3,0,2025-03,Other,0,0.06207088976142883,False
2025-03-09,INTERNET CHARGES,99.57,Debit,Utilities,Normal,2025,3,9,6,2025-03,Utilities,1,0.009295916009055105,False
2025-01-10,METRO TICKET,16.98,Debit,Transport,Normal,2025,1,10,4,2025-01,Other,4,0.12148516496005946,False
2025-01-13,UBER TRIP 284922 CA,23.09,Debit,Transport,Normal,2025,1,13,0,2025-01,Transport,4,0.03351922194954027,False
2025-03-10,METRO TICKET,15.29,Debit,Transport,Normal,2025,3,10,0,2025-03,Other,0,0.08388504012470649,False
2025-03-30,H&M STORE 42,66.04,Debit,Shopping,Normal,2025,3,30,6,2025-03,Shopping,1,0.07320533329158985,False
2025-01-13,COSTCO WHOLESALE,25.65,Debit,Groceries,Normal,2025,1,13,0,2025-01,Other,4,0.07045100274588534,False
2025-02-22,UBER TRIP 284922 CA,24.55,Debit,Transport,Normal,2025,2,22,5,2025-02,Transport,1,0.08019145628076363,False
2025-01-30,Starbucks Store 0032,33.18,Debit,Food,Normal,2025,1,30,3,2025-01,Food,2,0.05461032551748879,False
2025-01-27,WATER BILL,153.83,Debit,Utilities,Normal,2025,1,27,0,2025-01,Utilities,4,-0.0030258310982739234,True
2025-02-11,Local Diner,15.73,Debit,Food,Normal,2025,2,11,1,2025-02,Food,2,0.07453958695110052,False
2025-01-03,SHELL STATION #221,15.92,Debit,Transport,Normal,2025,1,3,4,2025-01,Other,4,0.11961762064480491,False
2025-01-26,H&M STORE 42,216.27,Debit,Shopping,Normal,2025,1,26,6,2025-01,Shopping,4,-0.027915209437117006,True
2025-02-04,LOCAL GROCERY MART,56.43,Debit,Groceries,Normal,2025,2,4,1,2025-02,Other,0,0.1440936171767629,False
2025-01-08,INTERNET CHARGES,111.03,Debit,Utilities,Normal,2025,1,8,2,2025-01,Utilities,4,0.04471737163302103,False
2025-03-30,SHELL STATION #221,50.07,Debit,Transport,Normal,2025,3,30,6,2025-03,Other,1,0.10288959076050369,False
2025-01-21,YELLOW CAB CO,56.61,Debit,Transport,Normal,2025,1,21,1,2025-01,Transport,4,0.06893048889441633,False
2025-03-26,METRO TICKET,19.66,Debit,Transport,Normal,2025,3,26,2,2025-03,Other,0,0.13699724139801006,False
2025-02-17,CINEMA CITY,12.36,Debit,Entertainment,Normal,2025,2,17,0,2025-02,Other,0,0.08751702849036463,False
2025-03-30,Netflix.com,72.27,Debit,Entertainment,Normal,2025,3,30,6,2025-03,Entertainment,2,0.007487058303900729,False
2025-03-27,COSTCO WHOLESALE,58.35,Debit,Groceries,Normal,2025,3,27,3,2025-03,Other,1,0.14563281147324925,False
2025-02-28,INTERNET CHARGES,52.34,Debit,Utilities,Normal,2025,2,28,4,2025-02,Utilities,1,0.06296913191780107,False
2025-01-12,KFC Outlet 22,34.03,Debit,Food,Normal,2025,1,12,6,2025-01,Other,4,0.0634020868025702,False
2025-03-11,YELLOW CAB CO,24.7,Debit,Transport,Normal,2025,3,11,1,2025-03,Transport,0,0.07077177999473516,False
2025-02-25,ELECTRIC BILL,151.03,Debit,Utilities,Normal,2025,2,25,1,2025-02,Utilities,0,0.05413720396685673,False
2025-02-06,YELLOW CAB CO,44.56,Debit,Transport,Normal,2025,2,6,3,2025-02,Transport,4,0.10731385891590434,False
2025-01-31,Local Diner,17.68,Debit,Food,Normal,2025,1,31,4,2025-01,Food,2,0.052639977275592886,False
2025-03-19,INTERNET CHARGES,105.1,Debit,Utilities,Normal,2025,3,19,2,2025-03,Utilities,0,0.05834788932290558,False
2025-02-04,COSTCO WHOLESALE,110.58,Debit,Groceries,Normal,2025,2,4,1,2025-02,Other,0,0.12385866645999905,False
2025-03-28,McDonalds #8492,19.13,Debit,Food,Normal,2025,3,28,4,2025-03,Food,2,0.07253387366983266,False
2025-02-12,ELECTRIC BILL,56.15,Debit,Utilities,Normal,2025,2,12,2,2025-02,Utilities,0,0.07794965166805012,False
2025-02-18,WATER BILL,109.67,Debit,Utilities,Normal,2025,2,18,1,2025-02,Utilities,0,0.06245749629188202,False
2025-02-23,SHELL STATION #221,31.77,Debit,Transport,Normal,2025,2,23,6,2025-02,Other,1,0.10182608342641608,False
2025-02-14,LOCAL GROCERY MART,127.57,Debit,Groceries,Normal,2025,2,14,4,2025-02,Other,1,0.10765235379317112,False
