description,category
Electronics Store HYD 2136 INR  MUM,Shopping
IndiGo Flight Booking  BLR,Travel
Apollo Pharmacy  TXNID 98395,Health
Gaming Steam Purchase  TXNID 99982,Entertainment
Clinic Consultation ,Health
Book Store Purchase Rs 2106,Education
Room Rent UPI ,Rent
MedPlus Medicine Rs 143,Health
Fuel IOC Pump 3232 INR,Travel
Fuel IOC Pump,Travel
IndiGo Flight Booking 4171 INR,Travel
Hotstar Annual Rs 1798,Entertainment
Hostel Canteen  TXNID 93783,Food
Diagnostic Center Test 1361 INR,Health
Subway Sandwich Rs 2638 ,Food
Coursera Course 2643 INR  TXNID 99291,Education
Exam Registration Fee,Education
D Mart Groceries 3515 INR,Shopping
Spotify Premium 3967 INR  TXNID 99705,Entertainment
OLA CAB RIDE ,Travel
MedPlus Medicine,Health
Electricity Bill TSSPDCL Rs 1630  Ref 35802,Utilities
D Mart Groceries,Shopping
Library Fine Rs 941,Education
Netflix Subscription  MUM,Entertainment
IRCTC Catering Rs 1910  Ref 66859,Food
Spotify Premium,Entertainment
Apollo Pharmacy Rs 667  Ref 14257,Health
SWIGGY Order 350 INR,Food
Hostel Canteen  BLR,Food
Fuel IOC Pump,Travel
College Tuition Fee  Ref 33286,Education
Coursera Course Rs 2897,Education
Broadband ACT Fibernet,Utilities
Electronics Store HYD  TXNID 97303,Shopping
Hospital Bill  HYD,Health
Fuel IOC Pump Rs 1174  Ref 38102,Travel
Diagnostic Center Test Rs 1879  Ref 29424,Health
SonyLIV Monthly  Ref 30048,Entertainment
Dominos Pizza HYD 3774 INR,Food
KFC Food Court 470 INR,Food
House Rent Transfer  Ref 33171,Rent
Hospital Bill,Health
Local Kirana Store 1735 INR  TXNID 97231,Shopping
Diagnostic Center Test  TXNID 91352,Health
SWIGGY Order,Food
Apple Store Online Rs 2585,Shopping
Mobile Recharge Jio  MUM,Utilities
Internet Bill JioFiber,Utilities
CCD Cafe Coffee Day  Ref 20244,Food
INOX Multiplex 3782 INR,Entertainment
Electricity Bill TSSPDCL  TXNID 99720,Utilities
Fuel IOC Pump,Travel
D Mart Groceries  TXNID 95074,Shopping
IndiGo Flight Booking ,Travel
Diagnostic Center Test Rs 1708,Health
Rapido Bike Ride  Ref 38668,Travel
Amazon purchase 4706 INR  TXNID 93684,Shopping
Broadband ACT Fibernet 4756 INR,Utilities
Hotstar Annual 603 INR,Entertainment
UBER TRIP HYD 930 INR,Travel
TSRTC BUS TICKET Rs 2914,Travel
INOX Multiplex  BLR,Entertainment
PG Rent Gachibowli 4014 INR,Rent
Flipkart Online 3767 INR,Shopping
Croma Retail 3684 INR  HYD,Shopping
Library Fine Rs 1659  DEL,Education
SonyLIV Monthly,Entertainment
DTH Recharge TataSky 544 INR,Utilities
Starbucks Jubilee Hills Rs 626,Food
Water Bill HMWSSB Rs 2562,Utilities
Myntra Fashion,Shopping
PVR Cinemas Ticket Rs 2254  HYD,Entertainment
Fuel IOC Pump,Travel
Hospital Bill 1794 INR  DEL,Health
Gas Bill HP Rs 2246,Utilities
Diagnostic Center Test Rs 1857,Health
Netflix Subscription Rs 333  TXNID 94820,Entertainment
TSRTC BUS TICKET,Travel
Apple Store Online  TXNID 97458,Shopping
Room Rent UPI Rs 859,Rent
Fuel IOC Pump  TXNID 99082,Travel
Broadband ACT Fibernet Rs 1599,Utilities
Big Bazaar Mall  TXNID 94921,Shopping
Internet Bill JioFiber,Utilities
Petrol Bunk HP  DEL,Travel
DTH Recharge TataSky,Utilities
Big Bazaar Mall,Shopping
Spotify Premium ,Entertainment
PVR Cinemas Ticket Rs 1529,Entertainment
Room Rent UPI 3917 INR,Rent
Rapido Bike Ride,Travel
Play Store Movies Rs 1810  PUNE,Entertainment
Apollo Pharmacy 1446 INR  TXNID 93393,Health
Gaming Steam Purchase Rs 468,Entertainment
Electronics Store HYD 4591 INR  Ref 26775,Shopping
TSRTC BUS TICKET Rs 164  Ref 74267,Travel
INOX Multiplex ,Entertainment
OLA CAB RIDE,Travel
Hostel Fee Payment Rs 1257,Rent
Reliance Trends  BLR,Shopping
PG Rent Gachibowli 145 INR  Ref 50268,Rent
Hotstar Annual,Entertainment
Amazon purchase  Ref 39618,Shopping
TSRTC BUS TICKET Rs 459  TXNID 98060,Travel
Hostel Fee Payment,Rent
Room Rent UPI  DEL,Rent
Mobile Recharge Jio ,Utilities
Hostel Fee Payment 4224 INR,Rent
DTH Recharge TataSky Rs 2497,Utilities
Hostel Canteen Rs 844,Food
UBER TRIP HYD 3772 INR,Travel
Play Store Movies Rs 575 ,Entertainment
Mobile Recharge Airtel  Ref 38473,Utilities
Croma Retail  HYD,Shopping
OLA CAB RIDE,Travel
Internet Bill JioFiber,Utilities
Apollo Pharmacy  Ref 83157,Health
INOX Multiplex 2788 INR ,Entertainment
PVR Cinemas Ticket Rs 143,Entertainment
Udemy Online Course,Education
Apple Store Online Rs 2887  TXNID 94951,Shopping
Myntra Fashion Rs 2716  TXNID 95898,Shopping
Local Kirana Store Rs 461,Shopping
Rapido Bike Ride Rs 1280  HYD,Travel
Library Fine ,Education
Clinic Consultation Rs 1697,Health
KFC Food Court 1801 INR  DEL,Food
KFC Food Court  TXNID 94376,Food
Rapido Bike Ride,Travel
SWIGGY Order Rs 1006,Food
IRCTC Catering,Food
Hotstar Annual,Entertainment
Metro Rail Card Reload Rs 2357,Travel
Health Insurance Premium,Health
Gas Bill HP,Utilities
Mobile Recharge Airtel 4917 INR  HYD,Utilities
Mobile Recharge Jio,Utilities
Fuel IOC Pump Rs 1367  Ref 70753,Travel
Diagnostic Center Test,Health
Apartment Maintenance Fee ,Rent
Metro Rail Card Reload,Travel
Gaming Steam Purchase 4734 INR,Entertainment
PVR Cinemas Ticket  TXNID 92708,Entertainment
UBER TRIP HYD ,Travel
Amazon purchase 1785 INR  Ref 94175,Shopping
Hospital Bill  TXNID 91647,Health
Hostel Fee Payment 2146 INR,Rent
ZOMATO Order 2899 INR  TXNID 93429,Food
Fuel IOC Pump 2985 INR,Travel
Coursera Course 3654 INR,Education
Mobile Recharge Jio  DEL,Utilities
Play Store Movies Rs 1668  TXNID 97009,Entertainment
Apple Store Online 1634 INR,Shopping
PVR Cinemas Ticket Rs 2391  Ref 56945,Entertainment
PG Rent Gachibowli,Rent
PVR Cinemas Ticket  TXNID 96554,Entertainment
Udemy Online Course,Education
Subway Sandwich Rs 1178,Food
Local Kirana Store ,Shopping
Diagnostic Center Test  DEL,Health
Broadband ACT Fibernet Rs 269 ,Utilities
PVR Cinemas Ticket Rs 531 ,Entertainment
Big Bazaar Mall Rs 1149,Shopping
Myntra Fashion 4864 INR,Shopping
PVR Cinemas Ticket 4044 INR  MUM,Entertainment
Amazon purchase 3919 INR  BLR,Shopping
OLA CAB RIDE Rs 862  HYD,Travel
KFC Food Court Rs 2995  MUM,Food
Hostel Fee Payment ,Rent
ZOMATO Order ,Food
Local Kirana Store 2400 INR,Shopping
Hostel Fee Payment,Rent
College Tuition Fee,Education
DTH Recharge TataSky 360 INR,Utilities
INOX Multiplex Rs 1940,Entertainment
McDonalds Drive Thru Rs 2756,Food
UBER TRIP HYD Rs 1631,Travel
College Tuition Fee  TXNID 94333,Education
Apartment Maintenance Fee,Rent
Electricity Bill TSSPDCL Rs 704  Ref 39466,Utilities
Internet Bill JioFiber  TXNID 97572,Utilities
McDonalds Drive Thru 2139 INR,Food
IRCTC Train Ticket,Travel
Electronics Store HYD,Shopping
ZOMATO Order Rs 1112  Ref 89016,Food
CCD Cafe Coffee Day ,Food
Netflix Subscription,Entertainment
Room Rent UPI Rs 1759  Ref 52334,Rent
CCD Cafe Coffee Day  TXNID 92189,Food
Myntra Fashion  Ref 30763,Shopping
OLA CAB RIDE 2935 INR,Travel
PVR Cinemas Ticket,Entertainment
Broadband ACT Fibernet 3148 INR,Utilities
Hospital Bill Rs 295,Health
Diagnostic Center Test 1020 INR,Health
IRCTC Train Ticket  Ref 20733,Travel
IRCTC Train Ticket  MUM,Travel
Big Bazaar Mall,Shopping
IRCTC Catering ,Food
Reliance Trends ,Shopping
Flipkart Online,Shopping
Rapido Bike Ride Rs 1396  Ref 14706,Travel
IRCTC Catering,Food
Local Kirana Store 4927 INR,Shopping
Metro Rail Card Reload Rs 91,Travel
SWIGGY Order 2721 INR,Food
Spotify Premium  TXNID 98465,Entertainment
IRCTC Catering Rs 1432,Food
Udemy Online Course 2136 INR,Education
UBER TRIP HYD  Ref 89331,Travel
McDonalds Drive Thru,Food
Rapido Bike Ride,Travel
McDonalds Drive Thru Rs 1599,Food
Electronics Store HYD Rs 2458  Ref 72684,Shopping
CCD Cafe Coffee Day,Food
PG Rent Gachibowli Rs 2466  TXNID 99873,Rent
Netflix Subscription Rs 770,Entertainment
Amazon purchase 4336 INR,Shopping
Apollo Pharmacy Rs 448  Ref 42318,Health
Netflix Subscription,Entertainment
Mobile Recharge Jio,Utilities
Amazon purchase,Shopping
Diagnostic Center Test 4514 INR  TXNID 97880,Health
Myntra Fashion Rs 2043,Shopping
Amazon purchase  Ref 37253,Shopping
Coffee Cafe HYD Rs 1387  Ref 54861,Food
Electronics Store HYD Rs 2982  TXNID 98025,Shopping
Electricity Bill TSSPDCL 4256 INR,Utilities
House Rent Transfer  Ref 96048,Rent
PG Rent Gachibowli  TXNID 98001,Rent
Gas Bill HP Rs 750  Ref 55056,Utilities
Electricity Bill TSSPDCL  Ref 11488,Utilities
Gaming Steam Purchase  TXNID 98365,Entertainment
Big Bazaar Mall,Shopping
Flipkart Online 3408 INR  TXNID 98345,Shopping
Flipkart Online  TXNID 91690,Shopping
TSRTC BUS TICKET,Travel
DTH Recharge TataSky Rs 2990,Utilities
Coursera Course Rs 2568  Ref 55655,Education
IRCTC Catering,Food
IndiGo Flight Booking  Ref 42775,Travel
Gas Bill HP 4549 INR ,Utilities
SWIGGY Order  TXNID 99554,Food
TSRTC BUS TICKET,Travel
Mobile Recharge Jio,Utilities
KFC Food Court Rs 1521,Food
Amazon purchase  BLR,Shopping
House Rent Transfer  DEL,Rent
House Rent Transfer 3048 INR ,Rent
IndiGo Flight Booking 1104 INR,Travel
McDonalds Drive Thru  PUNE,Food
Apollo Pharmacy ,Health
Local Kirana Store 4202 INR,Shopping
Electricity Bill TSSPDCL  Ref 23565,Utilities
Exam Registration Fee,Education
Exam Registration Fee Rs 1909  Ref 82051,Education
PG Rent Gachibowli Rs 2744 ,Rent
Myntra Fashion Rs 1297,Shopping
Hospital Bill,Health
Health Insurance Premium 4628 INR  Ref 49696,Health
Clinic Consultation,Health
Byjus Subscription ,Education
INOX Multiplex Rs 1871,Entertainment
IRCTC Train Ticket Rs 448,Travel
MedPlus Medicine 280 INR,Health
Hostel Canteen ,Food
KFC Food Court Rs 1767 ,Food
CCD Cafe Coffee Day Rs 2387,Food
Croma Retail,Shopping
Croma Retail Rs 727  Ref 22137,Shopping
Coursera Course,Education
Metro Rail Card Reload,Travel
Petrol Bunk HP  MUM,Travel
Fuel IOC Pump Rs 2917,Travel
SWIGGY Order  Ref 91310,Food
OLA CAB RIDE,Travel
Flipkart Online,Shopping
UBER TRIP HYD 2804 INR  BLR,Travel
Coffee Cafe HYD,Food
Flipkart Online  TXNID 91634,Shopping
Diagnostic Center Test  PUNE,Health
INOX Multiplex,Entertainment
Starbucks Jubilee Hills Rs 2527  PUNE,Food
SonyLIV Monthly,Entertainment
MedPlus Medicine,Health
Rapido Bike Ride 1775 INR ,Travel
Starbucks Jubilee Hills  HYD,Food
MedPlus Medicine,Health
Book Store Purchase Rs 858,Education
Netflix Subscription Rs 2035 ,Entertainment
Local Kirana Store  Ref 76940,Shopping
Flipkart Online Rs 2304 ,Shopping
Apartment Maintenance Fee  Ref 57388,Rent
UBER TRIP HYD 1682 INR,Travel
Local Kirana Store,Shopping
Room Rent UPI  HYD,Rent
Netflix Subscription Rs 1417,Entertainment
Apple Store Online Rs 2119,Shopping
IRCTC Catering  Ref 92105,Food
Croma Retail  MUM,Shopping
Myntra Fashion  Ref 44726,Shopping
Mobile Recharge Jio  Ref 83845,Utilities
Electronics Store HYD Rs 778,Shopping
TSRTC BUS TICKET Rs 2321,Travel
SonyLIV Monthly Rs 1038  PUNE,Entertainment
Metro Rail Card Reload 718 INR,Travel
Diagnostic Center Test,Health
PVR Cinemas Ticket 176 INR  PUNE,Entertainment
Local Kirana Store  PUNE,Shopping
Gaming Steam Purchase Rs 522  TXNID 99861,Entertainment
Petrol Bunk HP,Travel
SWIGGY Order 2434 INR ,Food
Amazon purchase 3379 INR  DEL,Shopping
Gas Bill HP,Utilities
IRCTC Train Ticket  Ref 17790,Travel
Hospital Bill Rs 553  BLR,Health
Electricity Bill TSSPDCL ,Utilities
DTH Recharge TataSky Rs 1828,Utilities
Reliance Trends,Shopping
Water Bill HMWSSB  BLR,Utilities
Clinic Consultation ,Health
UBER TRIP HYD 1310 INR,Travel
Subway Sandwich,Food
KFC Food Court Rs 189  Ref 64551,Food
Starbucks Jubilee Hills Rs 2846  TXNID 99173,Food
Byjus Subscription 4689 INR,Education
Diagnostic Center Test Rs 1900 ,Health
Broadband ACT Fibernet,Utilities
Reliance Trends 1040 INR  Ref 70585,Shopping
Water Bill HMWSSB  TXNID 96052,Utilities
Health Insurance Premium  TXNID 96745,Health
Coursera Course,Education
Gas Bill HP 4656 INR,Utilities
Mobile Recharge Jio ,Utilities
Electricity Bill TSSPDCL 551 INR  TXNID 98595,Utilities
IndiGo Flight Booking  TXNID 93676,Travel
KFC Food Court Rs 616,Food
Clinic Consultation Rs 1144  Ref 76709,Health
Water Bill HMWSSB  PUNE,Utilities
Udemy Online Course,Education
Clinic Consultation  Ref 55489,Health
Hostel Fee Payment Rs 2159  MUM,Rent
TSRTC BUS TICKET 2745 INR,Travel
Amazon purchase  TXNID 91626,Shopping
SonyLIV Monthly ,Entertainment
Fuel IOC Pump,Travel
PG Rent Gachibowli,Rent
Room Rent UPI 1443 INR  Ref 16834,Rent
CCD Cafe Coffee Day 1604 INR,Food
Room Rent UPI Rs 346,Rent
Health Insurance Premium,Health
Dominos Pizza HYD Rs 1556,Food
ZOMATO Order  TXNID 97094,Food
Health Insurance Premium Rs 2875,Health
Metro Rail Card Reload 613 INR ,Travel
OLA CAB RIDE 1064 INR,Travel
Dominos Pizza HYD,Food
Hostel Canteen  Ref 82788,Food
Electricity Bill TSSPDCL 827 INR,Utilities
Starbucks Jubilee Hills,Food
OLA CAB RIDE 2837 INR  TXNID 94883,Travel
TSRTC BUS TICKET,Travel
Water Bill HMWSSB 225 INR,Utilities
Book Store Purchase,Education
McDonalds Drive Thru 4184 INR,Food
Book Store Purchase Rs 1655  Ref 35810,Education
Fuel IOC Pump  DEL,Travel
Exam Registration Fee ,Education
Subway Sandwich,Food
KFC Food Court 1890 INR  TXNID 98067,Food
IRCTC Train Ticket,Travel
IRCTC Train Ticket  TXNID 99667,Travel
Hostel Fee Payment Rs 2160  TXNID 98717,Rent
Reliance Trends Rs 2210,Shopping
UBER TRIP HYD Rs 2394 ,Travel
Netflix Subscription  MUM,Entertainment
Subway Sandwich,Food
Subway Sandwich,Food
IRCTC Train Ticket,Travel
Croma Retail 2436 INR ,Shopping
Rapido Bike Ride,Travel
Coffee Cafe HYD  BLR,Food
Electronics Store HYD 1136 INR,Shopping
Clinic Consultation 115 INR,Health
CCD Cafe Coffee Day,Food
ZOMATO Order Rs 504  TXNID 99811,Food
KFC Food Court 1530 INR  TXNID 91476,Food
Local Kirana Store Rs 2796,Shopping
Coffee Cafe HYD Rs 2518,Food
Coursera Course  Ref 64850,Education
OLA CAB RIDE  Ref 80573,Travel
Mobile Recharge Jio 2563 INR  DEL,Utilities
Amazon purchase  TXNID 98359,Shopping
Electricity Bill TSSPDCL,Utilities
Petrol Bunk HP 3939 INR ,Travel
Library Fine ,Education
Hostel Fee Payment,Rent
Spotify Premium  PUNE,Entertainment
Diagnostic Center Test 2680 INR,Health
