date,description,amount,transaction_type,year,month,day,day_of_week,year_month,base_category,cluster_id,is_anomaly,anomaly_score
2025-03-09,Netflix.com,56.09,Debit,2025,3,9,6,2025-03,Entertainment,1,False,-0.5165257348101683
2025-01-10,UBER TRIP 284922 CA,16.63,Debit,2025,1,10,4,2025-01,Transport,3,False,-0.49774532438822616
2025-02-25,CINEMA CITY,38.5,Debit,2025,2,25,1,2025-02,Other,4,False,-0.41312066094223904
2025-01-01,ACH DEPOSIT SALARY,3500.0,Credit,2025,1,1,2,2025-01,Income,2,True,-0.7275172759203529
2025-01-12,STEAM PURCHASE,78.44,Debit,2025,1,12,6,2025-01,Other,3,False,-0.4839667022618135
2025-02-13,H&M STORE 42,84.0,Debit,2025,2,13,3,2025-02,Shopping,3,False,-0.4274067698870145
2025-01-17,ELECTRIC BILL,49.2,Debit,2025,1,17,4,2025-01,Utilities,3,False,-0.5178638550592654
2025-02-27,LOCAL GROCERY MART,89.15,Debit,2025,2,27,3,2025-02,Other,3,False,-0.41242805076652544
2025-03-27,Starbucks Store 0032,21.29,Debit,2025,3,27,3,2025-03,Food,1,False,-0.46966497549373626
2025-01-19,McDonalds #8492,35.1,Debit,2025,1,19,6,2025-01,Food,1,False,-0.542464606513127
2025-03-19,PAYPAL *SPOTIFY,59.1,Debit,2025,3,19,2,2025-03,Entertainment,1,False,-0.47583304472010085
2025-02-18,GAS COMPANY,170.6,Debit,2025,2,18,1,2025-02,Other,4,False,-0.49699356694080904
2025-02-07,LYFT RIDE PGH,26.77,Debit,2025,2,7,4,2025-02,Transport,3,False,-0.47087862889939924
2025-02-26,STEAM PURCHASE,45.73,Debit,2025,2,26,2,2025-02,Other,4,False,-0.4015679463939797
2025-02-13,AMAZON MKTP US*2R9,127.72,Debit,2025,2,13,3,2025-02,Shopping,3,False,-0.4312546659811147
2025-03-09,WM SUPERCENTER #382,118.21,Debit,2025,3,9,6,2025-03,Other,3,False,-0.47058497504074864
2025-03-29,CINEMA CITY,51.93,Debit,2025,3,29,5,2025-03,Other,3,False,-0.41231429755690163
2025-03-13,ZARA MALL 09,193.64,Debit,2025,3,13,3,2025-03,Shopping,3,False,-0.471228911069088
2025-03-02,ELECTRIC BILL,142.16,Debit,2025,3,2,6,2025-03,Utilities,3,False,-0.5274338578475903
2025-03-11,Netflix.com,50.52,Debit,2025,3,11,1,2025-03,Entertainment,1,False,-0.47457809257905037
2025-01-25,Local Diner,9.18,Debit,2025,1,25,5,2025-01,Food,1,False,-0.5274774652092337
2025-01-24,APPLE STORE #R1234,120.25,Debit,2025,1,24,4,2025-01,Shopping,3,False,-0.46411808260782467
2025-02-12,PAYPAL *SPOTIFY,17.91,Debit,2025,2,12,2,2025-02,Entertainment,1,False,-0.49487069447930754
2025-03-03,GAS COMPANY,100.98,Debit,2025,3,3,0,2025-03,Other,4,False,-0.4665688234225513
2025-02-24,McDonalds #8492,11.16,Debit,2025,2,24,0,2025-02,Food,1,False,-0.5150846739588864
2025-10-02,PAYPAL *SPOTIFY,39.66,Debit,2025,10,2,3,2025-10,Entertainment,0,True,-0.6535929451646171
2025-01-16,INTERNET CHARGES,148.5,Debit,2025,1,16,3,2025-01,Utilities,3,False,-0.5205871215445891
2025-03-19,SHELL STATION #221,58.11,Debit,2025,3,19,2,2025-03,Other,4,False,-0.40282946733979624
2025-03-31,LOCAL GROCERY MART,106.15,Debit,2025,3,31,0,2025-03,Other,4,False,-0.4660231293706826
2025-01-11,CINEMA CITY,69.37,Debit,2025,1,11,5,2025-01,Other,3,False,-0.4473541139490098
2025-02-12,LOCAL GROCERY MART,133.04,Debit,2025,2,12,2,2025-02,Other,4,False,-0.4258307647760505
2025-03-22,LYFT RIDE PGH,21.76,Debit,2025,3,22,5,2025-03,Transport,3,False,-0.4731725340193303
2025-01-13,ELECTRIC BILL,115.27,Debit,2025,1,13,0,2025-01,Utilities,4,False,-0.5406715442122926
2025-03-07,WATER BILL,166.83,Debit,2025,3,7,4,2025-03,Utilities,3,False,-0.5270445253619768
2025-02-11,GAS COMPANY,113.57,Debit,2025,2,11,1,2025-02,Other,4,False,-0.4299754453702997
2025-02-25,UBER TRIP 284922 CA,57.21,Debit,2025,2,25,1,2025-02,Transport,4,False,-0.4661417592925296
2025-02-26,ELECTRIC BILL,135.24,Debit,2025,2,26,2,2025-02,Utilities,4,False,-0.4810583516379895
2025-01-07,PAYPAL *SPOTIFY,18.74,Debit,2025,1,7,1,2025-01,Entertainment,1,False,-0.5313600668784085
2025-01-06,TARGET T-2812,110.91,Debit,2025,1,6,0,2025-01,Shopping,4,False,-0.5154607434046364
2025-02-24,Netflix.com,35.7,Debit,2025,2,24,0,2025-02,Entertainment,1,False,-0.5046948519557655
2025-02-07,UBER TRIP 284922 CA,8.48,Debit,2025,2,7,4,2025-02,Transport,3,False,-0.49560667820528403
2025-09-02,APPLE STORE #R1234,111.59,Debit,2025,9,2,1,2025-09,Shopping,0,True,-0.6063392860682096
2025-03-25,UBER TRIP 284922 CA,17.21,Debit,2025,3,25,1,2025-03,Transport,4,False,-0.4844590875879981
2025-01-20,McDonalds #8492,31.41,Debit,2025,1,20,0,2025-01,Food,1,False,-0.5345847802206908
2025-01-29,COSTCO WHOLESALE,127.07,Debit,2025,1,29,2,2025-01,Other,4,False,-0.44999579769614867
2025-03-18,PAYPAL *SPOTIFY,9.99,Debit,2025,3,18,1,2025-03,Entertainment,1,False,-0.5137710294588226
2025-03-18,INTERNET CHARGES,177.27,Debit,2025,3,18,1,2025-03,Utilities,4,False,-0.5526784092810261
2025-02-19,LYFT RIDE PGH,55.94,Debit,2025,2,19,2,2025-02,Transport,4,False,-0.4563100139343142
2025-11-01,WATER BILL,49.59,Debit,2025,11,1,5,2025-11,Utilities,0,True,-0.6623791520797918
2025-03-01,GAS COMPANY,47.59,Debit,2025,3,1,5,2025-03,Other,3,False,-0.4144857435098274
2025-02-21,TARGET T-2812,194.95,Debit,2025,2,21,4,2025-02,Shopping,3,False,-0.4745883940376599
2025-01-18,SPAR HYPERMARKET,47.72,Debit,2025,1,18,5,2025-01,Other,3,False,-0.43932776893192554
2025-03-10,COSTCO WHOLESALE,86.03,Debit,2025,3,10,0,2025-03,Other,4,False,-0.46676131159969597
2025-02-08,ELECTRIC BILL,171.45,Debit,2025,2,8,5,2025-02,Utilities,3,False,-0.5294698705889892
2025-02-05,WATER BILL,127.5,Debit,2025,2,5,2,2025-02,Utilities,4,False,-0.480140202015142
2025-03-12,WM SUPERCENTER #382,81.85,Debit,2025,3,12,2,2025-03,Other,4,False,-0.41421593420160757
2025-03-15,Netflix.com Subscription,15.99,Debit,2025,3,15,5,2025-03,Entertainment,1,False,-0.5204391511769527
2025-02-01,SHELL STATION #221,29.43,Debit,2025,2,1,5,2025-02,Other,3,False,-0.4222023261851163
2025-01-15,McDonalds #8492,26.96,Debit,2025,1,15,2,2025-01,Food,1,False,-0.4860217972837508
2025-02-06,KFC Outlet 22,25.91,Debit,2025,2,6,3,2025-02,Other,3,False,-0.4033441074382853
2025-01-21,McDonalds #8492,11.08,Debit,2025,1,21,1,2025-01,Food,1,False,-0.5040705775248112
2025-03-24,SPAR HYPERMARKET,42.86,Debit,2025,3,24,0,2025-03,Other,4,False,-0.45109210562314683
2025-03-16,Starbucks Store 0032,37.51,Debit,2025,3,16,6,2025-03,Food,1,False,-0.5034943373340107
2025-03-09,GAS COMPANY,164.5,Debit,2025,3,9,6,2025-03,Other,3,False,-0.5130875602963009
2025-02-21,CINEMA CITY,40.66,Debit,2025,2,21,4,2025-02,Other,3,False,-0.4081268540688927
2025-02-04,YELLOW CAB CO,24.62,Debit,2025,2,4,1,2025-02,Transport,4,False,-0.47400131253767647
2025-03-30,LOCAL GROCERY MART,82.1,Debit,2025,3,30,6,2025-03,Other,3,False,-0.4506518108264583
2025-11-01,LYFT RIDE PGH,45.44,Debit,2025,11,1,5,2025-11,Transport,0,True,-0.6542867314104132
2025-02-16,GAS COMPANY,127.56,Debit,2025,2,16,6,2025-02,Other,3,False,-0.4786804161503753
2025-01-25,COSTCO WHOLESALE,150.0,Debit,2025,1,25,5,2025-01,Other,3,False,-0.49503928409791154
2025-01-02,KFC Outlet 22,26.74,Debit,2025,1,2,3,2025-01,Other,3,False,-0.4238854103367817
2025-02-04,INTERNET CHARGES,59.22,Debit,2025,2,4,1,2025-02,Utilities,4,False,-0.49169713362154255
2025-02-21,UBER TRIP 284922 CA,16.56,Debit,2025,2,21,4,2025-02,Transport,3,False,-0.47479358398503857
2025-03-17,ZARA MALL 09,166.96,Debit,2025,3,17,0,2025-03,Shopping,4,False,-0.5048216664868211
2025-02-01,ELECTRIC BILL,126.71,Debit,2025,2,1,5,2025-02,Utilities,3,False,-0.5029101812101264
2025-01-25,CINEMA CITY,33.7,Debit,2025,1,25,5,2025-01,Other,3,False,-0.4429108704464707
2025-02-03,WATER BILL,170.66,Debit,2025,2,3,0,2025-02,Utilities,4,False,-0.5425896013622403
2025-12-02,McDonalds #8492,30.59,Debit,2025,12,2,1,2025-12,Food,0,True,-0.6747441464252834
2025-01-21,ZARA MALL 09,91.68,Debit,2025,1,21,1,2025-01,Shopping,4,False,-0.4708085293277481
2025-03-05,STEAM PURCHASE,62.32,Debit,2025,3,5,2,2025-03,Other,4,False,-0.4064223237612112
2025-02-25,Starbucks Store 0032,21.09,Debit,2025,2,25,1,2025-02,Food,1,False,-0.4724041422546934
2025-02-01,YELLOW CAB CO,37.02,Debit,2025,2,1,5,2025-02,Transport,3,False,-0.46702855542657834
2025-01-03,ELECTRIC BILL,150.15,Debit,2025,1,3,4,2025-01,Utilities,3,False,-0.5232631437372521
2025-02-05,ELECTRIC BILL,146.23,Debit,2025,2,5,2,2025-02,Utilities,4,False,-0.48895987667513124
2025-03-25,Dominos Pizza,30.23,Debit,2025,3,25,1,2025-03,Other,4,False,-0.4158174637136617
2025-02-10,Dominos Pizza,20.02,Debit,2025,2,10,0,2025-02,Other,4,False,-0.4591742435281965
2025-01-31,METRO TICKET,9.37,Debit,2025,1,31,4,2025-01,Other,3,False,-0.44017261830700927
2025-02-13,PAYPAL *SPOTIFY,31.98,Debit,2025,2,13,3,2025-02,Entertainment,1,False,-0.489029196829965
2025-02-12,PAYPAL *SPOTIFY,56.25,Debit,2025,2,12,2,2025-02,Entertainment,1,False,-0.4762664473713108
2025-02-03,STEAM PURCHASE,26.08,Debit,2025,2,3,0,2025-02,Other,4,False,-0.45419001049364494
2025-01-15,GAS COMPANY,165.93,Debit,2025,1,15,2,2025-01,Other,4,False,-0.49332605271331625
2025-04-01,Netflix.com,39.94,Debit,2025,4,1,1,2025-04,Entertainment,1,False,-0.5346768502911711
2025-03-15,INTERNET CHARGES,105.44,Debit,2025,3,15,5,2025-03,Utilities,3,False,-0.5029823594495458
2025-01-10,H&M STORE 42,218.21,Debit,2025,1,10,4,2025-01,Shopping,3,False,-0.5026141339403805
2025-01-24,H&M STORE 42,68.79,Debit,2025,1,24,4,2025-01,Shopping,3,False,-0.46436033785821457
2025-02-19,WM SUPERCENTER #382,132.09,Debit,2025,2,19,2,2025-02,Other,4,False,-0.4242400401192164
2025-02-23,ELECTRIC BILL,109.73,Debit,2025,2,23,6,2025-02,Utilities,3,False,-0.5276865881430384
2025-01-29,ELECTRIC BILL,177.92,Debit,2025,1,29,2,2025-01,Utilities,4,False,-0.5379880909779281
2025-03-26,LOCAL GROCERY MART,141.84,Debit,2025,3,26,2,2025-03,Other,4,False,-0.4366488878727669
2025-02-11,GAS COMPANY,42.73,Debit,2025,2,11,1,2025-02,Other,4,False,-0.4095670143242411
2025-03-02,AMAZON MKTP US*2R9,104.72,Debit,2025,3,2,6,2025-03,Shopping,3,False,-0.47517299974742155
2025-11-03,ELECTRIC BILL,94.66,Debit,2025,11,3,0,2025-11,Utilities,0,True,-0.688776912423894
2025-03-13,STEAM PURCHASE,19.15,Debit,2025,3,13,3,2025-03,Other,3,False,-0.4092391379469301
2025-03-05,UNKNOWN TRANSACTION 999,1.0,Debit,2025,3,5,2,2025-03,Other,4,False,-0.43039885887095897
2025-03-20,SPAR HYPERMARKET,128.82,Debit,2025,3,20,3,2025-03,Other,3,False,-0.42586319586983334
2025-03-04,PAYPAL *SPOTIFY,40.15,Debit,2025,3,4,1,2025-03,Entertainment,1,False,-0.47502383411922694
2025-03-09,PAYPAL *SPOTIFY,53.93,Debit,2025,3,9,6,2025-03,Entertainment,1,False,-0.5168569327115348
2025-02-26,Dominos Pizza,8.43,Debit,2025,2,26,2,2025-02,Other,4,False,-0.4237543865964653
2025-02-10,H&M STORE 42,159.43,Debit,2025,2,10,0,2025-02,Shopping,4,False,-0.4933367341311779
2025-01-07,SPAR HYPERMARKET,87.75,Debit,2025,1,7,1,2025-01,Other,4,False,-0.45131871908413895
2025-02-07,Local Diner,31.16,Debit,2025,2,7,4,2025-02,Food,1,False,-0.4734529684080166
2025-04-01,STEAM PURCHASE,30.83,Debit,2025,4,1,1,2025-04,Other,4,False,-0.47912363406737535
2025-01-16,GAS COMPANY,51.03,Debit,2025,1,16,3,2025-01,Other,3,False,-0.42175453354943854
2025-02-27,INTERNET CHARGES,160.99,Debit,2025,2,27,3,2025-02,Utilities,3,False,-0.4993428425960422
2025-03-02,UBER TRIP 284922 CA,54.27,Debit,2025,3,2,6,2025-03,Transport,3,False,-0.4818272895935407
2025-04-01,GAS COMPANY,118.53,Debit,2025,4,1,1,2025-04,Other,4,False,-0.4990494104554437
2025-01-30,APPLE STORE #R1234,204.44,Debit,2025,1,30,3,2025-01,Shopping,3,False,-0.49261957786587784
2025-02-23,TARGET T-2812,114.98,Debit,2025,2,23,6,2025-02,Shopping,3,False,-0.4807607072704458
2025-02-10,WATER BILL,95.01,Debit,2025,2,10,0,2025-02,Utilities,4,False,-0.5319688537989417
2025-03-07,WATER BILL,85.92,Debit,2025,3,7,4,2025-03,Utilities,3,False,-0.4947289526569418
2025-02-18,PAYPAL *SPOTIFY,52.32,Debit,2025,2,18,1,2025-02,Entertainment,1,False,-0.48561390781321967
2025-02-01,Local Diner,14.97,Debit,2025,2,1,5,2025-02,Food,1,False,-0.4900175823885553
2025-02-10,WATER BILL,131.76,Debit,2025,2,10,0,2025-02,Utilities,4,False,-0.5253941677515687
2025-01-21,GAS COMPANY,131.4,Debit,2025,1,21,1,2025-01,Other,4,False,-0.47162667659668056
2025-01-26,LYFT RIDE PGH,48.9,Debit,2025,1,26,6,2025-01,Transport,3,False,-0.5108643469067234
2025-02-27,Dominos Pizza,12.75,Debit,2025,2,27,3,2025-02,Other,3,False,-0.417514870251409
2025-03-08,STEAM PURCHASE,11.62,Debit,2025,3,8,5,2025-03,Other,3,False,-0.43506247941688947
2025-04-01,COSTCO WHOLESALE,79.44,Debit,2025,4,1,1,2025-04,Other,4,False,-0.48373974147665905
2025-02-17,PAYPAL *SPOTIFY,48.06,Debit,2025,2,17,0,2025-02,Entertainment,1,False,-0.5028243272553585
2025-03-17,CINEMA CITY,31.21,Debit,2025,3,17,0,2025-03,Other,4,False,-0.4493356562859489
2025-01-29,AMAZON MKTP US*2R9,199.68,Debit,2025,1,29,2,2025-01,Shopping,4,False,-0.5065643948125668
2025-02-27,LOCAL GROCERY MART,118.97,Debit,2025,2,27,3,2025-02,Other,3,False,-0.41344346127328746
2025-02-19,H&M STORE 42,198.13,Debit,2025,2,19,2,2025-02,Shopping,4,False,-0.47378259897579217
2025-01-13,LOCAL GROCERY MART,130.94,Debit,2025,1,13,0,2025-01,Other,4,False,-0.505120620807097
2025-06-03,METRO TICKET,22.19,Debit,2025,6,3,1,2025-06,Other,0,False,-0.5379076427736168
2025-01-23,SHELL STATION #221,52.52,Debit,2025,1,23,3,2025-01,Other,3,False,-0.421588208419317
2025-01-20,STEAM PURCHASE,55.15,Debit,2025,1,20,0,2025-01,Other,4,False,-0.4903350663998364
2025-02-02,WM SUPERCENTER #382,118.23,Debit,2025,2,2,6,2025-02,Other,3,False,-0.4690892495614334
2025-02-08,APPLE STORE #R1234,153.38,Debit,2025,2,8,5,2025-02,Shopping,3,False,-0.4710784401984699
2025-03-12,PAYPAL *SPOTIFY,27.61,Debit,2025,3,12,2,2025-03,Entertainment,1,False,-0.47986232262703055
2025-09-02,SHELL STATION #221,27.19,Debit,2025,9,2,1,2025-09,Other,0,True,-0.5833243256083648
2025-03-23,METRO TICKET,13.33,Debit,2025,3,23,6,2025-03,Other,3,False,-0.4629217381714684
2025-01-08,ELECTRIC BILL,172.66,Debit,2025,1,8,2,2025-01,Utilities,4,False,-0.5273847847087327
2025-01-18,PAYPAL *SPOTIFY,9.99,Debit,2025,1,18,5,2025-01,Entertainment,1,False,-0.5612278328344787
2025-10-01,STEAM PURCHASE,41.54,Debit,2025,10,1,2,2025-10,Other,0,True,-0.6089647754217489
2025-02-13,ZARA MALL 09,222.47,Debit,2025,2,13,3,2025-02,Shopping,3,False,-0.4743911276903696
2025-01-17,LOCAL GROCERY MART,82.15,Debit,2025,1,17,4,2025-01,Other,3,False,-0.43372671291902076
2025-03-16,APPLE STORE #R1234,54.06,Debit,2025,3,16,6,2025-03,Shopping,3,False,-0.45689716043436857
2025-01-18,GAS COMPANY,103.51,Debit,2025,1,18,5,2025-01,Other,3,False,-0.4626734731684874
2025-01-08,INTERNET CHARGES,48.0,Debit,2025,1,8,2,2025-01,Utilities,4,False,-0.5046684878723768
2025-01-30,Starbucks Store 0032,18.3,Debit,2025,1,30,3,2025-01,Food,1,False,-0.4987595836782878
2025-03-19,ELECTRIC BILL,169.98,Debit,2025,3,19,2,2025-03,Utilities,4,False,-0.523597455053981
2025-02-17,GAS COMPANY,138.27,Debit,2025,2,17,0,2025-02,Other,4,False,-0.4830446142442939
2025-01-01,Local Diner,31.99,Debit,2025,1,1,2,2025-01,Food,1,False,-0.4890824962457752
2025-02-11,SHELL STATION #221,45.5,Debit,2025,2,11,1,2025-02,Other,4,False,-0.4097454397376848
2025-03-12,TARGET T-2812,64.12,Debit,2025,3,12,2,2025-03,Shopping,4,False,-0.4370849241525929
2025-03-06,McDonalds #8492,6.37,Debit,2025,3,6,3,2025-03,Food,1,False,-0.4962178968127575
2025-03-02,TARGET T-2812,104.6,Debit,2025,3,2,6,2025-03,Shopping,3,False,-0.47517299974742155
2025-02-04,INTERNET CHARGES,55.62,Debit,2025,2,4,1,2025-02,Utilities,4,False,-0.48779927712512017
2025-01-15,Netflix.com,61.39,Debit,2025,1,15,2,2025-01,Entertainment,1,False,-0.521613418606515
2025-02-15,Netflix.com Subscription,15.99,Debit,2025,2,15,5,2025-02,Entertainment,1,False,-0.5302879425592526
2025-01-05,WATER BILL,135.07,Debit,2025,1,5,6,2025-01,Utilities,3,False,-0.5516646882325236
2025-03-14,APPLE STORE #R1234,39.54,Debit,2025,3,14,4,2025-03,Shopping,3,False,-0.4479765042133178
2025-02-15,SPAR HYPERMARKET,133.51,Debit,2025,2,15,5,2025-02,Other,3,False,-0.4540408654504488
2025-02-14,LOCAL GROCERY MART,93.99,Debit,2025,2,14,4,2025-02,Other,3,False,-0.42638602735646586
2025-02-01,COSTCO WHOLESALE,76.25,Debit,2025,2,1,5,2025-02,Other,3,False,-0.4331202200665976
2025-02-04,WM SUPERCENTER #382,51.37,Debit,2025,2,4,1,2025-02,Other,4,False,-0.41029356418939095
2025-02-09,Netflix.com,53.99,Debit,2025,2,9,6,2025-02,Entertainment,1,False,-0.5344236151583421
2025-02-22,CINEMA CITY,36.97,Debit,2025,2,22,5,2025-02,Other,3,False,-0.4179077009839824
2025-02-03,PAYPAL *SPOTIFY,61.37,Debit,2025,2,3,0,2025-02,Entertainment,1,False,-0.5194717994115563
2025-03-19,LYFT RIDE PGH,53.4,Debit,2025,3,19,2,2025-03,Transport,4,False,-0.4668469233976274
2025-02-17,Netflix.com,56.59,Debit,2025,2,17,0,2025-02,Entertainment,1,False,-0.5091756781251483
2025-03-24,Netflix.com,51.86,Debit,2025,3,24,0,2025-03,Entertainment,1,False,-0.5110222792975522
2025-01-21,Starbucks Store 0032,19.3,Debit,2025,1,21,1,2025-01,Food,1,False,-0.4949466892763836
2025-03-16,CINEMA CITY,35.43,Debit,2025,3,16,6,2025-03,Other,3,False,-0.4370730047119942
2025-02-23,WM SUPERCENTER #382,50.85,Debit,2025,2,23,6,2025-02,Other,3,False,-0.4423018071767487
2025-01-12,COSTCO WHOLESALE,105.21,Debit,2025,1,12,6,2025-01,Other,3,False,-0.4978045851318779
2025-01-07,STEAM PURCHASE,67.96,Debit,2025,1,7,1,2025-01,Other,4,False,-0.44293196423026815
2025-03-13,ZARA MALL 09,86.19,Debit,2025,3,13,3,2025-03,Shopping,3,False,-0.4364665000009243
2025-04-01,SPAR HYPERMARKET,61.19,Debit,2025,4,1,1,2025-04,Other,4,False,-0.47676799873105263
2025-02-13,APPLE STORE #R1234,179.32,Debit,2025,2,13,3,2025-02,Shopping,3,False,-0.4482342612281979
2025-05-03,AMAZON MKTP US*2R9,42.35,Debit,2025,5,3,5,2025-05,Shopping,3,False,-0.551684919664457
2025-01-12,SPAR HYPERMARKET,68.5,Debit,2025,1,12,6,2025-01,Other,3,False,-0.48086080819998883
2025-01-17,GAS COMPANY,61.6,Debit,2025,1,17,4,2025-01,Other,3,False,-0.4257915608456391
2025-01-26,Netflix.com,50.63,Debit,2025,1,26,6,2025-01,Entertainment,1,True,-0.5771104450702601
2025-02-22,COSTCO WHOLESALE,36.79,Debit,2025,2,22,5,2025-02,Other,3,False,-0.4179077009839824
2025-01-13,PAYPAL *SPOTIFY,78.68,Debit,2025,1,13,0,2025-01,Entertainment,1,True,-0.5801453299405517
2025-03-27,LOCAL GROCERY MART,79.76,Debit,2025,3,27,3,2025-03,Other,3,False,-0.4083312357720271
2025-01-06,YELLOW CAB CO,26.96,Debit,2025,1,6,0,2025-01,Transport,4,False,-0.5327723829155387
2025-01-23,H&M STORE 42,229.79,Debit,2025,1,23,3,2025-01,Shopping,3,False,-0.5074670465023967
2025-01-05,AMAZON MKTP US*2R9,157.21,Debit,2025,1,5,6,2025-01,Shopping,3,False,-0.5254103042376991
2025-02-07,INTERNET CHARGES,43.07,Debit,2025,2,7,4,2025-02,Utilities,3,False,-0.501343371938807
2025-02-20,Starbucks Store 0032,400.0,Debit,2025,2,20,3,2025-02,Food,1,False,-0.5674738865623924
2025-02-02,McDonalds #8492,27.23,Debit,2025,2,2,6,2025-02,Food,1,False,-0.5075930492995058
2025-06-01,LYFT RIDE PGH,54.06,Debit,2025,6,1,6,2025-06,Transport,3,True,-0.5897135307177148
2025-01-18,INTERNET CHARGES,95.72,Debit,2025,1,18,5,2025-01,Utilities,3,False,-0.5231456617179587
2025-05-02,ELECTRIC BILL,58.01,Debit,2025,5,2,4,2025-05,Utilities,3,True,-0.5772057958608875
2025-03-24,UBER TRIP 284922 CA,41.04,Debit,2025,3,24,0,2025-03,Transport,4,False,-0.4969294504239727
2025-01-06,Starbucks Store 0032,9.8,Debit,2025,1,6,0,2025-01,Food,1,False,-0.5522842971332089
2025-01-19,WATER BILL,104.56,Debit,2025,1,19,6,2025-01,Utilities,3,False,-0.5413365422573686
2025-01-01,TARGET T-2812,220.07,Debit,2025,1,1,2,2025-01,Shopping,4,False,-0.5154188135438658
2025-01-10,WATER BILL,176.13,Debit,2025,1,10,4,2025-01,Utilities,3,False,-0.5394209891872097
2025-03-03,WATER BILL,47.96,Debit,2025,3,3,0,2025-03,Utilities,4,False,-0.5443677254930241
2025-02-24,LOCAL GROCERY MART,35.84,Debit,2025,2,24,0,2025-02,Other,4,False,-0.4545681772814844
2025-01-31,STEAM PURCHASE,51.96,Debit,2025,1,31,4,2025-01,Other,3,False,-0.424579189695298
2025-03-24,Netflix.com,30.24,Debit,2025,3,24,0,2025-03,Entertainment,1,False,-0.5181369818911394
2025-03-21,STEAM PURCHASE,18.64,Debit,2025,3,21,4,2025-03,Other,3,False,-0.4160565940472549
2025-02-08,SPAR HYPERMARKET,63.17,Debit,2025,2,8,5,2025-02,Other,3,False,-0.4288146686276825
2025-02-18,INTERNET CHARGES,127.75,Debit,2025,2,18,1,2025-02,Utilities,4,False,-0.5002507359146036
2025-02-25,H&M STORE 42,26.68,Debit,2025,2,25,1,2025-02,Shopping,4,False,-0.44751461429489675
2025-03-23,CINEMA CITY,14.72,Debit,2025,3,23,6,2025-03,Other,3,False,-0.45427588097362587
2025-03-25,Local Diner,14.56,Debit,2025,3,25,1,2025-03,Food,1,False,-0.48374553609720333
2025-01-04,LYFT RIDE PGH,49.27,Debit,2025,1,4,5,2025-01,Transport,3,False,-0.48498643250527207
2025-03-13,COSTCO WHOLESALE,111.33,Debit,2025,3,13,3,2025-03,Other,3,False,-0.41910747215466393
2025-11-01,GAS COMPANY,161.87,Debit,2025,11,1,5,2025-11,Other,0,True,-0.6631681320887726
2025-03-28,STEAM PURCHASE,45.94,Debit,2025,3,28,4,2025-03,Other,3,False,-0.41282727361874716
2025-03-10,COSTCO WHOLESALE,120.23,Debit,2025,3,10,0,2025-03,Other,4,False,-0.47059274633809484
2025-03-11,ZARA MALL 09,175.45,Debit,2025,3,11,1,2025-03,Shopping,4,False,-0.4830535214322943
2025-01-21,INTERNET CHARGES,92.2,Debit,2025,1,21,1,2025-01,Utilities,4,False,-0.5101014298507718
2025-03-01,INTERNET CHARGES,175.95,Debit,2025,3,1,5,2025-03,Utilities,3,False,-0.5371955653940944
2025-02-24,Netflix.com,39.0,Debit,2025,2,24,0,2025-02,Entertainment,1,False,-0.5030982885370144
2025-03-07,PAYPAL *SPOTIFY,59.74,Debit,2025,3,7,4,2025-03,Entertainment,1,False,-0.5078988753551783
2025-02-11,COSTCO WHOLESALE,25.85,Debit,2025,2,11,1,2025-02,Other,4,False,-0.4171496017281809
2025-02-17,H&M STORE 42,195.51,Debit,2025,2,17,0,2025-02,Shopping,4,False,-0.5248090926371622
2025-01-15,Netflix.com Subscription,15.99,Debit,2025,1,15,2,2025-01,Entertainment,1,False,-0.5215900615181135
2025-03-27,Local Diner,26.81,Debit,2025,3,27,3,2025-03,Food,1,False,-0.46514544132696256
2025-03-04,WM SUPERCENTER #382,97.13,Debit,2025,3,4,1,2025-03,Other,4,False,-0.42992109880657875
2025-01-11,WATER BILL,61.12,Debit,2025,1,11,5,2025-01,Utilities,3,False,-0.5216716394938685
2025-01-06,SPAR HYPERMARKET,147.63,Debit,2025,1,6,0,2025-01,Other,4,False,-0.5215198678924098
2025-03-31,METRO TICKET,25.69,Debit,2025,3,31,0,2025-03,Other,4,False,-0.4500721339493256
2025-02-08,INTERNET CHARGES,111.02,Debit,2025,2,8,5,2025-02,Utilities,3,False,-0.4981715126403815
2025-03-10,LYFT RIDE PGH,16.5,Debit,2025,3,10,0,2025-03,Transport,4,False,-0.5095061222574881
2025-01-02,H&M STORE 42,209.14,Debit,2025,1,2,3,2025-01,Shopping,3,False,-0.4943582611034188
2025-03-19,METRO TICKET,9.81,Debit,2025,3,19,2,2025-03,Other,4,False,-0.42228663687134593
2025-01-07,WM SUPERCENTER #382,32.58,Debit,2025,1,7,1,2025-01,Other,4,False,-0.43616345474537427
2025-02-27,WM SUPERCENTER #382,138.23,Debit,2025,2,27,3,2025-02,Other,3,False,-0.4262426393364728
2025-02-14,Dominos Pizza,17.86,Debit,2025,2,14,4,2025-02,Other,3,False,-0.41446204850185786
2025-03-28,PAYPAL *SPOTIFY,76.6,Debit,2025,3,28,4,2025-03,Entertainment,1,False,-0.5307142173047911
2025-01-31,AMAZON MKTP US*2R9,197.45,Debit,2025,1,31,4,2025-01,Shopping,3,False,-0.4924911352800866
2025-01-31,APPLE STORE #R1234,94.47,Debit,2025,1,31,4,2025-01,Shopping,3,False,-0.46093905631478826
2025-03-17,LYFT RIDE PGH,8.37,Debit,2025,3,17,0,2025-03,Transport,4,False,-0.5295758609682143
2025-02-28,ZARA MALL 09,173.37,Debit,2025,2,28,4,2025-02,Shopping,3,False,-0.46615680938330784
2025-01-02,SHELL STATION #221,36.03,Debit,2025,1,2,3,2025-01,Other,3,False,-0.42227560986760754
2025-02-17,LOCAL GROCERY MART,125.14,Debit,2025,2,17,0,2025-02,Other,4,False,-0.4686488469483629
2025-01-16,SPAR HYPERMARKET,111.08,Debit,2025,1,16,3,2025-01,Other,3,False,-0.44241497953477815
2025-03-28,Starbucks Store 0032,14.52,Debit,2025,3,28,4,2025-03,Food,1,False,-0.4902617587740325
2025-02-23,GAS COMPANY,118.95,Debit,2025,2,23,6,2025-02,Other,3,False,-0.4698882700342625
2025-01-18,ELECTRIC BILL,78.67,Debit,2025,1,18,5,2025-01,Utilities,3,False,-0.523665175214839
2025-03-10,McDonalds #8492,9.49,Debit,2025,3,10,0,2025-03,Food,1,False,-0.5284406031161469
2025-02-10,Starbucks Store 0032,34.37,Debit,2025,2,10,0,2025-02,Food,1,False,-0.4990209136623844
2025-01-05,INTERNET CHARGES,162.69,Debit,2025,1,5,6,2025-01,Utilities,3,False,-0.5627636114585067
2025-01-10,YELLOW CAB CO,51.91,Debit,2025,1,10,4,2025-01,Transport,3,False,-0.48728862419964586
2025-02-02,METRO TICKET,58.3,Debit,2025,2,2,6,2025-02,Other,3,False,-0.44574096230068544
2025-03-28,GAS COMPANY,165.41,Debit,2025,3,28,4,2025-03,Other,3,False,-0.4719713370452661
2025-02-14,WATER BILL,162.91,Debit,2025,2,14,4,2025-02,Utilities,3,False,-0.5099373481352606
2025-04-02,METRO TICKET,55.08,Debit,2025,4,2,2,2025-04,Other,4,False,-0.4629349392541479
2025-02-18,ZARA MALL 09,68.68,Debit,2025,2,18,1,2025-02,Shopping,4,False,-0.4493847759713279
2025-01-19,UBER TRIP 284922 CA,10.4,Debit,2025,1,19,6,2025-01,Transport,3,False,-0.5420610684881004
2025-01-28,GAS COMPANY,98.78,Debit,2025,1,28,1,2025-01,Other,4,False,-0.453329112512261
2025-03-27,PAYPAL *SPOTIFY,34.22,Debit,2025,3,27,3,2025-03,Entertainment,1,False,-0.4872464121379214
2025-02-25,Local Diner,27.25,Debit,2025,2,25,1,2025-02,Food,1,False,-0.46574746537110306
2025-02-13,Netflix.com,25.9,Debit,2025,2,13,3,2025-02,Entertainment,1,False,-0.4915131922537801
2025-03-09,INTERNET CHARGES,103.52,Debit,2025,3,9,6,2025-03,Utilities,3,False,-0.5125354675300969
2025-02-26,WM SUPERCENTER #382,99.75,Debit,2025,2,26,2,2025-02,Other,4,False,-0.41649819175948605
2025-01-27,ZARA MALL 09,181.42,Debit,2025,1,27,0,2025-01,Shopping,4,False,-0.5443571221199317
2025-03-20,SPAR HYPERMARKET,142.38,Debit,2025,3,20,3,2025-03,Other,3,False,-0.4357630945145979
2025-01-17,Dominos Pizza,38.79,Debit,2025,1,17,4,2025-01,Other,3,False,-0.4171538264987209
2025-01-17,SHELL STATION #221,18.67,Debit,2025,1,17,4,2025-01,Other,3,False,-0.42470574076437156
2025-02-17,APPLE STORE #R1234,70.8,Debit,2025,2,17,0,2025-02,Shopping,4,False,-0.4921369460187668
2025-03-12,CINEMA CITY,33.33,Debit,2025,3,12,2,2025-03,Other,4,False,-0.400735130619318
2025-03-20,H&M STORE 42,83.15,Debit,2025,3,20,3,2025-03,Shopping,3,False,-0.43554665040648444
2025-01-07,STEAM PURCHASE,20.28,Debit,2025,1,7,1,2025-01,Other,4,False,-0.4451218209162902
2025-01-31,KFC Outlet 22,25.02,Debit,2025,1,31,4,2025-01,Other,3,False,-0.42139718308646723
2025-02-15,McDonalds #8492,28.87,Debit,2025,2,15,5,2025-02,Food,1,False,-0.48282216244900344
2025-02-13,WM SUPERCENTER #382,86.79,Debit,2025,2,13,3,2025-02,Other,3,False,-0.40857673666131405
2025-03-01,STEAM PURCHASE,53.48,Debit,2025,3,1,5,2025-03,Other,3,False,-0.41179422875358457
2025-03-02,Netflix.com,14.57,Debit,2025,3,2,6,2025-03,Entertainment,1,False,-0.5398301200575796
2025-03-02,UBER TRIP 284922 CA,14.59,Debit,2025,3,2,6,2025-03,Transport,3,False,-0.5020972774645601
2025-03-25,STEAM PURCHASE,23.87,Debit,2025,3,25,1,2025-03,Other,4,False,-0.4192619721596187
2025-03-30,PAYPAL *SPOTIFY,59.33,Debit,2025,3,30,6,2025-03,Entertainment,1,False,-0.5235216175983529
2025-01-18,Starbucks Store 0032,38.12,Debit,2025,1,18,5,2025-01,Food,1,False,-0.5175735911643049
2025-03-28,GAS COMPANY,79.78,Debit,2025,3,28,4,2025-03,Other,3,False,-0.4196421448791646
2025-03-25,WATER BILL,85.01,Debit,2025,3,25,1,2025-03,Utilities,4,False,-0.509707410358488
2025-03-23,LOCAL GROCERY MART,45.33,Debit,2025,3,23,6,2025-03,Other,3,False,-0.4366289989577849
2025-02-13,Starbucks Store 0032,25.59,Debit,2025,2,13,3,2025-02,Food,1,False,-0.45632671193443947
2025-01-15,ELECTRIC BILL,156.03,Debit,2025,1,15,2,2025-01,Utilities,4,False,-0.5123326070605335
2025-03-11,CINEMA CITY,54.22,Debit,2025,3,11,1,2025-03,Other,4,False,-0.40984947164663504
2025-01-04,Starbucks Store 0032,12.65,Debit,2025,1,4,5,2025-01,Food,1,False,-0.527834470002363
2025-01-13,CINEMA CITY,38.73,Debit,2025,1,13,0,2025-01,Other,4,False,-0.4795434331796579
2025-03-02,INTERNET CHARGES,45.13,Debit,2025,3,2,6,2025-03,Utilities,3,False,-0.5116099847411749
2025-01-10,ELECTRIC BILL,99.32,Debit,2025,1,10,4,2025-01,Utilities,3,False,-0.5150576091529304
2025-02-13,WATER BILL,156.25,Debit,2025,2,13,3,2025-02,Utilities,3,False,-0.4952845177481713
2025-01-17,SHELL STATION #221,21.03,Debit,2025,1,17,4,2025-01,Other,3,False,-0.42222135797604216
2025-03-28,Local Diner,25.17,Debit,2025,3,28,4,2025-03,Food,1,False,-0.48497969738789665
2025-03-16,STEAM PURCHASE,72.64,Debit,2025,3,16,6,2025-03,Other,3,False,-0.44777238025337834
2025-03-05,Dominos Pizza,23.76,Debit,2025,3,5,2,2025-03,Other,4,False,-0.4056270647762677
2025-03-22,YELLOW CAB CO,59.87,Debit,2025,3,22,5,2025-03,Transport,3,False,-0.4715766303089895
2025-03-22,Netflix.com,24.48,Debit,2025,3,22,5,2025-03,Entertainment,1,False,-0.519196814497864
2025-02-11,AMAZON MKTP US*2R9,217.28,Debit,2025,2,11,1,2025-02,Shopping,4,False,-0.5066380889912212
2025-03-19,WATER BILL,61.4,Debit,2025,3,19,2,2025-03,Utilities,4,False,-0.4945348023198568
2025-03-11,Netflix.com,79.99,Debit,2025,3,11,1,2025-03,Entertainment,1,False,-0.5116546399580153
2025-02-26,H&M STORE 42,47.93,Debit,2025,2,26,2,2025-02,Shopping,4,False,-0.42986452067182684
2025-03-03,LYFT RIDE PGH,31.66,Debit,2025,3,3,0,2025-03,Transport,4,False,-0.49851897199715944
2025-03-08,CINEMA CITY,52.35,Debit,2025,3,8,5,2025-03,Other,3,False,-0.41167421828652095
2025-01-21,METRO TICKET,59.79,Debit,2025,1,21,1,2025-01,Other,4,False,-0.44108046693229636
2025-02-24,STEAM PURCHASE,51.71,Debit,2025,2,24,0,2025-02,Other,4,False,-0.45870752173486057
2025-03-03,CINEMA CITY,60.17,Debit,2025,3,3,0,2025-03,Other,4,False,-0.4605532501158821
2025-02-20,Dominos Pizza,21.0,Debit,2025,2,20,3,2025-02,Other,3,False,-0.40614509321496367
2025-02-13,SPAR HYPERMARKET,74.84,Debit,2025,2,13,3,2025-02,Other,3,False,-0.40843558613575154
2025-04-01,INTERNET CHARGES,50.93,Debit,2025,4,1,1,2025-04,Utilities,4,False,-0.5486406677590148
2025-01-07,COSTCO WHOLESALE,70.32,Debit,2025,1,7,1,2025-01,Other,4,False,-0.4448321205595623
2025-01-28,AMAZON MKTP US*2R9,153.21,Debit,2025,1,28,1,2025-01,Shopping,4,False,-0.49974251830534794
2025-09-01,LYFT RIDE PGH,22.3,Debit,2025,9,1,0,2025-09,Transport,0,True,-0.6231967557269108
2025-02-01,Netflix.com,58.2,Debit,2025,2,1,5,2025-02,Entertainment,1,False,-0.5231150585925327
2025-02-25,METRO TICKET,54.18,Debit,2025,2,25,1,2025-02,Other,4,False,-0.4122173980836971
2025-03-01,YELLOW CAB CO,47.88,Debit,2025,3,1,5,2025-03,Transport,3,False,-0.4667172705938241
2025-01-25,AMAZON MKTP US*2R9,238.27,Debit,2025,1,25,5,2025-01,Shopping,3,False,-0.5322339328690054
2025-03-30,WATER BILL,66.82,Debit,2025,3,30,6,2025-03,Utilities,3,False,-0.5108007126808085
2025-03-14,ELECTRIC BILL,51.75,Debit,2025,3,14,4,2025-03,Utilities,3,False,-0.4922479647985777
2025-02-02,CINEMA CITY,76.66,Debit,2025,2,2,6,2025-02,Other,3,False,-0.4587757952067527
2025-03-21,ELECTRIC BILL,125.26,Debit,2025,3,21,4,2025-03,Utilities,3,False,-0.5041143804248195
2025-03-15,CINEMA CITY,54.88,Debit,2025,3,15,5,2025-03,Other,3,False,-0.4124096994036533
2025-01-07,CINEMA CITY,51.23,Debit,2025,1,7,1,2025-01,Other,4,False,-0.43479751840536457
2025-01-29,UBER TRIP 284922 CA,42.32,Debit,2025,1,29,2,2025-01,Transport,4,False,-0.4774219052508668
2025-03-25,H&M STORE 42,49.66,Debit,2025,3,25,1,2025-03,Shopping,4,False,-0.44614886596152376
2025-03-27,YELLOW CAB CO,20.41,Debit,2025,3,27,3,2025-03,Transport,3,False,-0.4750248268346717
2025-01-31,ZARA MALL 09,48.03,Debit,2025,1,31,4,2025-01,Shopping,3,False,-0.4631443056290868
2025-03-18,Netflix.com,45.84,Debit,2025,3,18,1,2025-03,Entertainment,1,False,-0.47170232474944573
2025-02-21,APPLE STORE #R1234,211.76,Debit,2025,2,21,4,2025-02,Shopping,3,False,-0.4809310457353913
2025-12-02,Netflix.com,31.74,Debit,2025,12,2,1,2025-12,Entertainment,0,True,-0.6830437608479062
2025-03-24,KFC Outlet 22,35.59,Debit,2025,3,24,0,2025-03,Other,4,False,-0.44971559539769046
2025-03-10,ELECTRIC BILL,110.36,Debit,2025,3,10,0,2025-03,Utilities,4,False,-0.5379559740990585
2025-01-29,GAS COMPANY,103.07,Debit,2025,1,29,2,2025-01,Other,4,False,-0.4464950207139377
2025-01-16,Dominos Pizza,10.36,Debit,2025,1,16,3,2025-01,Other,3,False,-0.44971367222445563
2025-01-08,ELECTRIC BILL,68.62,Debit,2025,1,8,2,2025-01,Utilities,4,False,-0.5014948148948427
2025-03-26,GAS COMPANY,49.74,Debit,2025,3,26,2,2025-03,Other,4,False,-0.3992935890824407
2025-02-27,PAYPAL *SPOTIFY,46.45,Debit,2025,2,27,3,2025-02,Entertainment,1,False,-0.4786936928071531
2025-01-28,YELLOW CAB CO,13.31,Debit,2025,1,28,1,2025-01,Transport,4,False,-0.5115092747628789
2025-03-20,Dominos Pizza,22.75,Debit,2025,3,20,3,2025-03,Other,3,False,-0.4075040845891287
2025-03-22,Local Diner,34.46,Debit,2025,3,22,5,2025-03,Food,1,False,-0.4885678999945493
2025-02-26,AMAZON MKTP US*2R9,184.12,Debit,2025,2,26,2,2025-02,Shopping,4,False,-0.46207880999105383
2025-01-04,SPAR HYPERMARKET,73.26,Debit,2025,1,4,5,2025-01,Other,3,False,-0.44900506424047365
2025-03-31,STEAM PURCHASE,50.29,Debit,2025,3,31,0,2025-03,Other,4,False,-0.4513313649764676
2025-02-08,YELLOW CAB CO,44.65,Debit,2025,2,8,5,2025-02,Transport,3,False,-0.46505366979290097
2025-02-05,METRO TICKET,20.99,Debit,2025,2,5,2,2025-02,Other,4,False,-0.41013814552505207
2025-02-02,UBER TRIP 284922 CA,44.86,Debit,2025,2,2,6,2025-02,Transport,3,False,-0.4898305182503822
2025-01-18,YELLOW CAB CO,23.05,Debit,2025,1,18,5,2025-01,Transport,3,False,-0.5000566349659518
2025-03-06,SPAR HYPERMARKET,145.78,Debit,2025,3,6,3,2025-03,Other,3,False,-0.4408458416335844
2025-01-01,KFC Outlet 22,31.15,Debit,2025,1,1,2,2025-01,Other,4,False,-0.43421680887868275
2025-03-11,WM SUPERCENTER #382,102.18,Debit,2025,3,11,1,2025-03,Other,4,False,-0.43386720687563896
2025-02-10,YELLOW CAB CO,46.18,Debit,2025,2,10,0,2025-02,Transport,4,False,-0.5035401302231438
2025-01-04,LOCAL GROCERY MART,139.41,Debit,2025,1,4,5,2025-01,Other,3,False,-0.47988526251646146
2025-03-27,H&M STORE 42,186.56,Debit,2025,3,27,3,2025-03,Shopping,3,False,-0.46210537479909697
2025-08-02,Netflix.com,11.31,Debit,2025,8,2,5,2025-08,Entertainment,0,True,-0.6477948753199091
2025-03-02,APPLE STORE #R1234,125.11,Debit,2025,3,2,6,2025-03,Shopping,3,False,-0.484676780495135
2025-01-15,PAYPAL *SPOTIFY,9.36,Debit,2025,1,15,2,2025-01,Entertainment,1,False,-0.5348150422447142
2025-03-11,SHELL STATION #221,55.76,Debit,2025,3,11,1,2025-03,Other,4,False,-0.4130547917123599
2025-01-03,ZARA MALL 09,201.36,Debit,2025,1,3,4,2025-01,Shopping,3,False,-0.49152866788249594
2025-01-31,LOCAL GROCERY MART,37.42,Debit,2025,1,31,4,2025-01,Other,3,False,-0.4180014081117706
2025-01-07,Dominos Pizza,15.22,Debit,2025,1,7,1,2025-01,Other,4,False,-0.4534499759893732
2025-03-11,INTERNET CHARGES,164.79,Debit,2025,3,11,1,2025-03,Utilities,4,False,-0.535355319893179
2025-01-17,METRO TICKET,35.69,Debit,2025,1,17,4,2025-01,Other,3,False,-0.4181815804879805
2025-02-18,GAS COMPANY,40.83,Debit,2025,2,18,1,2025-02,Other,4,False,-0.4094821752297753
2025-02-02,PAYPAL *SPOTIFY,9.01,Debit,2025,2,2,6,2025-02,Entertainment,1,False,-0.5517774716470163
2025-02-22,SHELL STATION #221,48.3,Debit,2025,2,22,5,2025-02,Other,3,False,-0.4173243367734566
2025-02-08,H&M STORE 42,216.29,Debit,2025,2,8,5,2025-02,Shopping,3,False,-0.49811166345772284
2025-02-02,McDonalds #8492,34.22,Debit,2025,2,2,6,2025-02,Food,1,False,-0.5006555972386078
2025-03-31,ZARA MALL 09,231.95,Debit,2025,3,31,0,2025-03,Shopping,4,False,-0.5594592545571756
2025-03-29,WM SUPERCENTER #382,86.28,Debit,2025,3,29,5,2025-03,Other,3,False,-0.43490036138753996
2025-01-11,CINEMA CITY,48.24,Debit,2025,1,11,5,2025-01,Other,3,False,-0.43932776893192554
2025-01-22,Netflix.com,28.43,Debit,2025,1,22,2,2025-01,Entertainment,1,False,-0.5110108456609921
2025-03-05,LOCAL GROCERY MART,87.17,Debit,2025,3,5,2,2025-03,Other,4,False,-0.41626308612422214
2025-03-21,COSTCO WHOLESALE,140.72,Debit,2025,3,21,4,2025-03,Other,3,False,-0.45119250779351144
2025-02-23,KFC Outlet 22,16.58,Debit,2025,2,23,6,2025-02,Other,3,False,-0.45323172410596624
2025-03-12,AMAZON MKTP US*2R9,147.02,Debit,2025,3,12,2,2025-03,Shopping,4,False,-0.45807392222214005
2025-02-27,PAYPAL *SPOTIFY,79.74,Debit,2025,2,27,3,2025-02,Entertainment,1,False,-0.5057924305379569
2025-01-21,LYFT RIDE PGH,53.83,Debit,2025,1,21,1,2025-01,Transport,4,False,-0.48991452565376864
2025-01-03,LOCAL GROCERY MART,46.48,Debit,2025,1,3,4,2025-01,Other,3,False,-0.4223770711454075
2025-08-01,KFC Outlet 22,34.66,Debit,2025,8,1,4,2025-08,Other,0,False,-0.5744670054974098
2025-02-20,CINEMA CITY,8.58,Debit,2025,2,20,3,2025-02,Other,3,False,-0.42193203808036706
2025-02-16,ELECTRIC BILL,150.7,Debit,2025,2,16,6,2025-02,Utilities,3,False,-0.546892700184996
2025-03-16,STEAM PURCHASE,14.55,Debit,2025,3,16,6,2025-03,Other,3,False,-0.45396862808256355
2025-03-28,COSTCO WHOLESALE,88.9,Debit,2025,3,28,4,2025-03,Other,3,False,-0.42728018590564126
2025-05-02,Netflix.com,45.2,Debit,2025,5,2,4,2025-05,Entertainment,1,True,-0.6027317990274664
2025-03-03,AMAZON MKTP US*2R9,209.09,Debit,2025,3,3,0,2025-03,Shopping,4,False,-0.53903761804317
2025-01-06,INTERNET CHARGES,104.13,Debit,2025,1,6,0,2025-01,Utilities,4,False,-0.540366385603194
2025-02-13,LOCAL GROCERY MART,127.57,Debit,2025,2,13,3,2025-02,Other,3,False,-0.4185479966763997
2025-03-21,CINEMA CITY,68.66,Debit,2025,3,21,4,2025-03,Other,3,False,-0.4183106715980749
2025-01-10,H&M STORE 42,135.98,Debit,2025,1,10,4,2025-01,Shopping,3,False,-0.465598980426266
2025-03-30,Netflix.com,50.98,Debit,2025,3,30,6,2025-03,Entertainment,1,False,-0.5183738366157651
2025-01-14,ELECTRIC BILL,79.91,Debit,2025,1,14,1,2025-01,Utilities,4,False,-0.5156438409953523
2025-01-02,Netflix.com,49.23,Debit,2025,1,2,3,2025-01,Entertainment,1,False,-0.518539580431738
2025-03-26,PAYPAL *SPOTIFY,32.0,Debit,2025,3,26,2,2025-03,Entertainment,1,False,-0.4788643643874213
2025-03-28,YELLOW CAB CO,19.68,Debit,2025,3,28,4,2025-03,Transport,3,False,-0.4782828330888355
2025-02-24,AMAZON MKTP US*2R9,161.41,Debit,2025,2,24,0,2025-02,Shopping,4,False,-0.4940740788029999
2025-02-27,YELLOW CAB CO,56.38,Debit,2025,2,27,3,2025-02,Transport,3,False,-0.4504072728215882
2025-02-11,LOCAL GROCERY MART,28.23,Debit,2025,2,11,1,2025-02,Other,4,False,-0.41782144349460903
2025-01-14,APPLE STORE #R1234,136.7,Debit,2025,1,14,1,2025-01,Shopping,4,False,-0.4887423906645577
2025-03-15,SHELL STATION #221,32.58,Debit,2025,3,15,5,2025-03,Other,3,False,-0.41720400425301657
2025-03-18,APPLE STORE #R1234,231.87,Debit,2025,3,18,1,2025-03,Shopping,4,False,-0.5256683930623806
2025-05-03,SPAR HYPERMARKET,55.5,Debit,2025,5,3,5,2025-05,Other,3,False,-0.5206306214553919
2025-02-14,COSTCO WHOLESALE,61.31,Debit,2025,2,14,4,2025-02,Other,3,False,-0.4145758922862531
2025-03-29,Netflix.com,54.51,Debit,2025,3,29,5,2025-03,Entertainment,1,False,-0.506160206658073
2025-03-17,SHELL STATION #221,16.02,Debit,2025,3,17,0,2025-03,Other,4,False,-0.4588277120440494
2025-02-02,STEAM PURCHASE,23.41,Debit,2025,2,2,6,2025-02,Other,3,False,-0.45114359137557913
2025-01-24,TARGET T-2812,98.6,Debit,2025,1,24,4,2025-01,Shopping,3,False,-0.4643672552220299
2025-02-20,Local Diner,32.82,Debit,2025,2,20,3,2025-02,Food,1,False,-0.4570350745898641
2025-02-26,UBER TRIP 284922 CA,29.36,Debit,2025,2,26,2,2025-02,Transport,4,False,-0.4614172125149437
2025-03-01,H&M STORE 42,28.65,Debit,2025,3,1,5,2025-03,Shopping,3,False,-0.4536445479110152
2025-01-26,WATER BILL,63.04,Debit,2025,1,26,6,2025-01,Utilities,3,False,-0.5467898435951236
2025-02-03,Dominos Pizza,9.33,Debit,2025,2,3,0,2025-02,Other,4,False,-0.4732683877489034
2025-02-07,Local Diner,18.12,Debit,2025,2,7,4,2025-02,Food,1,False,-0.476390761921464
2025-02-08,APPLE STORE #R1234,186.26,Debit,2025,2,8,5,2025-02,Shopping,3,False,-0.48431681431033063
2025-01-13,KFC Outlet 22,16.56,Debit,2025,1,13,0,2025-01,Other,4,False,-0.49601048151862004
2025-03-08,Dominos Pizza,29.04,Debit,2025,3,8,5,2025-03,Other,3,False,-0.4187482012058941
2025-03-01,SHELL STATION #221,39.74,Debit,2025,3,1,5,2025-03,Other,3,False,-0.4169151736011793
2025-03-19,GAS COMPANY,55.57,Debit,2025,3,19,2,2025-03,Other,4,False,-0.3981441720477261
2025-03-20,SPAR HYPERMARKET,56.03,Debit,2025,3,20,3,2025-03,Other,3,False,-0.40052070711495324
2025-01-10,KFC Outlet 22,17.72,Debit,2025,1,10,4,2025-01,Other,3,False,-0.4250275877736791
2025-01-02,KFC Outlet 22,25.61,Debit,2025,1,2,3,2025-01,Other,3,False,-0.4238854103367817
2025-02-12,LYFT RIDE PGH,49.01,Debit,2025,2,12,2,2025-02,Transport,4,False,-0.4547405454516821
2025-01-17,WM SUPERCENTER #382,138.37,Debit,2025,1,17,4,2025-01,Other,3,False,-0.4569986952658786
2025-03-01,COSTCO WHOLESALE,67.52,Debit,2025,3,1,5,2025-03,Other,3,False,-0.4294055536461677
2025-07-03,WM SUPERCENTER #382,107.21,Debit,2025,7,3,3,2025-07,Other,0,False,-0.5678612541471596
2025-01-05,ZARA MALL 09,69.97,Debit,2025,1,5,6,2025-01,Shopping,3,False,-0.5034738014005247
2025-03-15,METRO TICKET,17.74,Debit,2025,3,15,5,2025-03,Other,3,False,-0.4215446566693866
2025-01-15,PAYPAL *SPOTIFY,77.46,Debit,2025,1,15,2,2025-01,Entertainment,1,False,-0.5363115794097605
2025-01-15,UBER TRIP 284922 CA,14.85,Debit,2025,1,15,2,2025-01,Transport,4,False,-0.4982951105664152
2025-02-27,WATER BILL,144.11,Debit,2025,2,27,3,2025-02,Utilities,3,False,-0.48425633217609965
2025-03-06,Dominos Pizza,34.23,Debit,2025,3,6,3,2025-03,Other,3,False,-0.4022403968352402
2025-01-02,APPLE STORE #R1234,49.11,Debit,2025,1,2,3,2025-01,Shopping,3,False,-0.4537365763497768
2025-01-14,KFC Outlet 22,9.69,Debit,2025,1,14,1,2025-01,Other,4,False,-0.4605654342676043
2025-01-20,Netflix.com,41.8,Debit,2025,1,20,0,2025-01,Entertainment,1,False,-0.5499240505021623
2025-02-02,ZARA MALL 09,46.66,Debit,2025,2,2,6,2025-02,Shopping,3,False,-0.46646049286372676
2025-01-16,CINEMA CITY,44.51,Debit,2025,1,16,3,2025-01,Other,3,False,-0.41939016595398493
2025-02-06,TARGET T-2812,118.87,Debit,2025,2,6,3,2025-02,Shopping,3,False,-0.4313876643654807
2025-03-23,WATER BILL,147.49,Debit,2025,3,23,6,2025-03,Utilities,3,False,-0.5327351071732579
2025-01-10,SHELL STATION #221,40.93,Debit,2025,1,10,4,2025-01,Other,3,False,-0.4170522397677945
2025-02-26,LOCAL GROCERY MART,124.54,Debit,2025,2,26,2,2025-02,Other,4,False,-0.41940316419192447
2025-03-28,SHELL STATION #221,38.53,Debit,2025,3,28,4,2025-03,Other,3,False,-0.4109300776533554
2025-01-31,SPAR HYPERMARKET,119.22,Debit,2025,1,31,4,2025-01,Other,3,False,-0.44411872757365695
2025-02-05,PAYPAL *SPOTIFY,77.16,Debit,2025,2,5,2,2025-02,Entertainment,1,False,-0.5068609364589642
2025-03-30,CINEMA CITY,10.08,Debit,2025,3,30,6,2025-03,Other,3,False,-0.4710910041417112
2025-03-20,WM SUPERCENTER #382,81.93,Debit,2025,3,20,3,2025-03,Other,3,False,-0.4076207600902894
2025-03-01,ACH DEPOSIT SALARY,3500.0,Credit,2025,3,1,5,2025-03,Income,2,True,-0.7281723435050573
2025-02-12,PAYPAL *SPOTIFY,11.19,Debit,2025,2,12,2,2025-02,Entertainment,1,False,-0.5025979707114527
2025-01-05,LOCAL GROCERY MART,116.54,Debit,2025,1,5,6,2025-01,Other,3,False,-0.4999890674421532
2025-11-02,ZARA MALL 09,168.56,Debit,2025,11,2,6,2025-11,Shopping,0,True,-0.6787070199927802
2025-03-12,COSTCO WHOLESALE,58.13,Debit,2025,3,12,2,2025-03,Other,4,False,-0.40282946733979624
2025-01-23,APPLE STORE #R1234,241.38,Debit,2025,1,23,3,2025-01,Shopping,3,False,-0.5141132450799023
2025-01-28,SHELL STATION #221,26.35,Debit,2025,1,28,1,2025-01,Other,4,False,-0.43547598806757765
2025-02-01,ACH DEPOSIT SALARY,3500.0,Credit,2025,2,1,5,2025-02,Income,2,True,-0.7286173366189392
2025-01-16,METRO TICKET,14.93,Debit,2025,1,16,3,2025-01,Other,3,False,-0.4395216197123367
2025-11-01,CINEMA CITY,12.87,Debit,2025,11,1,5,2025-11,Other,0,True,-0.6462099566941854
2025-01-16,LOCAL GROCERY MART,81.2,Debit,2025,1,16,3,2025-01,Other,3,False,-0.4345356807978876
2025-02-24,WATER BILL,170.05,Debit,2025,2,24,0,2025-02,Utilities,4,False,-0.5425896013622403
2025-03-29,APPLE STORE #R1234,205.27,Debit,2025,3,29,5,2025-03,Shopping,3,False,-0.5023172334302147
2025-06-02,SPAR HYPERMARKET,112.07,Debit,2025,6,2,0,2025-06,Other,4,True,-0.5917093246634898
2025-03-26,PAYPAL *SPOTIFY,53.23,Debit,2025,3,26,2,2025-03,Entertainment,1,False,-0.4693133627668536
2025-01-27,INTERNET CHARGES,68.5,Debit,2025,1,27,0,2025-01,Utilities,4,False,-0.5466576818582966
2025-02-07,CINEMA CITY,37.92,Debit,2025,2,7,4,2025-02,Other,3,False,-0.40803389864452466
2025-03-04,STEAM PURCHASE,65.09,Debit,2025,3,4,1,2025-03,Other,4,False,-0.42484024658511305
2025-01-10,WM SUPERCENTER #382,65.26,Debit,2025,1,10,4,2025-01,Other,3,False,-0.42985147130270807
2025-01-06,Netflix.com,76.37,Debit,2025,1,6,0,2025-01,Entertainment,1,True,-0.5801453299405517
2025-03-22,APPLE STORE #R1234,223.65,Debit,2025,3,22,5,2025-03,Shopping,3,False,-0.5170589660177596
2025-02-03,PAYPAL *SPOTIFY,44.55,Debit,2025,2,3,0,2025-02,Entertainment,1,False,-0.5007379428729881
2025-03-07,METRO TICKET,12.73,Debit,2025,3,7,4,2025-03,Other,3,False,-0.4329897886448535
2025-01-06,INTERNET CHARGES,114.58,Debit,2025,1,6,0,2025-01,Utilities,4,False,-0.5399404170589559
2025-03-30,COSTCO WHOLESALE,113.3,Debit,2025,3,30,6,2025-03,Other,3,False,-0.47122218878199557
2025-01-27,Local Diner,24.22,Debit,2025,1,27,0,2025-01,Food,1,False,-0.5329625176581123
2025-03-27,ZARA MALL 09,183.19,Debit,2025,3,27,3,2025-03,Shopping,3,False,-0.46049970469953994
2025-02-03,Local Diner,29.25,Debit,2025,2,3,0,2025-02,Food,1,False,-0.499548650801138
2025-02-21,CINEMA CITY,44.03,Debit,2025,2,21,4,2025-02,Other,3,False,-0.40954801135471214
2025-01-11,ZARA MALL 09,232.52,Debit,2025,1,11,5,2025-01,Shopping,3,False,-0.528920168017267
2025-01-14,CINEMA CITY,64.17,Debit,2025,1,14,1,2025-01,Other,4,False,-0.44408494284284566
2025-02-12,Starbucks Store 0032,23.0,Debit,2025,2,12,2,2025-02,Food,1,False,-0.46113505210465755
2025-01-29,Starbucks Store 0032,21.15,Debit,2025,1,29,2,2025-01,Food,1,False,-0.48873516675265694
2025-03-28,STEAM PURCHASE,28.57,Debit,2025,3,28,4,2025-03,Other,3,False,-0.4125022448438829
2025-03-23,Netflix.com,14.61,Debit,2025,3,23,6,2025-03,Entertainment,1,False,-0.5398301200575796
2025-03-19,SHELL STATION #221,28.87,Debit,2025,3,19,2,2025-03,Other,4,False,-0.40349788231738803
2025-01-12,YELLOW CAB CO,53.84,Debit,2025,1,12,6,2025-01,Transport,3,False,-0.5128621129019864
2025-02-24,WATER BILL,136.57,Debit,2025,2,24,0,2025-02,Utilities,4,False,-0.5255289020468483
2025-03-25,APPLE STORE #R1234,152.86,Debit,2025,3,25,1,2025-03,Shopping,4,False,-0.4747005229751853
2025-01-11,ELECTRIC BILL,142.47,Debit,2025,1,11,5,2025-01,Utilities,3,False,-0.5292558210738144
2025-01-05,PAYPAL *SPOTIFY,38.09,Debit,2025,1,5,6,2025-01,Entertainment,1,False,-0.5769153247470459
2025-03-10,GAS COMPANY,139.22,Debit,2025,3,10,0,2025-03,Other,4,False,-0.48162544564992665
2025-03-13,KFC Outlet 22,26.22,Debit,2025,3,13,3,2025-03,Other,3,False,-0.405515991436833
2025-01-14,LOCAL GROCERY MART,147.8,Debit,2025,1,14,1,2025-01,Other,4,False,-0.49324075721620636
2025-03-23,LYFT RIDE PGH,40.29,Debit,2025,3,23,6,2025-03,Transport,3,False,-0.48351566330219925
2025-04-02,COSTCO WHOLESALE,119.37,Debit,2025,4,2,2,2025-04,Other,4,False,-0.4898213469383084
2025-03-18,Netflix.com,64.82,Debit,2025,3,18,1,2025-03,Entertainment,1,False,-0.496690455714173
2025-03-25,PAYPAL *SPOTIFY,43.66,Debit,2025,3,25,1,2025-03,Entertainment,1,False,-0.47231374461111464
2025-01-29,WATER BILL,167.18,Debit,2025,1,29,2,2025-01,Utilities,4,False,-0.518087162392544
2025-03-19,ELECTRIC BILL,118.57,Debit,2025,3,19,2,2025-03,Utilities,4,False,-0.4956590494770076
2025-01-13,H&M STORE 42,42.93,Debit,2025,1,13,0,2025-01,Shopping,4,False,-0.5136434957123149
2025-07-02,APPLE STORE #R1234,175.11,Debit,2025,7,2,2,2025-07,Shopping,0,True,-0.5955400448506544
2025-01-08,COSTCO WHOLESALE,89.84,Debit,2025,1,8,2,2025-01,Other,4,False,-0.44521976761360477
2025-03-02,TARGET T-2812,194.53,Debit,2025,3,2,6,2025-03,Shopping,3,False,-0.522394159104222
2025-01-14,STEAM PURCHASE,70.8,Debit,2025,1,14,1,2025-01,Other,4,False,-0.4462084258011772
2025-03-02,SHELL STATION #221,41.88,Debit,2025,3,2,6,2025-03,Other,3,False,-0.43758932098235404
2025-01-09,METRO TICKET,9.92,Debit,2025,1,9,3,2025-01,Other,3,False,-0.4487388167174072
2025-03-17,WATER BILL,73.94,Debit,2025,3,17,0,2025-03,Utilities,4,False,-0.5475803293767556
2025-02-21,SHELL STATION #221,56.0,Debit,2025,2,21,4,2025-02,Other,3,False,-0.41419846337963023
2025-03-18,STEAM PURCHASE,28.97,Debit,2025,3,18,1,2025-03,Other,4,False,-0.41634112764003434
2025-02-14,KFC Outlet 22,8.88,Debit,2025,2,14,4,2025-02,Other,3,False,-0.4280125910121491
2025-02-17,Netflix.com,44.43,Debit,2025,2,17,0,2025-02,Entertainment,1,False,-0.5007379428729881
2025-01-23,Local Diner,32.38,Debit,2025,1,23,3,2025-01,Food,1,False,-0.4914999146739495
2025-03-28,STEAM PURCHASE,77.64,Debit,2025,3,28,4,2025-03,Other,3,False,-0.41943249178961217
2025-01-10,COSTCO WHOLESALE,140.49,Debit,2025,1,10,4,2025-01,Other,3,False,-0.4590505804547725
2025-03-11,Netflix.com,77.77,Debit,2025,3,11,1,2025-03,Entertainment,1,False,-0.5109627511312249
2025-03-07,LOCAL GROCERY MART,27.28,Debit,2025,3,7,4,2025-03,Other,3,False,-0.41100440722183873
2025-03-03,TARGET T-2812,205.08,Debit,2025,3,3,0,2025-03,Shopping,4,False,-0.5361590405168859
2025-02-27,ELECTRIC BILL,74.71,Debit,2025,2,27,3,2025-02,Utilities,3,False,-0.4865141212950484
2025-03-29,Starbucks Store 0032,28.86,Debit,2025,3,29,5,2025-03,Food,1,False,-0.4912779137237826
2025-03-15,Local Diner,21.43,Debit,2025,3,15,5,2025-03,Food,1,False,-0.4930293269224636
2025-03-27,LOCAL GROCERY MART,143.75,Debit,2025,3,27,3,2025-03,Other,3,False,-0.43690812953961566
2025-02-16,COSTCO WHOLESALE,149.67,Debit,2025,2,16,6,2025-02,Other,3,False,-0.5060847957676263
2025-01-15,STEAM PURCHASE,50.03,Debit,2025,1,15,2,2025-01,Other,4,False,-0.43174077007824
2025-02-22,H&M STORE 42,86.29,Debit,2025,2,22,5,2025-02,Shopping,3,False,-0.45398928979011105
2025-02-25,SHELL STATION #221,55.36,Debit,2025,2,25,1,2025-02,Other,4,False,-0.4122173980836971
2025-02-14,TARGET T-2812,74.34,Debit,2025,2,14,4,2025-02,Shopping,3,False,-0.4487003299477116
2025-03-09,APPLE STORE #R1234,230.1,Debit,2025,3,9,6,2025-03,Shopping,3,False,-0.5520890315626448
2025-02-26,GAS COMPANY,147.72,Debit,2025,2,26,2,2025-02,Other,4,False,-0.44331561686210086
2025-03-06,COSTCO WHOLESALE,144.72,Debit,2025,3,6,3,2025-03,Other,3,False,-0.4379978546635309
2025-01-06,ELECTRIC BILL,51.37,Debit,2025,1,6,0,2025-01,Utilities,4,False,-0.551778760556122
2025-02-05,STEAM PURCHASE,53.13,Debit,2025,2,5,2,2025-02,Other,4,False,-0.40287449561758065
2025-01-22,METRO TICKET,33.25,Debit,2025,1,22,2,2025-01,Other,4,False,-0.43300469279519843
2025-01-24,KFC Outlet 22,23.12,Debit,2025,1,24,4,2025-01,Other,3,False,-0.42178322793761125
2025-03-15,PAYPAL *SPOTIFY,59.72,Debit,2025,3,15,5,2025-03,Entertainment,1,False,-0.5142314660416674
2025-02-27,ELECTRIC BILL,103.48,Debit,2025,2,27,3,2025-02,Utilities,3,False,-0.4786883583652205
2025-02-16,H&M STORE 42,104.17,Debit,2025,2,16,6,2025-02,Shopping,3,False,-0.47553844355605485
2025-02-19,Local Diner,37.43,Debit,2025,2,19,2,2025-02,Food,1,False,-0.4568311270197924
2025-03-26,McDonalds #8492,32.06,Debit,2025,3,26,2,2025-03,Food,1,False,-0.457913494430451
2025-02-02,WM SUPERCENTER #382,83.79,Debit,2025,2,2,6,2025-02,Other,3,False,-0.45921760465836825
2025-02-09,TARGET T-2812,33.32,Debit,2025,2,9,6,2025-02,Shopping,3,False,-0.46806506624921324
2025-02-14,SHELL STATION #221,54.54,Debit,2025,2,14,4,2025-02,Other,3,False,-0.41134846431790895
2025-02-02,LYFT RIDE PGH,17.02,Debit,2025,2,2,6,2025-02,Transport,3,False,-0.5057206829137881
2025-07-02,McDonalds #8492,19.15,Debit,2025,7,2,2,2025-07,Food,0,True,-0.5909608111094184
2025-03-17,PAYPAL *SPOTIFY,38.61,Debit,2025,3,17,0,2025-03,Entertainment,1,False,-0.5075582692508179
2025-03-27,H&M STORE 42,69.27,Debit,2025,3,27,3,2025-03,Shopping,3,False,-0.4377473456151008
2025-01-12,KFC Outlet 22,8.38,Debit,2025,1,12,6,2025-01,Other,3,False,-0.5016900856900763
2025-03-28,ZARA MALL 09,154.45,Debit,2025,3,28,4,2025-03,Shopping,3,False,-0.4755978524899973
2025-03-31,LYFT RIDE PGH,37.73,Debit,2025,3,31,0,2025-03,Transport,4,False,-0.4967616237276693
2025-02-27,AMAZON MKTP US*2R9,187.17,Debit,2025,2,27,3,2025-02,Shopping,3,False,-0.45102912041639087
2025-02-13,COSTCO WHOLESALE,87.03,Debit,2025,2,13,3,2025-02,Other,3,False,-0.40976752566491875
2025-10-02,APPLE STORE #R9999,2500.0,Debit,2025,10,2,3,2025-10,Shopping,2,True,-0.7217149891343487
2025-01-24,PAYPAL *SPOTIFY,20.6,Debit,2025,1,24,4,2025-01,Entertainment,1,False,-0.5445341319147846
2025-02-13,COSTCO WHOLESALE,145.69,Debit,2025,2,13,3,2025-02,Other,3,False,-0.4337415227591543
2025-03-02,UBER TRIP 284922 CA,37.33,Debit,2025,3,2,6,2025-03,Transport,3,False,-0.48312083815794626
2025-03-26,WATER BILL,168.34,Debit,2025,3,26,2,2025-03,Utilities,4,False,-0.5173834591575539
2025-02-26,Netflix.com,66.36,Debit,2025,2,26,2,2025-02,Entertainment,1,False,-0.4978345877364603
2025-02-14,APPLE STORE #R1234,111.93,Debit,2025,2,14,4,2025-02,Shopping,3,False,-0.4481483743835035
2025-03-16,WM SUPERCENTER #382,81.22,Debit,2025,3,16,6,2025-03,Other,3,False,-0.44967492169304046
2025-01-29,LYFT RIDE PGH,46.3,Debit,2025,1,29,2,2025-01,Transport,4,False,-0.4802358877465642
2025-02-06,H&M STORE 42,247.49,Debit,2025,2,6,3,2025-02,Shopping,3,False,-0.48771993545359504
2025-03-11,LOCAL GROCERY MART,101.46,Debit,2025,3,11,1,2025-03,Other,4,False,-0.43227807136816143
2025-08-02,ELECTRIC BILL,179.15,Debit,2025,8,2,5,2025-08,Utilities,0,True,-0.6652606302656697
2025-01-21,SPAR HYPERMARKET,25.41,Debit,2025,1,21,1,2025-01,Other,4,False,-0.43597911808518053
2025-03-13,ELECTRIC BILL,84.68,Debit,2025,3,13,3,2025-03,Utilities,3,False,-0.4917164421836813
2025-02-19,UBER TRIP 284922 CA,27.5,Debit,2025,2,19,2,2025-02,Transport,4,False,-0.46231475491993657
2025-02-25,H&M STORE 42,190.96,Debit,2025,2,25,1,2025-02,Shopping,4,False,-0.48916218824630725
2025-03-06,SHELL STATION #221,51.33,Debit,2025,3,6,3,2025-03,Other,3,False,-0.40047013165320866
2025-01-10,McDonalds #8492,24.1,Debit,2025,1,10,4,2025-01,Food,1,False,-0.5029897024272295
2025-03-13,INTERNET CHARGES,133.8,Debit,2025,3,13,3,2025-03,Utilities,3,False,-0.5010731800125636
2025-03-25,Dominos Pizza,13.13,Debit,2025,3,25,1,2025-03,Other,4,False,-0.43123850709061357
2025-03-15,TARGET T-2812,205.66,Debit,2025,3,15,5,2025-03,Shopping,3,False,-0.5026572093947518
2025-03-24,McDonalds #8492,22.44,Debit,2025,3,24,0,2025-03,Food,1,False,-0.5124878958593508
2025-03-15,TARGET T-2812,182.05,Debit,2025,3,15,5,2025-03,Shopping,3,False,-0.4890509527984688
2025-01-01,INTERNET CHARGES,160.18,Debit,2025,1,1,2,2025-01,Utilities,4,False,-0.5146626607992183
2025-02-06,AMAZON MKTP US*2R9,168.27,Debit,2025,2,6,3,2025-02,Shopping,3,False,-0.44467221352714564
2025-02-06,COSTCO WHOLESALE,34.23,Debit,2025,2,6,3,2025-02,Other,3,False,-0.40002903162076936
2025-03-28,GAS COMPANY,95.53,Debit,2025,3,28,4,2025-03,Other,3,False,-0.4284435687365576
2025-02-18,PAYPAL *SPOTIFY,9.99,Debit,2025,2,18,1,2025-02,Entertainment,1,False,-0.5149664394716239
2025-03-03,SPAR HYPERMARKET,121.15,Debit,2025,3,3,0,2025-03,Other,4,False,-0.4710122692253763
2025-03-01,INTERNET CHARGES,141.26,Debit,2025,3,1,5,2025-03,Utilities,3,False,-0.5093297620812298
2025-01-08,PAYPAL *SPOTIFY,39.65,Debit,2025,1,8,2,2025-01,Entertainment,1,False,-0.505055550276131
2025-03-02,COSTCO WHOLESALE,82.1,Debit,2025,3,2,6,2025-03,Other,3,False,-0.4506518108264583
2025-01-05,METRO TICKET,48.97,Debit,2025,1,5,6,2025-01,Other,3,False,-0.4676932136955229
2025-03-03,COSTCO WHOLESALE,119.49,Debit,2025,3,3,0,2025-03,Other,4,False,-0.4703329197911031
2025-03-09,INTERNET CHARGES,99.57,Debit,2025,3,9,6,2025-03,Utilities,3,False,-0.5108107777792823
2025-01-10,METRO TICKET,16.98,Debit,2025,1,10,4,2025-01,Other,3,False,-0.4271564746042762
2025-01-13,UBER TRIP 284922 CA,23.09,Debit,2025,1,13,0,2025-01,Transport,4,False,-0.5375553815613587
2025-03-10,METRO TICKET,15.29,Debit,2025,3,10,0,2025-03,Other,4,False,-0.46085043417587357
2025-03-30,H&M STORE 42,66.04,Debit,2025,3,30,6,2025-03,Shopping,3,False,-0.46873395109392196
2025-01-13,COSTCO WHOLESALE,25.65,Debit,2025,1,13,0,2025-01,Other,4,False,-0.48098774244370834
2025-02-22,UBER TRIP 284922 CA,24.55,Debit,2025,2,22,5,2025-02,Transport,3,False,-0.47263330604063697
2025-01-30,Starbucks Store 0032,33.18,Debit,2025,1,30,3,2025-01,Food,1,False,-0.4911674850291776
2025-01-27,WATER BILL,153.83,Debit,2025,1,27,0,2025-01,Utilities,4,False,-0.5554484187806937
2025-11-02,Local Diner,15.73,Debit,2025,11,2,6,2025-11,Food,0,True,-0.6814270549104201
2025-01-03,SHELL STATION #221,15.92,Debit,2025,1,3,4,2025-01,Other,3,False,-0.4264844758155507
2025-01-26,H&M STORE 42,216.27,Debit,2025,1,26,6,2025-01,Shopping,3,False,-0.5515384268282542
2025-04-02,LOCAL GROCERY MART,56.43,Debit,2025,4,2,2,2025-04,Other,4,False,-0.4661423515990562
2025-01-08,INTERNET CHARGES,111.03,Debit,2025,1,8,2,2025-01,Utilities,4,False,-0.4989356821670348
2025-03-30,SHELL STATION #221,50.07,Debit,2025,3,30,6,2025-03,Other,3,False,-0.4351697218264118
2025-01-21,YELLOW CAB CO,56.61,Debit,2025,1,21,1,2025-01,Transport,4,False,-0.4910359754765714
2025-03-26,METRO TICKET,19.66,Debit,2025,3,26,2,2025-03,Other,4,False,-0.4072626141096793
2025-02-17,CINEMA CITY,12.36,Debit,2025,2,17,0,2025-02,Other,4,False,-0.4703772864023235
2025-03-30,Netflix.com,72.27,Debit,2025,3,30,6,2025-03,Entertainment,1,False,-0.545749309138082
2025-03-27,COSTCO WHOLESALE,58.35,Debit,2025,3,27,3,2025-03,Other,3,False,-0.4025317376047523
2025-02-28,INTERNET CHARGES,52.34,Debit,2025,2,28,4,2025-02,Utilities,3,False,-0.49452646914120213
2025-01-12,KFC Outlet 22,34.03,Debit,2025,1,12,6,2025-01,Other,3,False,-0.4701046179378965
2025-11-03,YELLOW CAB CO,24.7,Debit,2025,11,3,0,2025-11,Transport,0,True,-0.6640385001612327
2025-02-25,ELECTRIC BILL,151.03,Debit,2025,2,25,1,2025-02,Utilities,4,False,-0.507697072214238
2025-02-06,YELLOW CAB CO,44.56,Debit,2025,2,6,3,2025-02,Transport,3,False,-0.4500245940714462
2025-01-31,Local Diner,17.68,Debit,2025,1,31,4,2025-01,Food,1,False,-0.5060330372031012
2025-03-19,INTERNET CHARGES,105.1,Debit,2025,3,19,2,2025-03,Utilities,4,False,-0.49272755590402356
2025-02-04,COSTCO WHOLESALE,110.58,Debit,2025,2,4,1,2025-02,Other,4,False,-0.42769937467984787
2025-03-28,McDonalds #8492,19.13,Debit,2025,3,28,4,2025-03,Food,1,False,-0.4827709640225964
2025-12-02,ELECTRIC BILL,56.15,Debit,2025,12,2,1,2025-12,Utilities,0,True,-0.6689455688704611
2025-02-18,WATER BILL,109.67,Debit,2025,2,18,1,2025-02,Utilities,4,False,-0.49339340199665166
2025-02-23,SHELL STATION #221,31.77,Debit,2025,2,23,6,2025-02,Other,3,False,-0.4454875633081557
2025-02-14,LOCAL GROCERY MART,127.57,Debit,2025,2,14,4,2025-02,Other,3,False,-0.43643443365413925
