Transaction Date,Description,Amount,Transaction_Type,Category,Label
2025-03-09,Netflix.com,56.09,Debit,Entertainment,Normal
2025-01-10,UBER TRIP 284922 CA,16.63,Debit,Transport,Normal
2025-02-25,CINEMA CITY,38.5,Debit,Entertainment,Normal
2025-01-01,ACH DEPOSIT SALARY,3500.0,Credit,Income,Recurring
2025-01-12,STEAM PURCHASE,78.44,Debit,Entertainment,Normal
2025-02-13,H&M STORE 42,84.0,Debit,Shopping,Normal
2025-01-17,ELECTRIC BILL,49.2,Debit,Utilities,Normal
2025-02-27,LOCAL GROCERY MART,89.15,Debit,Groceries,Normal
2025-03-27,Starbucks Store 0032,21.29,Debit,Food,Normal
2025-01-19,McDonalds #8492,35.1,Debit,Food,Normal
2025-03-19,PAYPAL *SPOTIFY,59.1,Debit,Entertainment,Normal
2025-02-18,GAS COMPANY,170.6,Debit,Utilities,Normal
2025-02-07,LYFT RIDE PGH,26.77,Debit,Transport,Normal
2025-02-26,STEAM PURCHASE,45.73,Debit,Entertainment,Normal
2025-02-13,AMAZON MKTP US*2R9,127.72,Debit,Shopping,Normal
2025-03-09,WM SUPERCENTER #382,118.21,Debit,Groceries,Normal
2025-03-29,CINEMA CITY,51.93,Debit,Entertainment,Normal
2025-03-13,ZARA MALL 09,193.64,Debit,Shopping,Normal
2025-02-03,ELECTRIC BILL,142.16,Debit,Utilities,Normal
2025-03-11,Netflix.com,50.52,Debit,Entertainment,Normal
2025-01-25,Local Diner,9.18,Debit,Food,Normal
2025-01-24,APPLE STORE #R1234,120.25,Debit,Shopping,Normal
2025-02-12,PAYPAL *SPOTIFY,17.91,Debit,Entertainment,Normal
2025-03-03,GAS COMPANY,100.98,Debit,Utilities,Normal
2025-02-24,McDonalds #8492,11.16,Debit,Food,Normal
2025-02-10,PAYPAL *SPOTIFY,39.66,Debit,Entertainment,Normal
2025-01-16,INTERNET CHARGES,148.5,Debit,Utilities,Normal
2025-03-19,SHELL STATION #221,58.11,Debit,Transport,Normal
2025-03-31,LOCAL GROCERY MART,106.15,Debit,Groceries,Normal
2025-01-11,CINEMA CITY,69.37,Debit,Entertainment,Normal
2025-02-12,LOCAL GROCERY MART,133.04,Debit,Groceries,Normal
2025-03-22,LYFT RIDE PGH,21.76,Debit,Transport,Normal
2025-01-13,ELECTRIC BILL,115.27,Debit,Utilities,Normal
2025-03-07,WATER BILL,166.83,Debit,Utilities,Normal
2025-02-11,GAS COMPANY,113.57,Debit,Utilities,Normal
2025-02-25,UBER TRIP 284922 CA,57.21,Debit,Transport,Normal
2025-02-26,ELECTRIC BILL,135.24,Debit,Utilities,Normal
2025-01-07,PAYPAL *SPOTIFY,18.74,Debit,Entertainment,Normal
2025-01-06,TARGET T-2812,110.91,Debit,Shopping,Normal
2025-02-24,Netflix.com,35.7,Debit,Entertainment,Normal
2025-02-07,UBER TRIP 284922 CA,8.48,Debit,Transport,Normal
2025-02-09,APPLE STORE #R1234,111.59,Debit,Shopping,Normal
2025-03-25,UBER TRIP 284922 CA,17.21,Debit,Transport,Normal
2025-01-20,McDonalds #8492,31.41,Debit,Food,Normal
2025-01-29,COSTCO WHOLESALE,127.07,Debit,Groceries,Normal
2025-03-18,PAYPAL *SPOTIFY,9.99,Debit,Entertainment,Recurring
2025-03-18,INTERNET CHARGES,177.27,Debit,Utilities,Normal
2025-02-19,LYFT RIDE PGH,55.94,Debit,Transport,Normal
2025-01-11,WATER BILL,49.59,Debit,Utilities,Normal
2025-03-01,GAS COMPANY,47.59,Debit,Utilities,Normal
2025-02-21,TARGET T-2812,194.95,Debit,Shopping,Normal
2025-01-18,SPAR HYPERMARKET,47.72,Debit,Groceries,Normal
2025-03-10,COSTCO WHOLESALE,86.03,Debit,Groceries,Normal
2025-02-08,ELECTRIC BILL,171.45,Debit,Utilities,Normal
2025-02-05,WATER BILL,127.5,Debit,Utilities,Normal
2025-03-12,WM SUPERCENTER #382,81.85,Debit,Groceries,Normal
2025-03-15,Netflix.com Subscription,15.99,Debit,Entertainment,Recurring
2025-02-01,SHELL STATION #221,29.43,Debit,Transport,Normal
2025-01-15,McDonalds #8492,26.96,Debit,Food,Normal
2025-02-06,KFC Outlet 22,25.91,Debit,Food,Normal
2025-01-21,McDonalds #8492,11.08,Debit,Food,Normal
2025-03-24,SPAR HYPERMARKET,42.86,Debit,Groceries,Normal
2025-03-16,Starbucks Store 0032,37.51,Debit,Food,Normal
2025-03-09,GAS COMPANY,164.5,Debit,Utilities,Normal
2025-02-21,CINEMA CITY,40.66,Debit,Entertainment,Normal
2025-02-04,YELLOW CAB CO,24.62,Debit,Transport,Normal
2025-03-30,LOCAL GROCERY MART,82.1,Debit,Groceries,Normal
2025-01-11,LYFT RIDE PGH,45.44,Debit,Transport,Normal
2025-02-16,GAS COMPANY,127.56,Debit,Utilities,Normal
2025-01-25,COSTCO WHOLESALE,150.0,Debit,Groceries,Normal
2025-01-02,KFC Outlet 22,26.74,Debit,Food,Normal
2025-02-04,INTERNET CHARGES,59.22,Debit,Utilities,Normal
2025-02-21,UBER TRIP 284922 CA,16.56,Debit,Transport,Normal
2025-03-17,ZARA MALL 09,166.96,Debit,Shopping,Normal
2025-02-01,ELECTRIC BILL,126.71,Debit,Utilities,Normal
2025-01-25,CINEMA CITY,33.7,Debit,Entertainment,Normal
2025-02-03,WATER BILL,170.66,Debit,Utilities,Normal
2025-02-12,McDonalds #8492,30.59,Debit,Food,Normal
2025-01-21,ZARA MALL 09,91.68,Debit,Shopping,Normal
2025-03-05,STEAM PURCHASE,62.32,Debit,Entertainment,Normal
2025-02-25,Starbucks Store 0032,21.09,Debit,Food,Normal
2025-02-01,YELLOW CAB CO,37.02,Debit,Transport,Normal
2025-01-03,ELECTRIC BILL,150.15,Debit,Utilities,Normal
2025-02-05,ELECTRIC BILL,146.23,Debit,Utilities,Normal
2025-03-25,Dominos Pizza,30.23,Debit,Food,Normal
2025-02-10,Dominos Pizza,20.02,Debit,Food,Normal
2025-01-31,METRO TICKET,9.37,Debit,Transport,Normal
2025-02-13,PAYPAL *SPOTIFY,31.98,Debit,Entertainment,Normal
2025-02-12,PAYPAL *SPOTIFY,56.25,Debit,Entertainment,Normal
2025-02-03,STEAM PURCHASE,26.08,Debit,Entertainment,Normal
2025-01-15,GAS COMPANY,165.93,Debit,Utilities,Normal
2025-04-01,Netflix.com,39.94,Debit,Entertainment,Normal
2025-03-15,INTERNET CHARGES,105.44,Debit,Utilities,Normal
2025-01-10,H&M STORE 42,218.21,Debit,Shopping,Normal
2025-01-24,H&M STORE 42,68.79,Debit,Shopping,Normal
2025-02-19,WM SUPERCENTER #382,132.09,Debit,Groceries,Normal
2025-02-23,ELECTRIC BILL,109.73,Debit,Utilities,Normal
2025-01-29,ELECTRIC BILL,177.92,Debit,Utilities,Normal
2025-03-26,LOCAL GROCERY MART,141.84,Debit,Groceries,Normal
2025-02-11,GAS COMPANY,42.73,Debit,Utilities,Normal
2025-03-02,AMAZON MKTP US*2R9,104.72,Debit,Shopping,Normal
2025-03-11,ELECTRIC BILL,94.66,Debit,Utilities,Normal
2025-03-13,STEAM PURCHASE,19.15,Debit,Entertainment,Normal
2025-03-05,UNKNOWN TRANSACTION 999,1.0,Debit,Uncategorized,Anomaly
2025-03-20,SPAR HYPERMARKET,128.82,Debit,Groceries,Normal
2025-03-04,PAYPAL *SPOTIFY,40.15,Debit,Entertainment,Normal
2025-03-09,PAYPAL *SPOTIFY,53.93,Debit,Entertainment,Normal
2025-02-26,Dominos Pizza,8.43,Debit,Food,Normal
2025-02-10,H&M STORE 42,159.43,Debit,Shopping,Normal
2025-01-07,SPAR HYPERMARKET,87.75,Debit,Groceries,Normal
2025-02-07,Local Diner,31.16,Debit,Food,Normal
2025-04-01,STEAM PURCHASE,30.83,Debit,Entertainment,Normal
2025-01-16,GAS COMPANY,51.03,Debit,Utilities,Normal
2025-02-27,INTERNET CHARGES,160.99,Debit,Utilities,Normal
2025-02-03,UBER TRIP 284922 CA,54.27,Debit,Transport,Normal
2025-04-01,GAS COMPANY,118.53,Debit,Utilities,Normal
2025-01-30,APPLE STORE #R1234,204.44,Debit,Shopping,Normal
2025-02-23,TARGET T-2812,114.98,Debit,Shopping,Normal
2025-02-10,WATER BILL,95.01,Debit,Utilities,Normal
2025-03-07,WATER BILL,85.92,Debit,Utilities,Normal
2025-02-18,PAYPAL *SPOTIFY,52.32,Debit,Entertainment,Normal
2025-02-01,Local Diner,14.97,Debit,Food,Normal
2025-02-10,WATER BILL,131.76,Debit,Utilities,Normal
2025-01-21,GAS COMPANY,131.4,Debit,Utilities,Normal
2025-01-26,LYFT RIDE PGH,48.9,Debit,Transport,Normal
2025-02-27,Dominos Pizza,12.75,Debit,Food,Normal
2025-03-08,STEAM PURCHASE,11.62,Debit,Entertainment,Normal
2025-04-01,COSTCO WHOLESALE,79.44,Debit,Groceries,Normal
2025-02-17,PAYPAL *SPOTIFY,48.06,Debit,Entertainment,Normal
2025-03-17,CINEMA CITY,31.21,Debit,Entertainment,Normal
2025-01-29,AMAZON MKTP US*2R9,199.68,Debit,Shopping,Normal
2025-02-27,LOCAL GROCERY MART,118.97,Debit,Groceries,Normal
2025-02-19,H&M STORE 42,198.13,Debit,Shopping,Normal
2025-01-13,LOCAL GROCERY MART,130.94,Debit,Groceries,Normal
2025-03-06,METRO TICKET,22.19,Debit,Transport,Normal
2025-01-23,SHELL STATION #221,52.52,Debit,Transport,Normal
2025-01-20,STEAM PURCHASE,55.15,Debit,Entertainment,Normal
2025-02-02,WM SUPERCENTER #382,118.23,Debit,Groceries,Normal
2025-02-08,APPLE STORE #R1234,153.38,Debit,Shopping,Normal
2025-03-12,PAYPAL *SPOTIFY,27.61,Debit,Entertainment,Normal
2025-02-09,SHELL STATION #221,27.19,Debit,Transport,Normal
2025-03-23,METRO TICKET,13.33,Debit,Transport,Normal
2025-01-08,ELECTRIC BILL,172.66,Debit,Utilities,Normal
2025-01-18,PAYPAL *SPOTIFY,9.99,Debit,Entertainment,Recurring
2025-01-10,STEAM PURCHASE,41.54,Debit,Entertainment,Normal
2025-02-13,ZARA MALL 09,222.47,Debit,Shopping,Normal
2025-01-17,LOCAL GROCERY MART,82.15,Debit,Groceries,Normal
2025-03-16,APPLE STORE #R1234,54.06,Debit,Shopping,Normal
2025-01-18,GAS COMPANY,103.51,Debit,Utilities,Normal
2025-01-08,INTERNET CHARGES,48.0,Debit,Utilities,Normal
2025-01-30,Starbucks Store 0032,18.3,Debit,Food,Normal
2025-03-19,ELECTRIC BILL,169.98,Debit,Utilities,Normal
2025-02-17,GAS COMPANY,138.27,Debit,Utilities,Normal
2025-01-01,Local Diner,31.99,Debit,Food,Normal
2025-02-11,SHELL STATION #221,45.5,Debit,Transport,Normal
2025-03-12,TARGET T-2812,64.12,Debit,Shopping,Normal
2025-03-06,McDonalds #8492,6.37,Debit,Food,Normal
2025-03-02,TARGET T-2812,104.6,Debit,Shopping,Normal
2025-02-04,INTERNET CHARGES,55.62,Debit,Utilities,Normal
2025-01-15,Netflix.com,61.39,Debit,Entertainment,Normal
2025-02-15,Netflix.com Subscription,15.99,Debit,Entertainment,Recurring
2025-01-05,WATER BILL,135.07,Debit,Utilities,Normal
2025-03-14,APPLE STORE #R1234,39.54,Debit,Shopping,Normal
2025-02-15,SPAR HYPERMARKET,133.51,Debit,Groceries,Normal
2025-02-14,LOCAL GROCERY MART,93.99,Debit,Groceries,Normal
2025-01-02,COSTCO WHOLESALE,76.25,Debit,Groceries,Normal
2025-02-04,WM SUPERCENTER #382,51.37,Debit,Groceries,Normal
2025-02-09,Netflix.com,53.99,Debit,Entertainment,Normal
2025-02-22,CINEMA CITY,36.97,Debit,Entertainment,Normal
2025-02-03,PAYPAL *SPOTIFY,61.37,Debit,Entertainment,Normal
2025-03-19,LYFT RIDE PGH,53.4,Debit,Transport,Normal
2025-02-17,Netflix.com,56.59,Debit,Entertainment,Normal
2025-03-24,Netflix.com,51.86,Debit,Entertainment,Normal
2025-01-21,Starbucks Store 0032,19.3,Debit,Food,Normal
2025-03-16,CINEMA CITY,35.43,Debit,Entertainment,Normal
2025-02-23,WM SUPERCENTER #382,50.85,Debit,Groceries,Normal
2025-01-12,COSTCO WHOLESALE,105.21,Debit,Groceries,Normal
2025-01-07,STEAM PURCHASE,67.96,Debit,Entertainment,Normal
2025-03-13,ZARA MALL 09,86.19,Debit,Shopping,Normal
2025-04-01,SPAR HYPERMARKET,61.19,Debit,Groceries,Normal
2025-02-13,APPLE STORE #R1234,179.32,Debit,Shopping,Normal
2025-03-05,AMAZON MKTP US*2R9,42.35,Debit,Shopping,Normal
2025-01-12,SPAR HYPERMARKET,68.5,Debit,Groceries,Normal
2025-01-17,GAS COMPANY,61.6,Debit,Utilities,Normal
2025-01-26,Netflix.com,50.63,Debit,Entertainment,Normal
2025-02-22,COSTCO WHOLESALE,36.79,Debit,Groceries,Normal
2025-01-13,PAYPAL *SPOTIFY,78.68,Debit,Entertainment,Normal
2025-03-27,LOCAL GROCERY MART,79.76,Debit,Groceries,Normal
2025-01-06,YELLOW CAB CO,26.96,Debit,Transport,Normal
2025-01-23,H&M STORE 42,229.79,Debit,Shopping,Normal
2025-01-05,AMAZON MKTP US*2R9,157.21,Debit,Shopping,Normal
2025-02-07,INTERNET CHARGES,43.07,Debit,Utilities,Normal
2025-02-20,Starbucks Store 0032,400.0,Debit,Food,Anomaly
2025-02-02,McDonalds #8492,27.23,Debit,Food,Normal
2025-01-06,LYFT RIDE PGH,54.06,Debit,Transport,Normal
2025-01-18,INTERNET CHARGES,95.72,Debit,Utilities,Normal
2025-02-05,ELECTRIC BILL,58.01,Debit,Utilities,Normal
2025-03-24,UBER TRIP 284922 CA,41.04,Debit,Transport,Normal
2025-01-06,Starbucks Store 0032,9.8,Debit,Food,Normal
2025-01-19,WATER BILL,104.56,Debit,Utilities,Normal
2025-01-01,TARGET T-2812,220.07,Debit,Shopping,Normal
2025-01-10,WATER BILL,176.13,Debit,Utilities,Normal
2025-03-03,WATER BILL,47.96,Debit,Utilities,Normal
2025-02-24,LOCAL GROCERY MART,35.84,Debit,Groceries,Normal
2025-01-31,STEAM PURCHASE,51.96,Debit,Entertainment,Normal
2025-03-24,Netflix.com,30.24,Debit,Entertainment,Normal
2025-03-21,STEAM PURCHASE,18.64,Debit,Entertainment,Normal
2025-02-08,SPAR HYPERMARKET,63.17,Debit,Groceries,Normal
2025-02-18,INTERNET CHARGES,127.75,Debit,Utilities,Normal
2025-02-25,H&M STORE 42,26.68,Debit,Shopping,Normal
2025-03-23,CINEMA CITY,14.72,Debit,Entertainment,Normal
2025-03-25,Local Diner,14.56,Debit,Food,Normal
2025-04-01,LYFT RIDE PGH,49.27,Debit,Transport,Normal
2025-03-13,COSTCO WHOLESALE,111.33,Debit,Groceries,Normal
2025-01-11,GAS COMPANY,161.87,Debit,Utilities,Normal
2025-03-28,STEAM PURCHASE,45.94,Debit,Entertainment,Normal
2025-03-10,COSTCO WHOLESALE,120.23,Debit,Groceries,Normal
2025-03-11,ZARA MALL 09,175.45,Debit,Shopping,Normal
2025-01-21,INTERNET CHARGES,92.2,Debit,Utilities,Normal
2025-03-01,INTERNET CHARGES,175.95,Debit,Utilities,Normal
2025-02-24,Netflix.com,39.0,Debit,Entertainment,Normal
2025-03-07,PAYPAL *SPOTIFY,59.74,Debit,Entertainment,Normal
2025-02-11,COSTCO WHOLESALE,25.85,Debit,Groceries,Normal
2025-02-17,H&M STORE 42,195.51,Debit,Shopping,Normal
2025-01-15,Netflix.com Subscription,15.99,Debit,Entertainment,Recurring
2025-03-27,Local Diner,26.81,Debit,Food,Normal
2025-03-04,WM SUPERCENTER #382,97.13,Debit,Groceries,Normal
2025-01-11,WATER BILL,61.12,Debit,Utilities,Normal
2025-01-06,SPAR HYPERMARKET,147.63,Debit,Groceries,Normal
2025-03-31,METRO TICKET,25.69,Debit,Transport,Normal
2025-02-08,INTERNET CHARGES,111.02,Debit,Utilities,Normal
2025-03-10,LYFT RIDE PGH,16.5,Debit,Transport,Normal
2025-01-02,H&M STORE 42,209.14,Debit,Shopping,Normal
2025-03-19,METRO TICKET,9.81,Debit,Transport,Normal
2025-01-07,WM SUPERCENTER #382,32.58,Debit,Groceries,Normal
2025-02-27,WM SUPERCENTER #382,138.23,Debit,Groceries,Normal
2025-02-14,Dominos Pizza,17.86,Debit,Food,Normal
2025-03-28,PAYPAL *SPOTIFY,76.6,Debit,Entertainment,Normal
2025-01-31,AMAZON MKTP US*2R9,197.45,Debit,Shopping,Normal
2025-01-31,APPLE STORE #R1234,94.47,Debit,Shopping,Normal
2025-03-17,LYFT RIDE PGH,8.37,Debit,Transport,Normal
2025-02-28,ZARA MALL 09,173.37,Debit,Shopping,Normal
2025-02-01,SHELL STATION #221,36.03,Debit,Transport,Normal
2025-02-17,LOCAL GROCERY MART,125.14,Debit,Groceries,Normal
2025-01-16,SPAR HYPERMARKET,111.08,Debit,Groceries,Normal
2025-03-28,Starbucks Store 0032,14.52,Debit,Food,Normal
2025-02-23,GAS COMPANY,118.95,Debit,Utilities,Normal
2025-01-18,ELECTRIC BILL,78.67,Debit,Utilities,Normal
2025-03-10,McDonalds #8492,9.49,Debit,Food,Normal
2025-02-10,Starbucks Store 0032,34.37,Debit,Food,Normal
2025-01-05,INTERNET CHARGES,162.69,Debit,Utilities,Normal
2025-01-10,YELLOW CAB CO,51.91,Debit,Transport,Normal
2025-02-02,METRO TICKET,58.3,Debit,Transport,Normal
2025-03-28,GAS COMPANY,165.41,Debit,Utilities,Normal
2025-02-14,WATER BILL,162.91,Debit,Utilities,Normal
2025-02-04,METRO TICKET,55.08,Debit,Transport,Normal
2025-02-18,ZARA MALL 09,68.68,Debit,Shopping,Normal
2025-01-19,UBER TRIP 284922 CA,10.4,Debit,Transport,Normal
2025-01-28,GAS COMPANY,98.78,Debit,Utilities,Normal
2025-03-27,PAYPAL *SPOTIFY,34.22,Debit,Entertainment,Normal
2025-02-25,Local Diner,27.25,Debit,Food,Normal
2025-02-13,Netflix.com,25.9,Debit,Entertainment,Normal
2025-03-09,INTERNET CHARGES,103.52,Debit,Utilities,Normal
2025-02-26,WM SUPERCENTER #382,99.75,Debit,Groceries,Normal
2025-01-27,ZARA MALL 09,181.42,Debit,Shopping,Normal
2025-03-20,SPAR HYPERMARKET,142.38,Debit,Groceries,Normal
2025-01-17,Dominos Pizza,38.79,Debit,Food,Normal
2025-01-17,SHELL STATION #221,18.67,Debit,Transport,Normal
2025-02-17,APPLE STORE #R1234,70.8,Debit,Shopping,Normal
2025-03-12,CINEMA CITY,33.33,Debit,Entertainment,Normal
2025-03-20,H&M STORE 42,83.15,Debit,Shopping,Normal
2025-01-07,STEAM PURCHASE,20.28,Debit,Entertainment,Normal
2025-01-31,KFC Outlet 22,25.02,Debit,Food,Normal
2025-02-15,McDonalds #8492,28.87,Debit,Food,Normal
2025-02-13,WM SUPERCENTER #382,86.79,Debit,Groceries,Normal
2025-03-01,STEAM PURCHASE,53.48,Debit,Entertainment,Normal
2025-03-02,Netflix.com,14.57,Debit,Entertainment,Normal
2025-02-03,UBER TRIP 284922 CA,14.59,Debit,Transport,Normal
2025-03-25,STEAM PURCHASE,23.87,Debit,Entertainment,Normal
2025-03-30,PAYPAL *SPOTIFY,59.33,Debit,Entertainment,Normal
2025-01-18,Starbucks Store 0032,38.12,Debit,Food,Normal
2025-03-28,GAS COMPANY,79.78,Debit,Utilities,Normal
2025-03-25,WATER BILL,85.01,Debit,Utilities,Normal
2025-03-23,LOCAL GROCERY MART,45.33,Debit,Groceries,Normal
2025-02-13,Starbucks Store 0032,25.59,Debit,Food,Normal
2025-01-15,ELECTRIC BILL,156.03,Debit,Utilities,Normal
2025-03-11,CINEMA CITY,54.22,Debit,Entertainment,Normal
2025-01-04,Starbucks Store 0032,12.65,Debit,Food,Normal
2025-01-13,CINEMA CITY,38.73,Debit,Entertainment,Normal
2025-03-02,INTERNET CHARGES,45.13,Debit,Utilities,Normal
2025-01-10,ELECTRIC BILL,99.32,Debit,Utilities,Normal
2025-02-13,WATER BILL,156.25,Debit,Utilities,Normal
2025-01-17,SHELL STATION #221,21.03,Debit,Transport,Normal
2025-03-28,Local Diner,25.17,Debit,Food,Normal
2025-03-16,STEAM PURCHASE,72.64,Debit,Entertainment,Normal
2025-03-05,Dominos Pizza,23.76,Debit,Food,Normal
2025-03-22,YELLOW CAB CO,59.87,Debit,Transport,Normal
2025-03-22,Netflix.com,24.48,Debit,Entertainment,Normal
2025-02-11,AMAZON MKTP US*2R9,217.28,Debit,Shopping,Normal
2025-03-19,WATER BILL,61.4,Debit,Utilities,Normal
2025-03-11,Netflix.com,79.99,Debit,Entertainment,Normal
2025-02-26,H&M STORE 42,47.93,Debit,Shopping,Normal
2025-03-03,LYFT RIDE PGH,31.66,Debit,Transport,Normal
2025-03-08,CINEMA CITY,52.35,Debit,Entertainment,Normal
2025-01-21,METRO TICKET,59.79,Debit,Transport,Normal
2025-02-24,STEAM PURCHASE,51.71,Debit,Entertainment,Normal
2025-03-03,CINEMA CITY,60.17,Debit,Entertainment,Normal
2025-02-20,Dominos Pizza,21.0,Debit,Food,Normal
2025-02-13,SPAR HYPERMARKET,74.84,Debit,Groceries,Normal
2025-04-01,INTERNET CHARGES,50.93,Debit,Utilities,Normal
2025-01-07,COSTCO WHOLESALE,70.32,Debit,Groceries,Normal
2025-01-28,AMAZON MKTP US*2R9,153.21,Debit,Shopping,Normal
2025-01-09,LYFT RIDE PGH,22.3,Debit,Transport,Normal
2025-02-01,Netflix.com,58.2,Debit,Entertainment,Normal
2025-02-25,METRO TICKET,54.18,Debit,Transport,Normal
2025-03-01,YELLOW CAB CO,47.88,Debit,Transport,Normal
2025-01-25,AMAZON MKTP US*2R9,238.27,Debit,Shopping,Normal
2025-03-30,WATER BILL,66.82,Debit,Utilities,Normal
2025-03-14,ELECTRIC BILL,51.75,Debit,Utilities,Normal
2025-02-02,CINEMA CITY,76.66,Debit,Entertainment,Normal
2025-03-21,ELECTRIC BILL,125.26,Debit,Utilities,Normal
2025-03-15,CINEMA CITY,54.88,Debit,Entertainment,Normal
2025-01-07,CINEMA CITY,51.23,Debit,Entertainment,Normal
2025-01-29,UBER TRIP 284922 CA,42.32,Debit,Transport,Normal
2025-03-25,H&M STORE 42,49.66,Debit,Shopping,Normal
2025-03-27,YELLOW CAB CO,20.41,Debit,Transport,Normal
2025-01-31,ZARA MALL 09,48.03,Debit,Shopping,Normal
2025-03-18,Netflix.com,45.84,Debit,Entertainment,Normal
2025-02-21,APPLE STORE #R1234,211.76,Debit,Shopping,Normal
2025-02-12,Netflix.com,31.74,Debit,Entertainment,Normal
2025-03-24,KFC Outlet 22,35.59,Debit,Food,Normal
2025-03-10,ELECTRIC BILL,110.36,Debit,Utilities,Normal
2025-01-29,GAS COMPANY,103.07,Debit,Utilities,Normal
2025-01-16,Dominos Pizza,10.36,Debit,Food,Normal
2025-01-08,ELECTRIC BILL,68.62,Debit,Utilities,Normal
2025-03-26,GAS COMPANY,49.74,Debit,Utilities,Normal
2025-02-27,PAYPAL *SPOTIFY,46.45,Debit,Entertainment,Normal
2025-01-28,YELLOW CAB CO,13.31,Debit,Transport,Normal
2025-03-20,Dominos Pizza,22.75,Debit,Food,Normal
2025-03-22,Local Diner,34.46,Debit,Food,Normal
2025-02-26,AMAZON MKTP US*2R9,184.12,Debit,Shopping,Normal
2025-04-01,SPAR HYPERMARKET,73.26,Debit,Groceries,Normal
2025-03-31,STEAM PURCHASE,50.29,Debit,Entertainment,Normal
2025-02-08,YELLOW CAB CO,44.65,Debit,Transport,Normal
2025-02-05,METRO TICKET,20.99,Debit,Transport,Normal
2025-02-02,UBER TRIP 284922 CA,44.86,Debit,Transport,Normal
2025-01-18,YELLOW CAB CO,23.05,Debit,Transport,Normal
2025-03-06,SPAR HYPERMARKET,145.78,Debit,Groceries,Normal
2025-01-01,KFC Outlet 22,31.15,Debit,Food,Normal
2025-03-11,WM SUPERCENTER #382,102.18,Debit,Groceries,Normal
2025-02-10,YELLOW CAB CO,46.18,Debit,Transport,Normal
2025-01-04,LOCAL GROCERY MART,139.41,Debit,Groceries,Normal
2025-03-27,H&M STORE 42,186.56,Debit,Shopping,Normal
2025-02-08,Netflix.com,11.31,Debit,Entertainment,Normal
2025-03-02,APPLE STORE #R1234,125.11,Debit,Shopping,Normal
2025-01-15,PAYPAL *SPOTIFY,9.36,Debit,Entertainment,Normal
2025-03-11,SHELL STATION #221,55.76,Debit,Transport,Normal
2025-01-03,ZARA MALL 09,201.36,Debit,Shopping,Normal
2025-01-31,LOCAL GROCERY MART,37.42,Debit,Groceries,Normal
2025-01-07,Dominos Pizza,15.22,Debit,Food,Normal
2025-03-11,INTERNET CHARGES,164.79,Debit,Utilities,Normal
2025-01-17,METRO TICKET,35.69,Debit,Transport,Normal
2025-02-18,GAS COMPANY,40.83,Debit,Utilities,Normal
2025-02-02,PAYPAL *SPOTIFY,9.01,Debit,Entertainment,Normal
2025-02-22,SHELL STATION #221,48.3,Debit,Transport,Normal
2025-02-08,H&M STORE 42,216.29,Debit,Shopping,Normal
2025-02-02,McDonalds #8492,34.22,Debit,Food,Normal
2025-03-31,ZARA MALL 09,231.95,Debit,Shopping,Normal
2025-03-29,WM SUPERCENTER #382,86.28,Debit,Groceries,Normal
2025-01-11,CINEMA CITY,48.24,Debit,Entertainment,Normal
2025-01-22,Netflix.com,28.43,Debit,Entertainment,Normal
2025-03-05,LOCAL GROCERY MART,87.17,Debit,Groceries,Normal
2025-03-21,COSTCO WHOLESALE,140.72,Debit,Groceries,Normal
2025-02-23,KFC Outlet 22,16.58,Debit,Food,Normal
2025-03-12,AMAZON MKTP US*2R9,147.02,Debit,Shopping,Normal
2025-02-27,PAYPAL *SPOTIFY,79.74,Debit,Entertainment,Normal
2025-01-21,LYFT RIDE PGH,53.83,Debit,Transport,Normal
2025-01-03,LOCAL GROCERY MART,46.48,Debit,Groceries,Normal
2025-01-08,KFC Outlet 22,34.66,Debit,Food,Normal
2025-02-20,CINEMA CITY,8.58,Debit,Entertainment,Normal
2025-02-16,ELECTRIC BILL,150.7,Debit,Utilities,Normal
2025-03-16,STEAM PURCHASE,14.55,Debit,Entertainment,Normal
2025-03-28,COSTCO WHOLESALE,88.9,Debit,Groceries,Normal
2025-02-05,Netflix.com,45.2,Debit,Entertainment,Normal
2025-03-03,AMAZON MKTP US*2R9,209.09,Debit,Shopping,Normal
2025-01-06,INTERNET CHARGES,104.13,Debit,Utilities,Normal
2025-02-13,LOCAL GROCERY MART,127.57,Debit,Groceries,Normal
2025-03-21,CINEMA CITY,68.66,Debit,Entertainment,Normal
2025-01-10,H&M STORE 42,135.98,Debit,Shopping,Normal
2025-03-30,Netflix.com,50.98,Debit,Entertainment,Normal
2025-01-14,ELECTRIC BILL,79.91,Debit,Utilities,Normal
2025-02-01,Netflix.com,49.23,Debit,Entertainment,Normal
2025-03-26,PAYPAL *SPOTIFY,32.0,Debit,Entertainment,Normal
2025-03-28,YELLOW CAB CO,19.68,Debit,Transport,Normal
2025-02-24,AMAZON MKTP US*2R9,161.41,Debit,Shopping,Normal
2025-02-27,YELLOW CAB CO,56.38,Debit,Transport,Normal
2025-02-11,LOCAL GROCERY MART,28.23,Debit,Groceries,Normal
2025-01-14,APPLE STORE #R1234,136.7,Debit,Shopping,Normal
2025-03-15,SHELL STATION #221,32.58,Debit,Transport,Normal
2025-03-18,APPLE STORE #R1234,231.87,Debit,Shopping,Normal
2025-03-05,SPAR HYPERMARKET,55.5,Debit,Groceries,Normal
2025-02-14,COSTCO WHOLESALE,61.31,Debit,Groceries,Normal
2025-03-29,Netflix.com,54.51,Debit,Entertainment,Normal
2025-03-17,SHELL STATION #221,16.02,Debit,Transport,Normal
2025-02-02,STEAM PURCHASE,23.41,Debit,Entertainment,Normal
2025-01-24,TARGET T-2812,98.6,Debit,Shopping,Normal
2025-02-20,Local Diner,32.82,Debit,Food,Normal
2025-02-26,UBER TRIP 284922 CA,29.36,Debit,Transport,Normal
2025-03-01,H&M STORE 42,28.65,Debit,Shopping,Normal
2025-01-26,WATER BILL,63.04,Debit,Utilities,Normal
2025-02-03,Dominos Pizza,9.33,Debit,Food,Normal
2025-02-07,Local Diner,18.12,Debit,Food,Normal
2025-02-08,APPLE STORE #R1234,186.26,Debit,Shopping,Normal
2025-01-13,KFC Outlet 22,16.56,Debit,Food,Normal
2025-03-08,Dominos Pizza,29.04,Debit,Food,Normal
2025-03-01,SHELL STATION #221,39.74,Debit,Transport,Normal
2025-03-19,GAS COMPANY,55.57,Debit,Utilities,Normal
2025-03-20,SPAR HYPERMARKET,56.03,Debit,Groceries,Normal
2025-01-10,KFC Outlet 22,17.72,Debit,Food,Normal
2025-02-01,KFC Outlet 22,25.61,Debit,Food,Normal
2025-02-12,LYFT RIDE PGH,49.01,Debit,Transport,Normal
2025-01-17,WM SUPERCENTER #382,138.37,Debit,Groceries,Normal
2025-03-01,COSTCO WHOLESALE,67.52,Debit,Groceries,Normal
2025-03-07,WM SUPERCENTER #382,107.21,Debit,Groceries,Normal
2025-01-05,ZARA MALL 09,69.97,Debit,Shopping,Normal
2025-03-15,METRO TICKET,17.74,Debit,Transport,Normal
2025-01-15,PAYPAL *SPOTIFY,77.46,Debit,Entertainment,Normal
2025-01-15,UBER TRIP 284922 CA,14.85,Debit,Transport,Normal
2025-02-27,WATER BILL,144.11,Debit,Utilities,Normal
2025-03-06,Dominos Pizza,34.23,Debit,Food,Normal
2025-01-02,APPLE STORE #R1234,49.11,Debit,Shopping,Normal
2025-01-14,KFC Outlet 22,9.69,Debit,Food,Normal
2025-01-20,Netflix.com,41.8,Debit,Entertainment,Normal
2025-02-02,ZARA MALL 09,46.66,Debit,Shopping,Normal
2025-01-16,CINEMA CITY,44.51,Debit,Entertainment,Normal
2025-02-06,TARGET T-2812,118.87,Debit,Shopping,Normal
2025-03-23,WATER BILL,147.49,Debit,Utilities,Normal
2025-01-10,SHELL STATION #221,40.93,Debit,Transport,Normal
2025-02-26,LOCAL GROCERY MART,124.54,Debit,Groceries,Normal
2025-03-28,SHELL STATION #221,38.53,Debit,Transport,Normal
2025-01-31,SPAR HYPERMARKET,119.22,Debit,Groceries,Normal
2025-02-05,PAYPAL *SPOTIFY,77.16,Debit,Entertainment,Normal
2025-03-30,CINEMA CITY,10.08,Debit,Entertainment,Normal
2025-03-20,WM SUPERCENTER #382,81.93,Debit,Groceries,Normal
2025-03-01,ACH DEPOSIT SALARY,3500.0,Credit,Income,Recurring
2025-02-12,PAYPAL *SPOTIFY,11.19,Debit,Entertainment,Normal
2025-01-05,LOCAL GROCERY MART,116.54,Debit,Groceries,Normal
2025-02-11,ZARA MALL 09,168.56,Debit,Shopping,Normal
2025-03-12,COSTCO WHOLESALE,58.13,Debit,Groceries,Normal
2025-01-23,APPLE STORE #R1234,241.38,Debit,Shopping,Normal
2025-01-28,SHELL STATION #221,26.35,Debit,Transport,Normal
2025-02-01,ACH DEPOSIT SALARY,3500.0,Credit,Income,Recurring
2025-01-16,METRO TICKET,14.93,Debit,Transport,Normal
2025-01-11,CINEMA CITY,12.87,Debit,Entertainment,Normal
2025-01-16,LOCAL GROCERY MART,81.2,Debit,Groceries,Normal
2025-02-24,WATER BILL,170.05,Debit,Utilities,Normal
2025-03-29,APPLE STORE #R1234,205.27,Debit,Shopping,Normal
2025-02-06,SPAR HYPERMARKET,112.07,Debit,Groceries,Normal
2025-03-26,PAYPAL *SPOTIFY,53.23,Debit,Entertainment,Normal
2025-01-27,INTERNET CHARGES,68.5,Debit,Utilities,Normal
2025-02-07,CINEMA CITY,37.92,Debit,Entertainment,Normal
2025-03-04,STEAM PURCHASE,65.09,Debit,Entertainment,Normal
2025-01-10,WM SUPERCENTER #382,65.26,Debit,Groceries,Normal
2025-01-06,Netflix.com,76.37,Debit,Entertainment,Normal
2025-03-22,APPLE STORE #R1234,223.65,Debit,Shopping,Normal
2025-02-03,PAYPAL *SPOTIFY,44.55,Debit,Entertainment,Normal
2025-03-07,METRO TICKET,12.73,Debit,Transport,Normal
2025-01-06,INTERNET CHARGES,114.58,Debit,Utilities,Normal
2025-03-30,COSTCO WHOLESALE,113.3,Debit,Groceries,Normal
2025-01-27,Local Diner,24.22,Debit,Food,Normal
2025-03-27,ZARA MALL 09,183.19,Debit,Shopping,Normal
2025-02-03,Local Diner,29.25,Debit,Food,Normal
2025-02-21,CINEMA CITY,44.03,Debit,Entertainment,Normal
2025-01-11,ZARA MALL 09,232.52,Debit,Shopping,Normal
2025-01-14,CINEMA CITY,64.17,Debit,Entertainment,Normal
2025-02-12,Starbucks Store 0032,23.0,Debit,Food,Normal
2025-01-29,Starbucks Store 0032,21.15,Debit,Food,Normal
2025-03-28,STEAM PURCHASE,28.57,Debit,Entertainment,Normal
2025-03-23,Netflix.com,14.61,Debit,Entertainment,Normal
2025-03-19,SHELL STATION #221,28.87,Debit,Transport,Normal
2025-01-12,YELLOW CAB CO,53.84,Debit,Transport,Normal
2025-02-24,WATER BILL,136.57,Debit,Utilities,Normal
2025-03-25,APPLE STORE #R1234,152.86,Debit,Shopping,Normal
2025-01-11,ELECTRIC BILL,142.47,Debit,Utilities,Normal
2025-01-05,PAYPAL *SPOTIFY,38.09,Debit,Entertainment,Normal
2025-03-10,GAS COMPANY,139.22,Debit,Utilities,Normal
2025-03-13,KFC Outlet 22,26.22,Debit,Food,Normal
2025-01-14,LOCAL GROCERY MART,147.8,Debit,Groceries,Normal
2025-03-23,LYFT RIDE PGH,40.29,Debit,Transport,Normal
2025-02-04,COSTCO WHOLESALE,119.37,Debit,Groceries,Normal
2025-03-18,Netflix.com,64.82,Debit,Entertainment,Normal
2025-03-25,PAYPAL *SPOTIFY,43.66,Debit,Entertainment,Normal
2025-01-29,WATER BILL,167.18,Debit,Utilities,Normal
2025-03-19,ELECTRIC BILL,118.57,Debit,Utilities,Normal
2025-01-13,H&M STORE 42,42.93,Debit,Shopping,Normal
2025-02-07,APPLE STORE #R1234,175.11,Debit,Shopping,Normal
2025-01-08,COSTCO WHOLESALE,89.84,Debit,Groceries,Normal
2025-03-02,TARGET T-2812,194.53,Debit,Shopping,Normal
2025-01-14,STEAM PURCHASE,70.8,Debit,Entertainment,Normal
2025-03-02,SHELL STATION #221,41.88,Debit,Transport,Normal
2025-01-09,METRO TICKET,9.92,Debit,Transport,Normal
2025-03-17,WATER BILL,73.94,Debit,Utilities,Normal
2025-02-21,SHELL STATION #221,56.0,Debit,Transport,Normal
2025-03-18,STEAM PURCHASE,28.97,Debit,Entertainment,Normal
2025-02-14,KFC Outlet 22,8.88,Debit,Food,Normal
2025-02-17,Netflix.com,44.43,Debit,Entertainment,Normal
2025-01-23,Local Diner,32.38,Debit,Food,Normal
2025-03-28,STEAM PURCHASE,77.64,Debit,Entertainment,Normal
2025-01-10,COSTCO WHOLESALE,140.49,Debit,Groceries,Normal
2025-03-11,Netflix.com,77.77,Debit,Entertainment,Normal
2025-03-07,LOCAL GROCERY MART,27.28,Debit,Groceries,Normal
2025-03-03,TARGET T-2812,205.08,Debit,Shopping,Normal
2025-02-27,ELECTRIC BILL,74.71,Debit,Utilities,Normal
2025-03-29,Starbucks Store 0032,28.86,Debit,Food,Normal
2025-03-15,Local Diner,21.43,Debit,Food,Normal
2025-03-27,LOCAL GROCERY MART,143.75,Debit,Groceries,Normal
2025-02-16,COSTCO WHOLESALE,149.67,Debit,Groceries,Normal
2025-01-15,STEAM PURCHASE,50.03,Debit,Entertainment,Normal
2025-02-22,H&M STORE 42,86.29,Debit,Shopping,Normal
2025-02-25,SHELL STATION #221,55.36,Debit,Transport,Normal
2025-02-14,TARGET T-2812,74.34,Debit,Shopping,Normal
2025-03-09,APPLE STORE #R1234,230.1,Debit,Shopping,Normal
2025-02-26,GAS COMPANY,147.72,Debit,Utilities,Normal
2025-03-06,COSTCO WHOLESALE,144.72,Debit,Groceries,Normal
2025-01-06,ELECTRIC BILL,51.37,Debit,Utilities,Normal
2025-02-05,STEAM PURCHASE,53.13,Debit,Entertainment,Normal
2025-01-22,METRO TICKET,33.25,Debit,Transport,Normal
2025-01-24,KFC Outlet 22,23.12,Debit,Food,Normal
2025-03-15,PAYPAL *SPOTIFY,59.72,Debit,Entertainment,Normal
2025-02-27,ELECTRIC BILL,103.48,Debit,Utilities,Normal
2025-02-16,H&M STORE 42,104.17,Debit,Shopping,Normal
2025-02-19,Local Diner,37.43,Debit,Food,Normal
2025-03-26,McDonalds #8492,32.06,Debit,Food,Normal
2025-02-02,WM SUPERCENTER #382,83.79,Debit,Groceries,Normal
2025-02-09,TARGET T-2812,33.32,Debit,Shopping,Normal
2025-02-14,SHELL STATION #221,54.54,Debit,Transport,Normal
2025-02-02,LYFT RIDE PGH,17.02,Debit,Transport,Normal
2025-02-07,McDonalds #8492,19.15,Debit,Food,Normal
2025-03-17,PAYPAL *SPOTIFY,38.61,Debit,Entertainment,Normal
2025-03-27,H&M STORE 42,69.27,Debit,Shopping,Normal
2025-01-12,KFC Outlet 22,8.38,Debit,Food,Normal
2025-03-28,ZARA MALL 09,154.45,Debit,Shopping,Normal
2025-03-31,LYFT RIDE PGH,37.73,Debit,Transport,Normal
2025-02-27,AMAZON MKTP US*2R9,187.17,Debit,Shopping,Normal
2025-02-13,COSTCO WHOLESALE,87.03,Debit,Groceries,Normal
2025-02-10,APPLE STORE #R9999,2500.0,Debit,Shopping,Anomaly
2025-01-24,PAYPAL *SPOTIFY,20.6,Debit,Entertainment,Normal
2025-02-13,COSTCO WHOLESALE,145.69,Debit,Groceries,Normal
2025-03-02,UBER TRIP 284922 CA,37.33,Debit,Transport,Normal
2025-03-26,WATER BILL,168.34,Debit,Utilities,Normal
2025-02-26,Netflix.com,66.36,Debit,Entertainment,Normal
2025-02-14,APPLE STORE #R1234,111.93,Debit,Shopping,Normal
2025-03-16,WM SUPERCENTER #382,81.22,Debit,Groceries,Normal
2025-01-29,LYFT RIDE PGH,46.3,Debit,Transport,Normal
2025-02-06,H&M STORE 42,247.49,Debit,Shopping,Normal
2025-03-11,LOCAL GROCERY MART,101.46,Debit,Groceries,Normal
2025-02-08,ELECTRIC BILL,179.15,Debit,Utilities,Normal
2025-01-21,SPAR HYPERMARKET,25.41,Debit,Groceries,Normal
2025-03-13,ELECTRIC BILL,84.68,Debit,Utilities,Normal
2025-02-19,UBER TRIP 284922 CA,27.5,Debit,Transport,Normal
2025-02-25,H&M STORE 42,190.96,Debit,Shopping,Normal
2025-03-06,SHELL STATION #221,51.33,Debit,Transport,Normal
2025-01-10,McDonalds #8492,24.1,Debit,Food,Normal
2025-03-13,INTERNET CHARGES,133.8,Debit,Utilities,Normal
2025-03-25,Dominos Pizza,13.13,Debit,Food,Normal
2025-03-15,TARGET T-2812,205.66,Debit,Shopping,Normal
2025-03-24,McDonalds #8492,22.44,Debit,Food,Normal
2025-03-15,TARGET T-2812,182.05,Debit,Shopping,Normal
2025-01-01,INTERNET CHARGES,160.18,Debit,Utilities,Normal
2025-02-06,AMAZON MKTP US*2R9,168.27,Debit,Shopping,Normal
2025-02-06,COSTCO WHOLESALE,34.23,Debit,Groceries,Normal
2025-03-28,GAS COMPANY,95.53,Debit,Utilities,Normal
2025-02-18,PAYPAL *SPOTIFY,9.99,Debit,Entertainment,Recurring
2025-03-03,SPAR HYPERMARKET,121.15,Debit,Groceries,Normal
2025-03-01,INTERNET CHARGES,141.26,Debit,Utilities,Normal
2025-01-08,PAYPAL *SPOTIFY,39.65,Debit,Entertainment,Normal
2025-03-02,COSTCO WHOLESALE,82.1,Debit,Groceries,Normal
2025-01-05,METRO TICKET,48.97,Debit,Transport,Normal
2025-03-03,COSTCO WHOLESALE,119.49,Debit,Groceries,Normal
2025-03-09,INTERNET CHARGES,99.57,Debit,Utilities,Normal
2025-01-10,METRO TICKET,16.98,Debit,Transport,Normal
2025-01-13,UBER TRIP 284922 CA,23.09,Debit,Transport,Normal
2025-03-10,METRO TICKET,15.29,Debit,Transport,Normal
2025-03-30,H&M STORE 42,66.04,Debit,Shopping,Normal
2025-01-13,COSTCO WHOLESALE,25.65,Debit,Groceries,Normal
2025-02-22,UBER TRIP 284922 CA,24.55,Debit,Transport,Normal
2025-01-30,Starbucks Store 0032,33.18,Debit,Food,Normal
2025-01-27,WATER BILL,153.83,Debit,Utilities,Normal
2025-02-11,Local Diner,15.73,Debit,Food,Normal
2025-01-03,SHELL STATION #221,15.92,Debit,Transport,Normal
2025-01-26,H&M STORE 42,216.27,Debit,Shopping,Normal
2025-02-04,LOCAL GROCERY MART,56.43,Debit,Groceries,Normal
2025-01-08,INTERNET CHARGES,111.03,Debit,Utilities,Normal
2025-03-30,SHELL STATION #221,50.07,Debit,Transport,Normal
2025-01-21,YELLOW CAB CO,56.61,Debit,Transport,Normal
2025-03-26,METRO TICKET,19.66,Debit,Transport,Normal
2025-02-17,CINEMA CITY,12.36,Debit,Entertainment,Normal
2025-03-30,Netflix.com,72.27,Debit,Entertainment,Normal
2025-03-27,COSTCO WHOLESALE,58.35,Debit,Groceries,Normal
2025-02-28,INTERNET CHARGES,52.34,Debit,Utilities,Normal
2025-01-12,KFC Outlet 22,34.03,Debit,Food,Normal
2025-03-11,YELLOW CAB CO,24.7,Debit,Transport,Normal
2025-02-25,ELECTRIC BILL,151.03,Debit,Utilities,Normal
2025-02-06,YELLOW CAB CO,44.56,Debit,Transport,Normal
2025-01-31,Local Diner,17.68,Debit,Food,Normal
2025-03-19,INTERNET CHARGES,105.1,Debit,Utilities,Normal
2025-02-04,COSTCO WHOLESALE,110.58,Debit,Groceries,Normal
2025-03-28,McDonalds #8492,19.13,Debit,Food,Normal
2025-02-12,ELECTRIC BILL,56.15,Debit,Utilities,Normal
2025-02-18,WATER BILL,109.67,Debit,Utilities,Normal
2025-02-23,SHELL STATION #221,31.77,Debit,Transport,Normal
2025-02-14,LOCAL GROCERY MART,127.57,Debit,Groceries,Normal
